customer_id,first_name,last_name,city,state,signup_date,email
1,Aditya,Patel,Jaipur,Rajasthan,2022-04-24,aditya.patel.1@example.com
2,Arjun,Gupta,Ahmedabad,Gujarat,2024-09-14,arjun.gupta.2@example.com
3,Aditya,Nair,Jaipur,Rajasthan,2024-04-15,aditya.nair.3@example.com
4,Tara,Nair,New Delhi,Delhi,2023-07-07,tara.nair.4@example.com
5,Riya,Kapoor,Jaipur,Rajasthan,2024-12-31,riya.kapoor.5@example.com
6,Kavya,Mishra,Bengaluru,Karnataka,2022-04-20,kavya.mishra.6@example.com
7,Priya,Joshi,Coimbatore,Tamil Nadu,2024-06-08,priya.joshi.7@example.com
8,Kabir,Sharma,Pune,Maharashtra,2022-05-01,kabir.sharma.8@example.com
9,Diya,Nair,New Delhi,Delhi,2023-11-03,diya.nair.9@example.com
10,Kavya,Gupta,Coimbatore,Tamil Nadu,2024-07-27,kavya.gupta.10@example.com
11,Kavya,Mehta,Mysuru,Karnataka,2024-07-04,kavya.mehta.11@example.com
12,Ira,Gupta,Ahmedabad,Gujarat,2024-09-30,ira.gupta.12@example.com
13,Kavya,Verma,Bengaluru,Karnataka,2023-10-17,kavya.verma.13@example.com
14,Kabir,Patel,Bengaluru,Karnataka,2022-06-13,kabir.patel.14@example.com
15,Ananya,Iyer,Nagpur,Maharashtra,2024-12-07,ananya.iyer.15@example.com
16,Kavya,Reddy,Chennai,Tamil Nadu,2023-07-29,kavya.reddy.16@example.com
17,Ishaan,Iyer,Bengaluru,Karnataka,2023-10-01,ishaan.iyer.17@example.com
18,Nisha,Nair,Chennai,Tamil Nadu,2023-04-19,nisha.nair.18@example.com
19,Diya,Reddy,Bengaluru,Karnataka,2022-08-21,diya.reddy.19@example.com
20,Rahul,Patel,Surat,Gujarat,2025-03-28,rahul.patel.20@example.com
21,Rohan,Joshi,Noida,Uttar Pradesh,2024-09-24,rohan.joshi.21@example.com
22,Meera,Das,New Delhi,Delhi,2024-04-01,meera.das.22@example.com
23,Diya,Gupta,Kolkata,West Bengal,2023-05-29,diya.gupta.23@example.com
24,Ishaan,Mishra,Jaipur,Rajasthan,2024-11-15,ishaan.mishra.24@example.com
25,Priya,Gupta,Lucknow,Uttar Pradesh,2023-11-27,priya.gupta.25@example.com
26,Aarav,Mishra,Kolkata,West Bengal,2023-07-20,aarav.mishra.26@example.com
27,Vihaan,Patel,Lucknow,Uttar Pradesh,2023-07-29,vihaan.patel.27@example.com
28,Tara,Nair,Lucknow,Uttar Pradesh,2022-04-28,tara.nair.28@example.com
29,Sara,Sharma,Jaipur,Rajasthan,2023-12-09,sara.sharma.29@example.com
30,Ira,Reddy,New Delhi,Delhi,2025-02-06,ira.reddy.30@example.com
31,Aarav,Verma,Warangal,Telangana,2022-03-23,aarav.verma.31@example.com
32,Aanya,Patel,Hyderabad,Telangana,2024-12-31,aanya.patel.32@example.com
33,Ananya,Verma,New Delhi,Delhi,2024-11-22,ananya.verma.33@example.com
34,Aanya,Gupta,New Delhi,Delhi,2022-12-20,aanya.gupta.34@example.com
35,Aarav,Patel,Coimbatore,Tamil Nadu,2022-07-30,aarav.patel.35@example.com
36,Aanya,Kapoor,Kolkata,West Bengal,2024-08-25,aanya.kapoor.36@example.com
37,Aanya,Kapoor,New Delhi,Delhi,2024-06-12,aanya.kapoor.37@example.com
38,Rahul,Kapoor,Jaipur,Rajasthan,2023-03-29,rahul.kapoor.38@example.com
39,Vihaan,Reddy,Nizamabad,Telangana,2022-03-28,vihaan.reddy.39@example.com
40,Tara,Singh,Bengaluru,Karnataka,2025-05-23,tara.singh.40@example.com
41,Priya,Mehta,Jaipur,Rajasthan,2023-07-23,priya.mehta.41@example.com
42,Meera,Mehta,Jaipur,Rajasthan,2025-02-13,meera.mehta.42@example.com
43,Nisha,Verma,Lucknow,Uttar Pradesh,2024-05-15,nisha.verma.43@example.com
44,Sara,Iyer,Jaipur,Rajasthan,2024-09-20,sara.iyer.44@example.com
45,Aditya,Iyer,Lucknow,Uttar Pradesh,2024-08-27,aditya.iyer.45@example.com
46,Diya,Mehta,Mysuru,Karnataka,2022-09-06,diya.mehta.46@example.com
47,Riya,Kapoor,Chennai,Tamil Nadu,2023-04-10,riya.kapoor.47@example.com
48,Rahul,Kapoor,Bengaluru,Karnataka,2023-08-19,rahul.kapoor.48@example.com
49,Tara,Mehta,Kolkata,West Bengal,2023-09-28,tara.mehta.49@example.com
50,Vihaan,Gupta,Lucknow,Uttar Pradesh,2022-02-25,vihaan.gupta.50@example.com
51,Kabir,Iyer,Chennai,Tamil Nadu,2023-11-29,kabir.iyer.51@example.com
52,Ishaan,Singh,Kolkata,West Bengal,2022-07-16,ishaan.singh.52@example.com
53,Meera,Kapoor,Bengaluru,Karnataka,2024-08-06,meera.kapoor.53@example.com
54,Arjun,Verma,Nagpur,Maharashtra,2024-05-21,arjun.verma.54@example.com
55,Rohan,Sharma,Mumbai,Maharashtra,2025-03-23,rohan.sharma.55@example.com
56,Sara,Patel,Hyderabad,Telangana,2024-08-08,sara.patel.56@example.com
57,Rahul,Patel,Lucknow,Uttar Pradesh,2023-04-13,rahul.patel.57@example.com
58,Riya,Singh,Coimbatore,Tamil Nadu,2025-05-19,riya.singh.58@example.com
59,Riya,Mehta,Jaipur,Rajasthan,2023-06-09,riya.mehta.59@example.com
60,Kabir,Joshi,Ahmedabad,Gujarat,2023-02-20,kabir.joshi.60@example.com
61,Aanya,Mishra,Mumbai,Maharashtra,2025-03-01,aanya.mishra.61@example.com
62,Kabir,Reddy,Mumbai,Maharashtra,2023-04-18,kabir.reddy.62@example.com
63,Kabir,Kapoor,Jaipur,Rajasthan,2022-04-08,kabir.kapoor.63@example.com
64,Sara,Rao,Mysuru,Karnataka,2023-08-23,sara.rao.64@example.com
65,Rahul,Mehta,Noida,Uttar Pradesh,2024-10-12,rahul.mehta.65@example.com
66,Aditya,Verma,Nagpur,Maharashtra,2022-08-30,aditya.verma.66@example.com
67,Rahul,Verma,Surat,Gujarat,2023-08-14,rahul.verma.67@example.com
68,Neha,Reddy,Jaipur,Rajasthan,2022-06-15,neha.reddy.68@example.com
69,Rahul,Mishra,Mysuru,Karnataka,2024-05-25,rahul.mishra.69@example.com
70,Ishaan,Sharma,Bengaluru,Karnataka,2023-08-30,ishaan.sharma.70@example.com
71,Meera,Patel,Lucknow,Uttar Pradesh,2023-02-26,meera.patel.71@example.com
72,Aditya,Mehta,Bengaluru,Karnataka,2022-10-17,aditya.mehta.72@example.com
73,Rahul,Reddy,Coimbatore,Tamil Nadu,2023-12-22,rahul.reddy.73@example.com
74,Arjun,Sharma,Coimbatore,Tamil Nadu,2024-05-04,arjun.sharma.74@example.com
75,Neha,Singh,Mysuru,Karnataka,2025-04-14,neha.singh.75@example.com
76,Neha,Singh,Surat,Gujarat,2023-07-12,neha.singh.76@example.com
77,Nisha,Patel,Ahmedabad,Gujarat,2022-07-25,nisha.patel.77@example.com
78,Rohan,Joshi,Chennai,Tamil Nadu,2024-11-28,rohan.joshi.78@example.com
79,Meera,Mishra,Jaipur,Rajasthan,2024-03-14,meera.mishra.79@example.com
80,Sara,Khan,Mumbai,Maharashtra,2024-06-12,sara.khan.80@example.com
81,Riya,Iyer,Nizamabad,Telangana,2022-05-05,riya.iyer.81@example.com
82,Arjun,Kapoor,Kolkata,West Bengal,2023-02-03,arjun.kapoor.82@example.com
83,Priya,Singh,Noida,Uttar Pradesh,2024-09-06,priya.singh.83@example.com
84,Arjun,Verma,Hyderabad,Telangana,2024-11-27,arjun.verma.84@example.com
85,Aanya,Sharma,Mumbai,Maharashtra,2023-07-10,aanya.sharma.85@example.com
86,Riya,Khan,New Delhi,Delhi,2024-10-23,riya.khan.86@example.com
87,Vihaan,Patel,Jaipur,Rajasthan,2024-12-09,vihaan.patel.87@example.com
88,Aditya,Nair,Warangal,Telangana,2023-05-10,aditya.nair.88@example.com
89,Kavya,Das,Coimbatore,Tamil Nadu,2025-02-19,kavya.das.89@example.com
90,Aarav,Gupta,Surat,Gujarat,2023-01-03,aarav.gupta.90@example.com
91,Sara,Nair,Coimbatore,Tamil Nadu,2022-11-02,sara.nair.91@example.com
92,Ira,Mehta,Mumbai,Maharashtra,2024-05-20,ira.mehta.92@example.com
93,Kabir,Singh,Mumbai,Maharashtra,2024-03-23,kabir.singh.93@example.com
94,Riya,Iyer,Coimbatore,Tamil Nadu,2022-06-28,riya.iyer.94@example.com
95,Kavya,Gupta,New Delhi,Delhi,2024-11-28,kavya.gupta.95@example.com
96,Kabir,Das,Jaipur,Rajasthan,2022-09-13,kabir.das.96@example.com
97,Aarav,Singh,Kolkata,West Bengal,2024-10-24,aarav.singh.97@example.com
98,Aditya,Verma,Surat,Gujarat,2022-01-10,aditya.verma.98@example.com
99,Aditya,Joshi,Noida,Uttar Pradesh,2024-10-13,aditya.joshi.99@example.com
100,Tara,Gupta,Coimbatore,Tamil Nadu,2024-10-01,tara.gupta.100@example.com
101,Aanya,Verma,Coimbatore,Tamil Nadu,2024-09-22,aanya.verma.101@example.com
102,Sara,Kapoor,Lucknow,Uttar Pradesh,2024-04-28,sara.kapoor.102@example.com
103,Rohan,Singh,Bengaluru,Karnataka,2023-08-25,rohan.singh.103@example.com
104,Riya,Patel,Surat,Gujarat,2024-06-18,riya.patel.104@example.com
105,Priya,Mehta,Surat,Gujarat,2022-12-20,priya.mehta.105@example.com
106,Nisha,Kapoor,Hyderabad,Telangana,2024-09-23,nisha.kapoor.106@example.com
107,Diya,Das,New Delhi,Delhi,2023-12-11,diya.das.107@example.com
108,Sara,Joshi,Nagpur,Maharashtra,2023-08-09,sara.joshi.108@example.com
109,Ira,Gupta,Pune,Maharashtra,2023-10-08,ira.gupta.109@example.com
110,Ishaan,Joshi,New Delhi,Delhi,2023-12-27,ishaan.joshi.110@example.com
111,Aanya,Singh,Bengaluru,Karnataka,2022-02-17,aanya.singh.111@example.com
112,Kabir,Das,Jaipur,Rajasthan,2022-06-28,kabir.das.112@example.com
113,Tara,Mishra,Noida,Uttar Pradesh,2022-11-10,tara.mishra.113@example.com
114,Priya,Gupta,Jaipur,Rajasthan,2022-05-27,priya.gupta.114@example.com
115,Priya,Kapoor,Mysuru,Karnataka,2023-07-15,priya.kapoor.115@example.com
116,Priya,Nair,Bengaluru,Karnataka,2024-05-02,priya.nair.116@example.com
117,Ananya,Khan,Bengaluru,Karnataka,2024-04-15,ananya.khan.117@example.com
118,Tara,Das,Nagpur,Maharashtra,2023-08-25,tara.das.118@example.com
119,Rohan,Reddy,Noida,Uttar Pradesh,2024-12-27,rohan.reddy.119@example.com
120,Aanya,Das,Chennai,Tamil Nadu,2023-12-23,aanya.das.120@example.com
121,Vihaan,Gupta,Mysuru,Karnataka,2022-04-12,vihaan.gupta.121@example.com
122,Rahul,Mehta,Jaipur,Rajasthan,2024-09-03,rahul.mehta.122@example.com
123,Aanya,Patel,Chennai,Tamil Nadu,2024-01-04,aanya.patel.123@example.com
124,Diya,Reddy,Warangal,Telangana,2024-03-20,diya.reddy.124@example.com
125,Neha,Kapoor,Mumbai,Maharashtra,2023-12-23,neha.kapoor.125@example.com
126,Meera,Mehta,Kolkata,West Bengal,2022-04-26,meera.mehta.126@example.com
127,Ananya,Singh,Jaipur,Rajasthan,2023-12-15,ananya.singh.127@example.com
128,Ananya,Iyer,Nagpur,Maharashtra,2024-10-11,ananya.iyer.128@example.com
129,Meera,Khan,Noida,Uttar Pradesh,2023-01-23,meera.khan.129@example.com
130,Nisha,Rao,Jaipur,Rajasthan,2024-02-09,nisha.rao.130@example.com
131,Rahul,Rao,Jaipur,Rajasthan,2022-02-09,rahul.rao.131@example.com
132,Aanya,Joshi,Mysuru,Karnataka,2023-07-12,aanya.joshi.132@example.com
133,Aanya,Iyer,Nizamabad,Telangana,2025-06-07,aanya.iyer.133@example.com
134,Aarav,Das,Jaipur,Rajasthan,2022-10-01,aarav.das.134@example.com
135,Neha,Mishra,Mysuru,Karnataka,2022-12-19,neha.mishra.135@example.com
136,Aanya,Khan,Kolkata,West Bengal,2023-06-06,aanya.khan.136@example.com
137,Rohan,Sharma,Surat,Gujarat,2025-06-20,rohan.sharma.137@example.com
138,Meera,Gupta,Nagpur,Maharashtra,2024-12-24,meera.gupta.138@example.com
139,Sara,Nair,Jaipur,Rajasthan,2022-02-14,sara.nair.139@example.com
140,Neha,Iyer,Noida,Uttar Pradesh,2022-10-26,neha.iyer.140@example.com
141,Aarav,Mehta,Surat,Gujarat,2024-11-14,aarav.mehta.141@example.com
142,Ananya,Singh,Coimbatore,Tamil Nadu,2022-03-16,ananya.singh.142@example.com
143,Arjun,Patel,Jaipur,Rajasthan,2024-12-27,arjun.patel.143@example.com
144,Aanya,Gupta,New Delhi,Delhi,2022-12-26,aanya.gupta.144@example.com
145,Ira,Das,Surat,Gujarat,2025-03-16,ira.das.145@example.com
146,Diya,Sharma,Jaipur,Rajasthan,2023-01-10,diya.sharma.146@example.com
147,Tara,Joshi,Surat,Gujarat,2023-07-09,tara.joshi.147@example.com
148,Ira,Singh,Bengaluru,Karnataka,2024-04-24,ira.singh.148@example.com
149,Ananya,Joshi,Pune,Maharashtra,2022-06-11,ananya.joshi.149@example.com
150,Vihaan,Gupta,Bengaluru,Karnataka,2023-12-12,vihaan.gupta.150@example.com
151,Rahul,Joshi,New Delhi,Delhi,2023-10-07,rahul.joshi.151@example.com
152,Riya,Rao,New Delhi,Delhi,2024-09-27,riya.rao.152@example.com
153,Diya,Joshi,Kolkata,West Bengal,2025-06-25,diya.joshi.153@example.com
154,Neha,Sharma,Coimbatore,Tamil Nadu,2024-04-27,neha.sharma.154@example.com
155,Ira,Das,Jaipur,Rajasthan,2023-06-07,ira.das.155@example.com
156,Ira,Mehta,Lucknow,Uttar Pradesh,2023-06-03,ira.mehta.156@example.com
157,Ananya,Singh,Mysuru,Karnataka,2023-06-18,ananya.singh.157@example.com
158,Aanya,Sharma,Ahmedabad,Gujarat,2024-11-04,aanya.sharma.158@example.com
159,Vihaan,Kapoor,Surat,Gujarat,2023-02-14,vihaan.kapoor.159@example.com
160,Vihaan,Nair,New Delhi,Delhi,2022-08-02,vihaan.nair.160@example.com
161,Diya,Kapoor,Nagpur,Maharashtra,2023-03-03,diya.kapoor.161@example.com
162,Aanya,Rao,Jaipur,Rajasthan,2022-01-29,aanya.rao.162@example.com
163,Aanya,Reddy,Lucknow,Uttar Pradesh,2022-05-16,aanya.reddy.163@example.com
164,Ananya,Singh,Surat,Gujarat,2022-04-25,ananya.singh.164@example.com
165,Rahul,Verma,Lucknow,Uttar Pradesh,2024-07-10,rahul.verma.165@example.com
166,Priya,Reddy,Noida,Uttar Pradesh,2024-06-08,priya.reddy.166@example.com
167,Meera,Mishra,Coimbatore,Tamil Nadu,2023-08-13,meera.mishra.167@example.com
168,Aarav,Kapoor,Kolkata,West Bengal,2024-07-03,aarav.kapoor.168@example.com
169,Diya,Rao,New Delhi,Delhi,2022-07-25,diya.rao.169@example.com
170,Priya,Rao,Lucknow,Uttar Pradesh,2025-02-23,priya.rao.170@example.com
171,Nisha,Khan,Hyderabad,Telangana,2023-10-02,nisha.khan.171@example.com
172,Rahul,Khan,Chennai,Tamil Nadu,2025-04-11,rahul.khan.172@example.com
173,Neha,Sharma,Jaipur,Rajasthan,2022-07-14,neha.sharma.173@example.com
174,Sara,Iyer,Bengaluru,Karnataka,2023-09-27,sara.iyer.174@example.com
175,Ananya,Das,Jaipur,Rajasthan,2024-06-07,ananya.das.175@example.com
176,Meera,Joshi,Chennai,Tamil Nadu,2023-09-25,meera.joshi.176@example.com
177,Riya,Rao,Noida,Uttar Pradesh,2023-07-24,riya.rao.177@example.com
178,Rohan,Mishra,Jaipur,Rajasthan,2022-08-01,rohan.mishra.178@example.com
179,Arjun,Rao,Mysuru,Karnataka,2023-05-02,arjun.rao.179@example.com
180,Ananya,Singh,Ahmedabad,Gujarat,2022-11-01,ananya.singh.180@example.com
181,Vihaan,Verma,Chennai,Tamil Nadu,2023-01-20,vihaan.verma.181@example.com
182,Kavya,Khan,Kolkata,West Bengal,2024-05-22,kavya.khan.182@example.com
183,Tara,Mishra,Kolkata,West Bengal,2024-03-15,tara.mishra.183@example.com
184,Meera,Gupta,Jaipur,Rajasthan,2024-02-14,meera.gupta.184@example.com
185,Tara,Mehta,Hyderabad,Telangana,2023-04-07,tara.mehta.185@example.com
186,Vihaan,Nair,Nagpur,Maharashtra,2025-05-09,vihaan.nair.186@example.com
187,Meera,Das,Ahmedabad,Gujarat,2022-04-22,meera.das.187@example.com
188,Ananya,Singh,Kolkata,West Bengal,2023-03-14,ananya.singh.188@example.com
189,Rahul,Nair,New Delhi,Delhi,2022-05-31,rahul.nair.189@example.com
190,Kabir,Sharma,Hyderabad,Telangana,2023-03-09,kabir.sharma.190@example.com
191,Ira,Mehta,Chennai,Tamil Nadu,2025-05-12,ira.mehta.191@example.com
192,Meera,Kapoor,Jaipur,Rajasthan,2023-04-13,meera.kapoor.192@example.com
193,Arjun,Rao,Warangal,Telangana,2025-03-05,arjun.rao.193@example.com
194,Meera,Mishra,Coimbatore,Tamil Nadu,2023-09-24,meera.mishra.194@example.com
195,Neha,Gupta,Lucknow,Uttar Pradesh,2024-06-11,neha.gupta.195@example.com
196,Aarav,Mehta,Nizamabad,Telangana,2023-08-07,aarav.mehta.196@example.com
197,Riya,Kapoor,Surat,Gujarat,2022-12-06,riya.kapoor.197@example.com
198,Meera,Kapoor,Mysuru,Karnataka,2024-09-02,meera.kapoor.198@example.com
199,Kabir,Mishra,Jaipur,Rajasthan,2025-05-21,kabir.mishra.199@example.com
200,Priya,Mehta,Ahmedabad,Gujarat,2022-12-03,priya.mehta.200@example.com
201,Meera,Joshi,Jaipur,Rajasthan,2024-09-20,meera.joshi.201@example.com
202,Nisha,Verma,Pune,Maharashtra,2024-07-03,nisha.verma.202@example.com
203,Vihaan,Joshi,New Delhi,Delhi,2024-10-03,vihaan.joshi.203@example.com
204,Vihaan,Joshi,Jaipur,Rajasthan,2023-07-28,vihaan.joshi.204@example.com
205,Meera,Verma,Bengaluru,Karnataka,2024-07-29,meera.verma.205@example.com
206,Kabir,Mehta,Mysuru,Karnataka,2022-12-14,kabir.mehta.206@example.com
207,Rohan,Kapoor,Nizamabad,Telangana,2022-04-12,rohan.kapoor.207@example.com
208,Ananya,Verma,Lucknow,Uttar Pradesh,2022-05-03,ananya.verma.208@example.com
209,Priya,Verma,Surat,Gujarat,2023-07-25,priya.verma.209@example.com
210,Arjun,Nair,Kolkata,West Bengal,2025-02-25,arjun.nair.210@example.com
211,Tara,Kapoor,Surat,Gujarat,2022-06-12,tara.kapoor.211@example.com
212,Ananya,Patel,New Delhi,Delhi,2023-08-05,ananya.patel.212@example.com
213,Arjun,Kapoor,New Delhi,Delhi,2024-06-17,arjun.kapoor.213@example.com
214,Vihaan,Verma,New Delhi,Delhi,2022-09-16,vihaan.verma.214@example.com
215,Riya,Sharma,Kolkata,West Bengal,2024-07-09,riya.sharma.215@example.com
216,Aditya,Mehta,Nagpur,Maharashtra,2023-01-26,aditya.mehta.216@example.com
217,Ananya,Verma,Jaipur,Rajasthan,2024-10-28,ananya.verma.217@example.com
218,Sara,Khan,Jaipur,Rajasthan,2024-01-10,sara.khan.218@example.com
219,Ira,Rao,Chennai,Tamil Nadu,2023-11-29,ira.rao.219@example.com
220,Rahul,Reddy,Kolkata,West Bengal,2022-08-14,rahul.reddy.220@example.com
221,Aditya,Iyer,Nagpur,Maharashtra,2023-08-15,aditya.iyer.221@example.com
222,Priya,Gupta,Lucknow,Uttar Pradesh,2024-12-29,priya.gupta.222@example.com
223,Diya,Mehta,Lucknow,Uttar Pradesh,2022-01-25,diya.mehta.223@example.com
224,Aarav,Khan,Noida,Uttar Pradesh,2024-08-25,aarav.khan.224@example.com
225,Arjun,Joshi,Bengaluru,Karnataka,2023-09-21,arjun.joshi.225@example.com
226,Aanya,Reddy,Nagpur,Maharashtra,2024-07-07,aanya.reddy.226@example.com
227,Arjun,Nair,Pune,Maharashtra,2024-04-26,arjun.nair.227@example.com
228,Ishaan,Verma,Hyderabad,Telangana,2023-07-06,ishaan.verma.228@example.com
229,Aditya,Singh,Mumbai,Maharashtra,2023-01-29,aditya.singh.229@example.com
230,Nisha,Khan,Nizamabad,Telangana,2024-03-11,nisha.khan.230@example.com
231,Meera,Gupta,Noida,Uttar Pradesh,2022-06-28,meera.gupta.231@example.com
232,Nisha,Das,Warangal,Telangana,2024-01-16,nisha.das.232@example.com
233,Vihaan,Verma,Nagpur,Maharashtra,2022-05-01,vihaan.verma.233@example.com
234,Ishaan,Patel,Jaipur,Rajasthan,2024-04-09,ishaan.patel.234@example.com
235,Rahul,Das,Kolkata,West Bengal,2024-03-13,rahul.das.235@example.com
236,Meera,Joshi,Ahmedabad,Gujarat,2022-04-18,meera.joshi.236@example.com
237,Kavya,Rao,Kolkata,West Bengal,2024-08-24,kavya.rao.237@example.com
238,Rohan,Khan,Jaipur,Rajasthan,2023-06-15,rohan.khan.238@example.com
239,Nisha,Reddy,Kolkata,West Bengal,2024-10-01,nisha.reddy.239@example.com
240,Aanya,Singh,New Delhi,Delhi,2022-02-23,aanya.singh.240@example.com
241,Kavya,Singh,Surat,Gujarat,2022-08-17,kavya.singh.241@example.com
242,Vihaan,Das,New Delhi,Delhi,2023-09-23,vihaan.das.242@example.com
243,Tara,Singh,Chennai,Tamil Nadu,2022-08-29,tara.singh.243@example.com
244,Ananya,Khan,New Delhi,Delhi,2023-02-25,ananya.khan.244@example.com
245,Rahul,Mehta,Pune,Maharashtra,2024-04-22,rahul.mehta.245@example.com
246,Arjun,Nair,Jaipur,Rajasthan,2022-07-04,arjun.nair.246@example.com
247,Tara,Gupta,Bengaluru,Karnataka,2024-05-14,tara.gupta.247@example.com
248,Riya,Rao,Pune,Maharashtra,2022-05-12,riya.rao.248@example.com
249,Aditya,Patel,Mysuru,Karnataka,2022-08-12,aditya.patel.249@example.com
250,Ananya,Das,Jaipur,Rajasthan,2024-01-20,ananya.das.250@example.com
251,Priya,Sharma,Mysuru,Karnataka,2024-10-09,priya.sharma.251@example.com
252,Aanya,Kapoor,Ahmedabad,Gujarat,2022-08-06,aanya.kapoor.252@example.com
253,Arjun,Joshi,Jaipur,Rajasthan,2023-01-18,arjun.joshi.253@example.com
254,Ishaan,Rao,Warangal,Telangana,2025-03-26,ishaan.rao.254@example.com
255,Ishaan,Mishra,Surat,Gujarat,2025-06-16,ishaan.mishra.255@example.com
256,Rahul,Joshi,Bengaluru,Karnataka,2024-01-12,rahul.joshi.256@example.com
257,Tara,Reddy,Mumbai,Maharashtra,2023-07-25,tara.reddy.257@example.com
258,Rohan,Das,Surat,Gujarat,2023-03-19,rohan.das.258@example.com
259,Priya,Singh,Noida,Uttar Pradesh,2024-02-21,priya.singh.259@example.com
260,Neha,Joshi,Mysuru,Karnataka,2024-01-25,neha.joshi.260@example.com
261,Nisha,Joshi,Kolkata,West Bengal,2023-01-12,nisha.joshi.261@example.com
262,Nisha,Kapoor,Mysuru,Karnataka,2022-01-30,nisha.kapoor.262@example.com
263,Arjun,Verma,New Delhi,Delhi,2022-07-13,arjun.verma.263@example.com
264,Aditya,Reddy,Kolkata,West Bengal,2025-05-08,aditya.reddy.264@example.com
265,Nisha,Patel,Kolkata,West Bengal,2023-06-18,nisha.patel.265@example.com
266,Priya,Reddy,Kolkata,West Bengal,2023-09-08,priya.reddy.266@example.com
267,Priya,Kapoor,Nagpur,Maharashtra,2023-08-20,priya.kapoor.267@example.com
268,Ananya,Rao,Surat,Gujarat,2024-09-25,ananya.rao.268@example.com
269,Ira,Singh,Surat,Gujarat,2022-03-24,ira.singh.269@example.com
270,Aarav,Verma,Ahmedabad,Gujarat,2022-04-16,aarav.verma.270@example.com
271,Rahul,Reddy,Warangal,Telangana,2022-12-18,rahul.reddy.271@example.com
272,Ira,Rao,New Delhi,Delhi,2023-09-13,ira.rao.272@example.com
273,Aditya,Verma,Coimbatore,Tamil Nadu,2024-05-06,aditya.verma.273@example.com
274,Aditya,Das,Hyderabad,Telangana,2023-09-19,aditya.das.274@example.com
275,Aarav,Sharma,Mysuru,Karnataka,2023-07-17,aarav.sharma.275@example.com
276,Rohan,Mishra,Coimbatore,Tamil Nadu,2025-04-11,rohan.mishra.276@example.com
277,Tara,Sharma,Ahmedabad,Gujarat,2022-07-25,tara.sharma.277@example.com
278,Sara,Verma,Bengaluru,Karnataka,2023-12-31,sara.verma.278@example.com
279,Neha,Singh,Jaipur,Rajasthan,2023-11-23,neha.singh.279@example.com
280,Rahul,Khan,New Delhi,Delhi,2023-08-28,rahul.khan.280@example.com
281,Aanya,Nair,Ahmedabad,Gujarat,2024-10-27,aanya.nair.281@example.com
282,Riya,Reddy,New Delhi,Delhi,2022-12-07,riya.reddy.282@example.com
283,Ishaan,Iyer,New Delhi,Delhi,2025-05-02,ishaan.iyer.283@example.com
284,Sara,Rao,Kolkata,West Bengal,2023-02-28,sara.rao.284@example.com
285,Sara,Verma,Lucknow,Uttar Pradesh,2023-11-27,sara.verma.285@example.com
286,Kavya,Sharma,New Delhi,Delhi,2023-10-27,kavya.sharma.286@example.com
287,Tara,Reddy,New Delhi,Delhi,2024-12-20,tara.reddy.287@example.com
288,Meera,Iyer,Kolkata,West Bengal,2023-07-15,meera.iyer.288@example.com
289,Aanya,Gupta,Ahmedabad,Gujarat,2022-12-30,aanya.gupta.289@example.com
290,Riya,Rao,Warangal,Telangana,2022-01-28,riya.rao.290@example.com
291,Sara,Reddy,New Delhi,Delhi,2023-04-10,sara.reddy.291@example.com
292,Ishaan,Das,New Delhi,Delhi,2024-11-20,ishaan.das.292@example.com
293,Meera,Reddy,Lucknow,Uttar Pradesh,2022-01-13,meera.reddy.293@example.com
294,Ira,Nair,New Delhi,Delhi,2025-02-17,ira.nair.294@example.com
295,Rohan,Joshi,New Delhi,Delhi,2023-11-24,rohan.joshi.295@example.com
296,Ira,Singh,Lucknow,Uttar Pradesh,2022-06-28,ira.singh.296@example.com
297,Meera,Reddy,New Delhi,Delhi,2023-01-21,meera.reddy.297@example.com
298,Neha,Sharma,Pune,Maharashtra,2023-12-08,neha.sharma.298@example.com
299,Aanya,Singh,Pune,Maharashtra,2023-02-07,aanya.singh.299@example.com
300,Arjun,Patel,Hyderabad,Telangana,2022-05-19,arjun.patel.300@example.com
301,Tara,Mishra,Warangal,Telangana,2024-04-29,tara.mishra.301@example.com
302,Aanya,Kapoor,Chennai,Tamil Nadu,2024-05-07,aanya.kapoor.302@example.com
303,Rahul,Kapoor,Surat,Gujarat,2022-06-01,rahul.kapoor.303@example.com
304,Nisha,Mishra,Surat,Gujarat,2022-12-25,nisha.mishra.304@example.com
305,Ishaan,Rao,Nizamabad,Telangana,2022-11-08,ishaan.rao.305@example.com
306,Ishaan,Mehta,Kolkata,West Bengal,2024-04-21,ishaan.mehta.306@example.com
307,Kavya,Verma,Mumbai,Maharashtra,2024-07-20,kavya.verma.307@example.com
308,Riya,Gupta,Noida,Uttar Pradesh,2024-07-16,riya.gupta.308@example.com
309,Ira,Joshi,Pune,Maharashtra,2025-04-12,ira.joshi.309@example.com
310,Ishaan,Verma,Kolkata,West Bengal,2024-09-07,ishaan.verma.310@example.com
311,Riya,Singh,Bengaluru,Karnataka,2023-02-14,riya.singh.311@example.com
312,Arjun,Khan,Kolkata,West Bengal,2022-05-18,arjun.khan.312@example.com
313,Priya,Singh,Coimbatore,Tamil Nadu,2024-02-24,priya.singh.313@example.com
314,Aanya,Singh,Ahmedabad,Gujarat,2025-03-14,aanya.singh.314@example.com
315,Riya,Gupta,Bengaluru,Karnataka,2025-05-29,riya.gupta.315@example.com
316,Ananya,Patel,Noida,Uttar Pradesh,2022-10-21,ananya.patel.316@example.com
317,Kavya,Sharma,New Delhi,Delhi,2022-10-29,kavya.sharma.317@example.com
318,Aarav,Verma,Ahmedabad,Gujarat,2022-02-17,aarav.verma.318@example.com
319,Nisha,Kapoor,Jaipur,Rajasthan,2022-06-30,nisha.kapoor.319@example.com
320,Vihaan,Gupta,Noida,Uttar Pradesh,2023-12-09,vihaan.gupta.320@example.com
321,Meera,Nair,Bengaluru,Karnataka,2023-11-29,meera.nair.321@example.com
322,Arjun,Mehta,Bengaluru,Karnataka,2023-04-19,arjun.mehta.322@example.com
323,Tara,Mehta,Bengaluru,Karnataka,2023-01-31,tara.mehta.323@example.com
324,Nisha,Reddy,Bengaluru,Karnataka,2024-11-24,nisha.reddy.324@example.com
325,Aditya,Rao,Kolkata,West Bengal,2023-08-11,aditya.rao.325@example.com
326,Riya,Nair,Lucknow,Uttar Pradesh,2024-10-28,riya.nair.326@example.com
327,Rahul,Singh,Lucknow,Uttar Pradesh,2023-02-09,rahul.singh.327@example.com
328,Ira,Iyer,New Delhi,Delhi,2022-09-16,ira.iyer.328@example.com
329,Vihaan,Iyer,Kolkata,West Bengal,2025-04-30,vihaan.iyer.329@example.com
330,Aditya,Mehta,Jaipur,Rajasthan,2024-03-21,aditya.mehta.330@example.com
331,Rohan,Khan,Lucknow,Uttar Pradesh,2023-01-07,rohan.khan.331@example.com
332,Ira,Rao,Pune,Maharashtra,2024-03-04,ira.rao.332@example.com
333,Ira,Sharma,New Delhi,Delhi,2023-10-20,ira.sharma.333@example.com
334,Riya,Iyer,Jaipur,Rajasthan,2025-03-01,riya.iyer.334@example.com
335,Arjun,Singh,Bengaluru,Karnataka,2022-11-23,arjun.singh.335@example.com
336,Priya,Das,Coimbatore,Tamil Nadu,2025-06-19,priya.das.336@example.com
337,Aarav,Mehta,Noida,Uttar Pradesh,2025-04-09,aarav.mehta.337@example.com
338,Rahul,Kapoor,Noida,Uttar Pradesh,2022-08-19,rahul.kapoor.338@example.com
339,Arjun,Nair,Noida,Uttar Pradesh,2022-07-30,arjun.nair.339@example.com
340,Aditya,Patel,Jaipur,Rajasthan,2023-11-12,aditya.patel.340@example.com
341,Aanya,Verma,Bengaluru,Karnataka,2022-02-27,aanya.verma.341@example.com
342,Neha,Mishra,Bengaluru,Karnataka,2023-01-17,neha.mishra.342@example.com
343,Sara,Gupta,New Delhi,Delhi,2023-07-10,sara.gupta.343@example.com
344,Riya,Khan,Kolkata,West Bengal,2025-05-21,riya.khan.344@example.com
345,Aanya,Das,New Delhi,Delhi,2025-06-20,aanya.das.345@example.com
346,Vihaan,Khan,Kolkata,West Bengal,2022-07-13,vihaan.khan.346@example.com
347,Kabir,Patel,Coimbatore,Tamil Nadu,2025-02-11,kabir.patel.347@example.com
348,Kavya,Singh,Ahmedabad,Gujarat,2022-04-27,kavya.singh.348@example.com
349,Aarav,Singh,Coimbatore,Tamil Nadu,2024-08-13,aarav.singh.349@example.com
350,Vihaan,Singh,Bengaluru,Karnataka,2024-12-15,vihaan.singh.350@example.com
351,Kavya,Mishra,Mumbai,Maharashtra,2025-02-10,kavya.mishra.351@example.com
352,Vihaan,Sharma,Nagpur,Maharashtra,2022-10-13,vihaan.sharma.352@example.com
353,Tara,Rao,Jaipur,Rajasthan,2025-02-14,tara.rao.353@example.com
354,Nisha,Kapoor,New Delhi,Delhi,2022-05-28,nisha.kapoor.354@example.com
355,Sara,Mishra,Mysuru,Karnataka,2023-10-25,sara.mishra.355@example.com
356,Ira,Nair,Surat,Gujarat,2023-08-23,ira.nair.356@example.com
357,Vihaan,Kapoor,New Delhi,Delhi,2023-02-08,vihaan.kapoor.357@example.com
358,Ananya,Verma,Warangal,Telangana,2022-01-29,ananya.verma.358@example.com
359,Kavya,Nair,Bengaluru,Karnataka,2024-09-12,kavya.nair.359@example.com
360,Neha,Rao,Nagpur,Maharashtra,2023-03-05,neha.rao.360@example.com
361,Ananya,Sharma,Kolkata,West Bengal,2024-04-24,ananya.sharma.361@example.com
362,Kavya,Sharma,Bengaluru,Karnataka,2023-06-08,kavya.sharma.362@example.com
363,Nisha,Mishra,Warangal,Telangana,2023-04-22,nisha.mishra.363@example.com
364,Vihaan,Reddy,Warangal,Telangana,2025-02-04,vihaan.reddy.364@example.com
365,Meera,Singh,Kolkata,West Bengal,2022-05-01,meera.singh.365@example.com
366,Meera,Nair,Nizamabad,Telangana,2024-07-28,meera.nair.366@example.com
367,Ira,Rao,Jaipur,Rajasthan,2024-08-10,ira.rao.367@example.com
368,Nisha,Iyer,Nagpur,Maharashtra,2023-04-30,nisha.iyer.368@example.com
369,Riya,Kapoor,Kolkata,West Bengal,2022-01-07,riya.kapoor.369@example.com
370,Aanya,Das,New Delhi,Delhi,2025-04-10,aanya.das.370@example.com
371,Kabir,Kapoor,Chennai,Tamil Nadu,2025-04-24,kabir.kapoor.371@example.com
372,Tara,Nair,Nizamabad,Telangana,2022-11-04,tara.nair.372@example.com
373,Tara,Kapoor,Jaipur,Rajasthan,2022-02-10,tara.kapoor.373@example.com
374,Sara,Nair,Lucknow,Uttar Pradesh,2022-06-06,sara.nair.374@example.com
375,Meera,Rao,Hyderabad,Telangana,2022-03-28,meera.rao.375@example.com
376,Aditya,Joshi,Nagpur,Maharashtra,2024-11-26,aditya.joshi.376@example.com
377,Ananya,Mishra,Noida,Uttar Pradesh,2025-02-12,ananya.mishra.377@example.com
378,Arjun,Patel,New Delhi,Delhi,2022-07-15,arjun.patel.378@example.com
379,Ira,Mishra,Pune,Maharashtra,2024-08-10,ira.mishra.379@example.com
380,Kavya,Khan,Mumbai,Maharashtra,2022-08-17,kavya.khan.380@example.com
381,Rohan,Mishra,Kolkata,West Bengal,2023-04-14,rohan.mishra.381@example.com
382,Tara,Khan,Ahmedabad,Gujarat,2024-02-04,tara.khan.382@example.com
383,Aditya,Mishra,Kolkata,West Bengal,2024-07-07,aditya.mishra.383@example.com
384,Vihaan,Mehta,Noida,Uttar Pradesh,2025-01-20,vihaan.mehta.384@example.com
385,Tara,Reddy,New Delhi,Delhi,2022-02-27,tara.reddy.385@example.com
386,Aditya,Reddy,Mysuru,Karnataka,2022-09-08,aditya.reddy.386@example.com
387,Priya,Gupta,New Delhi,Delhi,2022-12-24,priya.gupta.387@example.com
388,Nisha,Gupta,Coimbatore,Tamil Nadu,2023-01-31,nisha.gupta.388@example.com
389,Kabir,Verma,Bengaluru,Karnataka,2025-06-27,kabir.verma.389@example.com
390,Vihaan,Reddy,Warangal,Telangana,2024-09-18,vihaan.reddy.390@example.com
391,Kabir,Reddy,Chennai,Tamil Nadu,2023-02-13,kabir.reddy.391@example.com
392,Vihaan,Iyer,Ahmedabad,Gujarat,2025-05-25,vihaan.iyer.392@example.com
393,Sara,Das,Warangal,Telangana,2023-09-30,sara.das.393@example.com
394,Riya,Reddy,Coimbatore,Tamil Nadu,2023-10-01,riya.reddy.394@example.com
395,Tara,Iyer,Kolkata,West Bengal,2023-07-08,tara.iyer.395@example.com
396,Kavya,Nair,Kolkata,West Bengal,2022-07-03,kavya.nair.396@example.com
397,Nisha,Khan,Ahmedabad,Gujarat,2025-04-07,nisha.khan.397@example.com
398,Riya,Patel,Jaipur,Rajasthan,2022-01-18,riya.patel.398@example.com
399,Nisha,Das,Ahmedabad,Gujarat,2022-08-11,nisha.das.399@example.com
400,Sara,Sharma,Warangal,Telangana,2022-10-21,sara.sharma.400@example.com
401,Tara,Gupta,New Delhi,Delhi,2022-12-23,tara.gupta.401@example.com
402,Kabir,Mehta,Kolkata,West Bengal,2022-06-18,kabir.mehta.402@example.com
403,Ananya,Joshi,Mysuru,Karnataka,2022-01-23,ananya.joshi.403@example.com
404,Neha,Reddy,Nizamabad,Telangana,2024-05-14,neha.reddy.404@example.com
405,Kabir,Das,Bengaluru,Karnataka,2025-05-21,kabir.das.405@example.com
406,Rahul,Kapoor,New Delhi,Delhi,2023-01-14,rahul.kapoor.406@example.com
407,Arjun,Kapoor,Chennai,Tamil Nadu,2023-10-09,arjun.kapoor.407@example.com
408,Rahul,Mehta,Nagpur,Maharashtra,2025-03-29,rahul.mehta.408@example.com
409,Aanya,Patel,Jaipur,Rajasthan,2024-06-04,aanya.patel.409@example.com
410,Riya,Gupta,Noida,Uttar Pradesh,2024-09-04,riya.gupta.410@example.com
411,Aditya,Das,Mumbai,Maharashtra,2024-01-12,aditya.das.411@example.com
412,Sara,Reddy,Noida,Uttar Pradesh,2023-06-17,sara.reddy.412@example.com
413,Nisha,Nair,Hyderabad,Telangana,2022-09-12,nisha.nair.413@example.com
414,Riya,Singh,Lucknow,Uttar Pradesh,2025-01-07,riya.singh.414@example.com
415,Nisha,Das,Lucknow,Uttar Pradesh,2024-10-23,nisha.das.415@example.com
416,Arjun,Nair,Nizamabad,Telangana,2022-02-02,arjun.nair.416@example.com
417,Diya,Rao,Ahmedabad,Gujarat,2024-07-01,diya.rao.417@example.com
418,Tara,Das,Noida,Uttar Pradesh,2022-04-18,tara.das.418@example.com
419,Neha,Kapoor,Lucknow,Uttar Pradesh,2024-07-31,neha.kapoor.419@example.com
420,Meera,Singh,Lucknow,Uttar Pradesh,2024-11-19,meera.singh.420@example.com
421,Tara,Iyer,New Delhi,Delhi,2022-06-17,tara.iyer.421@example.com
422,Sara,Nair,Warangal,Telangana,2023-07-08,sara.nair.422@example.com
423,Vihaan,Joshi,Jaipur,Rajasthan,2022-06-07,vihaan.joshi.423@example.com
424,Neha,Iyer,Kolkata,West Bengal,2023-12-25,neha.iyer.424@example.com
425,Arjun,Singh,Kolkata,West Bengal,2022-04-14,arjun.singh.425@example.com
426,Ishaan,Joshi,Coimbatore,Tamil Nadu,2023-05-23,ishaan.joshi.426@example.com
427,Rohan,Kapoor,Kolkata,West Bengal,2025-05-26,rohan.kapoor.427@example.com
428,Priya,Rao,Mumbai,Maharashtra,2023-01-20,priya.rao.428@example.com
429,Aarav,Patel,Ahmedabad,Gujarat,2022-06-18,aarav.patel.429@example.com
430,Meera,Mehta,Hyderabad,Telangana,2023-09-16,meera.mehta.430@example.com
431,Riya,Verma,Ahmedabad,Gujarat,2023-10-11,riya.verma.431@example.com
432,Nisha,Khan,Jaipur,Rajasthan,2024-04-25,nisha.khan.432@example.com
433,Kabir,Khan,New Delhi,Delhi,2023-02-05,kabir.khan.433@example.com
434,Riya,Joshi,New Delhi,Delhi,2025-05-04,riya.joshi.434@example.com
435,Ishaan,Sharma,Bengaluru,Karnataka,2023-10-27,ishaan.sharma.435@example.com
436,Sara,Verma,Noida,Uttar Pradesh,2023-01-01,sara.verma.436@example.com
437,Ira,Khan,Ahmedabad,Gujarat,2025-05-10,ira.khan.437@example.com
438,Vihaan,Kapoor,Coimbatore,Tamil Nadu,2025-03-26,vihaan.kapoor.438@example.com
439,Aarav,Reddy,Nagpur,Maharashtra,2023-09-29,aarav.reddy.439@example.com
440,Arjun,Mishra,Nagpur,Maharashtra,2022-02-01,arjun.mishra.440@example.com
441,Neha,Sharma,New Delhi,Delhi,2024-02-01,neha.sharma.441@example.com
442,Tara,Reddy,Noida,Uttar Pradesh,2023-12-10,tara.reddy.442@example.com
443,Ananya,Joshi,Surat,Gujarat,2022-07-09,ananya.joshi.443@example.com
444,Tara,Das,Mumbai,Maharashtra,2024-03-19,tara.das.444@example.com
445,Aarav,Kapoor,Jaipur,Rajasthan,2024-12-08,aarav.kapoor.445@example.com
446,Tara,Nair,Chennai,Tamil Nadu,2022-05-16,tara.nair.446@example.com
447,Rohan,Nair,Jaipur,Rajasthan,2024-07-11,rohan.nair.447@example.com
448,Aarav,Rao,Mysuru,Karnataka,2022-06-29,aarav.rao.448@example.com
449,Nisha,Iyer,Kolkata,West Bengal,2024-08-13,nisha.iyer.449@example.com
450,Ishaan,Iyer,Lucknow,Uttar Pradesh,2023-06-19,ishaan.iyer.450@example.com
451,Rahul,Mehta,Mysuru,Karnataka,2022-01-09,rahul.mehta.451@example.com
452,Nisha,Joshi,Surat,Gujarat,2025-05-17,nisha.joshi.452@example.com
453,Kabir,Singh,Noida,Uttar Pradesh,2022-07-31,kabir.singh.453@example.com
454,Nisha,Nair,Mumbai,Maharashtra,2024-01-31,nisha.nair.454@example.com
455,Arjun,Khan,Warangal,Telangana,2022-08-20,arjun.khan.455@example.com
456,Vihaan,Rao,Ahmedabad,Gujarat,2025-04-05,vihaan.rao.456@example.com
457,Kabir,Nair,Chennai,Tamil Nadu,2024-07-31,kabir.nair.457@example.com
458,Meera,Sharma,Hyderabad,Telangana,2024-10-23,meera.sharma.458@example.com
459,Rohan,Mehta,New Delhi,Delhi,2023-07-06,rohan.mehta.459@example.com
460,Aditya,Verma,Ahmedabad,Gujarat,2023-08-20,aditya.verma.460@example.com
461,Priya,Singh,Bengaluru,Karnataka,2024-03-20,priya.singh.461@example.com
462,Diya,Mishra,Coimbatore,Tamil Nadu,2024-09-28,diya.mishra.462@example.com
463,Ananya,Mishra,Jaipur,Rajasthan,2022-01-23,ananya.mishra.463@example.com
464,Rohan,Khan,New Delhi,Delhi,2024-04-26,rohan.khan.464@example.com
465,Aarav,Singh,Jaipur,Rajasthan,2022-05-20,aarav.singh.465@example.com
466,Vihaan,Sharma,New Delhi,Delhi,2023-01-03,vihaan.sharma.466@example.com
467,Sara,Das,Noida,Uttar Pradesh,2024-11-24,sara.das.467@example.com
468,Vihaan,Mishra,Kolkata,West Bengal,2022-11-16,vihaan.mishra.468@example.com
469,Rohan,Iyer,Nagpur,Maharashtra,2024-10-13,rohan.iyer.469@example.com
470,Neha,Joshi,Jaipur,Rajasthan,2023-08-14,neha.joshi.470@example.com
471,Kabir,Mishra,New Delhi,Delhi,2022-10-24,kabir.mishra.471@example.com
472,Priya,Rao,Mumbai,Maharashtra,2023-03-03,priya.rao.472@example.com
473,Kabir,Gupta,Pune,Maharashtra,2023-11-09,kabir.gupta.473@example.com
474,Neha,Sharma,Surat,Gujarat,2024-09-03,neha.sharma.474@example.com
475,Kavya,Das,Hyderabad,Telangana,2024-02-13,kavya.das.475@example.com
476,Diya,Rao,Bengaluru,Karnataka,2025-04-05,diya.rao.476@example.com
477,Sara,Reddy,Nagpur,Maharashtra,2025-01-12,sara.reddy.477@example.com
478,Ananya,Sharma,Coimbatore,Tamil Nadu,2024-08-19,ananya.sharma.478@example.com
479,Neha,Kapoor,Coimbatore,Tamil Nadu,2024-02-09,neha.kapoor.479@example.com
480,Ishaan,Mehta,New Delhi,Delhi,2023-01-05,ishaan.mehta.480@example.com
481,Kavya,Mehta,Bengaluru,Karnataka,2023-06-11,kavya.mehta.481@example.com
482,Meera,Nair,Warangal,Telangana,2022-06-01,meera.nair.482@example.com
483,Meera,Singh,Kolkata,West Bengal,2023-04-23,meera.singh.483@example.com
484,Ishaan,Mishra,Chennai,Tamil Nadu,2025-03-28,ishaan.mishra.484@example.com
485,Kavya,Khan,Kolkata,West Bengal,2023-06-28,kavya.khan.485@example.com
486,Priya,Singh,Nizamabad,Telangana,2022-05-26,priya.singh.486@example.com
487,Kavya,Gupta,Warangal,Telangana,2024-04-11,kavya.gupta.487@example.com
488,Kavya,Joshi,Bengaluru,Karnataka,2025-05-13,kavya.joshi.488@example.com
489,Arjun,Rao,New Delhi,Delhi,2025-01-11,arjun.rao.489@example.com
490,Riya,Mishra,Chennai,Tamil Nadu,2022-12-16,riya.mishra.490@example.com
491,Kavya,Singh,Jaipur,Rajasthan,2023-08-03,kavya.singh.491@example.com
492,Rohan,Sharma,Chennai,Tamil Nadu,2023-11-09,rohan.sharma.492@example.com
493,Tara,Mishra,New Delhi,Delhi,2022-11-13,tara.mishra.493@example.com
494,Ira,Gupta,Kolkata,West Bengal,2022-12-09,ira.gupta.494@example.com
495,Kabir,Joshi,Hyderabad,Telangana,2022-10-29,kabir.joshi.495@example.com
496,Rohan,Khan,New Delhi,Delhi,2025-06-23,rohan.khan.496@example.com
497,Ishaan,Gupta,Coimbatore,Tamil Nadu,2024-08-09,ishaan.gupta.497@example.com
498,Aarav,Das,Coimbatore,Tamil Nadu,2024-11-07,aarav.das.498@example.com
499,Sara,Patel,Nizamabad,Telangana,2025-05-08,sara.patel.499@example.com
500,Priya,Singh,Jaipur,Rajasthan,2022-05-15,priya.singh.500@example.com
501,Sara,Singh,Lucknow,Uttar Pradesh,2025-01-29,sara.singh.501@example.com
502,Ira,Nair,Nizamabad,Telangana,2022-03-26,ira.nair.502@example.com
503,Ishaan,Rao,Kolkata,West Bengal,2023-08-30,ishaan.rao.503@example.com
504,Priya,Nair,Surat,Gujarat,2024-01-29,priya.nair.504@example.com
505,Riya,Iyer,Bengaluru,Karnataka,2023-04-02,riya.iyer.505@example.com
506,Vihaan,Das,Jaipur,Rajasthan,2022-07-06,vihaan.das.506@example.com
507,Ishaan,Reddy,Kolkata,West Bengal,2022-09-03,ishaan.reddy.507@example.com
508,Tara,Khan,Noida,Uttar Pradesh,2024-11-18,tara.khan.508@example.com
509,Riya,Sharma,Lucknow,Uttar Pradesh,2023-02-11,riya.sharma.509@example.com
510,Tara,Patel,Nizamabad,Telangana,2023-01-31,tara.patel.510@example.com
511,Arjun,Khan,New Delhi,Delhi,2025-03-24,arjun.khan.511@example.com
512,Diya,Reddy,New Delhi,Delhi,2022-07-03,diya.reddy.512@example.com
513,Aditya,Das,Pune,Maharashtra,2025-03-13,aditya.das.513@example.com
514,Riya,Patel,Chennai,Tamil Nadu,2025-03-21,riya.patel.514@example.com
515,Ira,Reddy,Lucknow,Uttar Pradesh,2024-02-03,ira.reddy.515@example.com
516,Rohan,Mishra,Nizamabad,Telangana,2022-07-31,rohan.mishra.516@example.com
517,Vihaan,Reddy,New Delhi,Delhi,2022-07-18,vihaan.reddy.517@example.com
518,Priya,Mishra,Jaipur,Rajasthan,2022-12-30,priya.mishra.518@example.com
519,Kavya,Singh,Bengaluru,Karnataka,2024-01-07,kavya.singh.519@example.com
520,Riya,Das,New Delhi,Delhi,2022-07-16,riya.das.520@example.com
521,Tara,Kapoor,Noida,Uttar Pradesh,2023-08-05,tara.kapoor.521@example.com
522,Kavya,Patel,New Delhi,Delhi,2022-05-28,kavya.patel.522@example.com
523,Nisha,Mehta,Mumbai,Maharashtra,2023-11-21,nisha.mehta.523@example.com
524,Kavya,Rao,Warangal,Telangana,2022-01-27,kavya.rao.524@example.com
525,Tara,Joshi,Lucknow,Uttar Pradesh,2024-06-23,tara.joshi.525@example.com
526,Diya,Reddy,Bengaluru,Karnataka,2022-03-12,diya.reddy.526@example.com
527,Nisha,Reddy,New Delhi,Delhi,2022-09-06,nisha.reddy.527@example.com
528,Kavya,Singh,Hyderabad,Telangana,2022-08-11,kavya.singh.528@example.com
529,Aditya,Gupta,Chennai,Tamil Nadu,2024-11-26,aditya.gupta.529@example.com
530,Sara,Mehta,Lucknow,Uttar Pradesh,2022-03-10,sara.mehta.530@example.com
531,Kabir,Patel,New Delhi,Delhi,2023-07-02,kabir.patel.531@example.com
532,Aditya,Joshi,Lucknow,Uttar Pradesh,2024-01-25,aditya.joshi.532@example.com
533,Arjun,Das,Mysuru,Karnataka,2023-10-21,arjun.das.533@example.com
534,Aditya,Reddy,New Delhi,Delhi,2024-05-18,aditya.reddy.534@example.com
535,Riya,Rao,Jaipur,Rajasthan,2024-10-21,riya.rao.535@example.com
536,Nisha,Nair,New Delhi,Delhi,2023-05-18,nisha.nair.536@example.com
537,Aditya,Nair,Bengaluru,Karnataka,2024-11-22,aditya.nair.537@example.com
538,Meera,Kapoor,Jaipur,Rajasthan,2023-02-10,meera.kapoor.538@example.com
539,Sara,Nair,Chennai,Tamil Nadu,2025-06-10,sara.nair.539@example.com
540,Ira,Khan,New Delhi,Delhi,2023-10-06,ira.khan.540@example.com
541,Meera,Sharma,Lucknow,Uttar Pradesh,2024-07-28,meera.sharma.541@example.com
542,Neha,Patel,Pune,Maharashtra,2025-01-21,neha.patel.542@example.com
543,Ira,Nair,Bengaluru,Karnataka,2024-10-08,ira.nair.543@example.com
544,Sara,Mishra,Nizamabad,Telangana,2024-12-22,sara.mishra.544@example.com
545,Aanya,Singh,Chennai,Tamil Nadu,2023-11-16,aanya.singh.545@example.com
546,Ishaan,Nair,Pune,Maharashtra,2022-02-25,ishaan.nair.546@example.com
547,Riya,Gupta,Ahmedabad,Gujarat,2023-09-22,riya.gupta.547@example.com
548,Ananya,Verma,Mumbai,Maharashtra,2022-08-20,ananya.verma.548@example.com
549,Nisha,Das,Surat,Gujarat,2025-02-08,nisha.das.549@example.com
550,Meera,Nair,Bengaluru,Karnataka,2022-10-30,meera.nair.550@example.com
551,Sara,Patel,Chennai,Tamil Nadu,2022-10-19,sara.patel.551@example.com
552,Nisha,Mishra,Coimbatore,Tamil Nadu,2022-11-15,nisha.mishra.552@example.com
553,Priya,Mishra,Ahmedabad,Gujarat,2024-03-30,priya.mishra.553@example.com
554,Aanya,Iyer,New Delhi,Delhi,2023-12-30,aanya.iyer.554@example.com
555,Meera,Singh,Coimbatore,Tamil Nadu,2025-04-25,meera.singh.555@example.com
556,Ira,Iyer,Jaipur,Rajasthan,2023-06-16,ira.iyer.556@example.com
557,Kabir,Joshi,Kolkata,West Bengal,2022-12-27,kabir.joshi.557@example.com
558,Priya,Verma,Pune,Maharashtra,2022-03-04,priya.verma.558@example.com
559,Riya,Sharma,Lucknow,Uttar Pradesh,2022-01-10,riya.sharma.559@example.com
560,Priya,Patel,Chennai,Tamil Nadu,2023-04-22,priya.patel.560@example.com
561,Nisha,Joshi,Warangal,Telangana,2025-03-27,nisha.joshi.561@example.com
562,Kavya,Das,New Delhi,Delhi,2023-10-31,kavya.das.562@example.com
563,Ishaan,Das,Mumbai,Maharashtra,2025-02-14,ishaan.das.563@example.com
564,Vihaan,Patel,Mysuru,Karnataka,2022-05-10,vihaan.patel.564@example.com
565,Kabir,Reddy,Surat,Gujarat,2022-04-30,kabir.reddy.565@example.com
566,Nisha,Singh,Mumbai,Maharashtra,2024-11-29,nisha.singh.566@example.com
567,Kavya,Gupta,Jaipur,Rajasthan,2022-05-17,kavya.gupta.567@example.com
568,Ira,Singh,Noida,Uttar Pradesh,2022-03-08,ira.singh.568@example.com
569,Nisha,Rao,Kolkata,West Bengal,2023-05-31,nisha.rao.569@example.com
570,Vihaan,Mehta,Surat,Gujarat,2025-03-26,vihaan.mehta.570@example.com
571,Meera,Patel,Surat,Gujarat,2024-05-29,meera.patel.571@example.com
572,Sara,Verma,Lucknow,Uttar Pradesh,2022-05-07,sara.verma.572@example.com
573,Ira,Khan,Coimbatore,Tamil Nadu,2024-12-04,ira.khan.573@example.com
574,Priya,Nair,Pune,Maharashtra,2024-12-12,priya.nair.574@example.com
575,Diya,Mehta,New Delhi,Delhi,2024-10-18,diya.mehta.575@example.com
576,Ira,Mehta,New Delhi,Delhi,2025-02-25,ira.mehta.576@example.com
577,Meera,Rao,Nagpur,Maharashtra,2022-11-03,meera.rao.577@example.com
578,Nisha,Reddy,Kolkata,West Bengal,2025-06-03,nisha.reddy.578@example.com
579,Rohan,Joshi,Nizamabad,Telangana,2023-02-14,rohan.joshi.579@example.com
580,Kabir,Mishra,Lucknow,Uttar Pradesh,2024-10-20,kabir.mishra.580@example.com
581,Ananya,Sharma,Bengaluru,Karnataka,2024-01-10,ananya.sharma.581@example.com
582,Rohan,Kapoor,Hyderabad,Telangana,2024-09-21,rohan.kapoor.582@example.com
583,Kabir,Sharma,Warangal,Telangana,2024-03-12,kabir.sharma.583@example.com
584,Ishaan,Verma,Mysuru,Karnataka,2024-03-30,ishaan.verma.584@example.com
585,Kabir,Khan,Bengaluru,Karnataka,2024-02-26,kabir.khan.585@example.com
586,Ananya,Mehta,Hyderabad,Telangana,2024-09-20,ananya.mehta.586@example.com
587,Ira,Gupta,Bengaluru,Karnataka,2024-08-01,ira.gupta.587@example.com
588,Sara,Sharma,Pune,Maharashtra,2022-06-21,sara.sharma.588@example.com
589,Kabir,Khan,Coimbatore,Tamil Nadu,2024-11-20,kabir.khan.589@example.com
590,Kavya,Sharma,Chennai,Tamil Nadu,2023-11-16,kavya.sharma.590@example.com
591,Diya,Iyer,Chennai,Tamil Nadu,2023-02-17,diya.iyer.591@example.com
592,Priya,Singh,Mysuru,Karnataka,2023-10-19,priya.singh.592@example.com
593,Aditya,Kapoor,Hyderabad,Telangana,2025-05-18,aditya.kapoor.593@example.com
594,Arjun,Mishra,Nizamabad,Telangana,2024-12-30,arjun.mishra.594@example.com
595,Diya,Joshi,Nagpur,Maharashtra,2024-11-29,diya.joshi.595@example.com
596,Ishaan,Khan,Ahmedabad,Gujarat,2023-08-14,ishaan.khan.596@example.com
597,Diya,Rao,Noida,Uttar Pradesh,2024-09-27,diya.rao.597@example.com
598,Arjun,Singh,Noida,Uttar Pradesh,2023-05-07,arjun.singh.598@example.com
599,Diya,Reddy,New Delhi,Delhi,2024-05-25,diya.reddy.599@example.com
600,Sara,Kapoor,New Delhi,Delhi,2024-03-27,sara.kapoor.600@example.com
601,Priya,Singh,Mysuru,Karnataka,2022-11-15,priya.singh.601@example.com
602,Rohan,Verma,Ahmedabad,Gujarat,2022-12-07,rohan.verma.602@example.com
603,Kabir,Reddy,Ahmedabad,Gujarat,2022-03-20,kabir.reddy.603@example.com
604,Ira,Mehta,Jaipur,Rajasthan,2022-06-28,ira.mehta.604@example.com
605,Ira,Nair,Lucknow,Uttar Pradesh,2023-07-08,ira.nair.605@example.com
606,Nisha,Verma,Chennai,Tamil Nadu,2023-09-02,nisha.verma.606@example.com
607,Ishaan,Rao,Ahmedabad,Gujarat,2022-07-30,ishaan.rao.607@example.com
608,Sara,Gupta,Jaipur,Rajasthan,2023-06-16,sara.gupta.608@example.com
609,Riya,Patel,Mysuru,Karnataka,2024-02-10,riya.patel.609@example.com
610,Rahul,Mishra,Noida,Uttar Pradesh,2022-10-24,rahul.mishra.610@example.com
611,Kavya,Verma,Hyderabad,Telangana,2023-03-08,kavya.verma.611@example.com
612,Kabir,Singh,Lucknow,Uttar Pradesh,2023-10-07,kabir.singh.612@example.com
613,Kabir,Mehta,Ahmedabad,Gujarat,2023-04-13,kabir.mehta.613@example.com
614,Sara,Nair,Warangal,Telangana,2024-07-29,sara.nair.614@example.com
615,Meera,Rao,Kolkata,West Bengal,2023-02-22,meera.rao.615@example.com
616,Ira,Singh,Nizamabad,Telangana,2023-07-08,ira.singh.616@example.com
617,Rohan,Mishra,Ahmedabad,Gujarat,2023-04-30,rohan.mishra.617@example.com
618,Vihaan,Mishra,Jaipur,Rajasthan,2022-08-22,vihaan.mishra.618@example.com
619,Neha,Reddy,Kolkata,West Bengal,2024-05-25,neha.reddy.619@example.com
620,Riya,Nair,Jaipur,Rajasthan,2022-10-28,riya.nair.620@example.com
621,Riya,Kapoor,Hyderabad,Telangana,2023-01-14,riya.kapoor.621@example.com
622,Ira,Iyer,Mysuru,Karnataka,2024-10-08,ira.iyer.622@example.com
623,Riya,Sharma,Chennai,Tamil Nadu,2025-04-25,riya.sharma.623@example.com
624,Diya,Patel,Hyderabad,Telangana,2024-05-05,diya.patel.624@example.com
625,Vihaan,Khan,New Delhi,Delhi,2025-03-15,vihaan.khan.625@example.com
626,Arjun,Mishra,Bengaluru,Karnataka,2024-12-25,arjun.mishra.626@example.com
627,Rahul,Patel,Coimbatore,Tamil Nadu,2023-09-06,rahul.patel.627@example.com
628,Ishaan,Rao,Chennai,Tamil Nadu,2024-09-09,ishaan.rao.628@example.com
629,Neha,Iyer,Jaipur,Rajasthan,2023-02-23,neha.iyer.629@example.com
630,Kabir,Mehta,Mysuru,Karnataka,2023-08-11,kabir.mehta.630@example.com
631,Meera,Nair,Noida,Uttar Pradesh,2025-05-10,meera.nair.631@example.com
632,Rahul,Mishra,Chennai,Tamil Nadu,2024-12-18,rahul.mishra.632@example.com
633,Meera,Gupta,Mysuru,Karnataka,2023-09-17,meera.gupta.633@example.com
634,Aanya,Sharma,New Delhi,Delhi,2024-04-12,aanya.sharma.634@example.com
635,Arjun,Singh,Coimbatore,Tamil Nadu,2022-09-16,arjun.singh.635@example.com
636,Diya,Mehta,Bengaluru,Karnataka,2024-10-23,diya.mehta.636@example.com
637,Aditya,Khan,New Delhi,Delhi,2023-12-07,aditya.khan.637@example.com
638,Riya,Rao,Nagpur,Maharashtra,2023-11-11,riya.rao.638@example.com
639,Priya,Sharma,Chennai,Tamil Nadu,2024-09-04,priya.sharma.639@example.com
640,Neha,Singh,Kolkata,West Bengal,2024-03-18,neha.singh.640@example.com
641,Riya,Das,Chennai,Tamil Nadu,2022-04-03,riya.das.641@example.com
642,Rohan,Iyer,Jaipur,Rajasthan,2023-01-03,rohan.iyer.642@example.com
643,Priya,Rao,Mysuru,Karnataka,2022-08-14,priya.rao.643@example.com
644,Aditya,Gupta,Lucknow,Uttar Pradesh,2024-07-26,aditya.gupta.644@example.com
645,Tara,Mehta,Jaipur,Rajasthan,2022-02-14,tara.mehta.645@example.com
646,Nisha,Patel,Lucknow,Uttar Pradesh,2022-09-16,nisha.patel.646@example.com
647,Sara,Patel,Jaipur,Rajasthan,2024-02-02,sara.patel.647@example.com
648,Tara,Sharma,Mumbai,Maharashtra,2024-06-05,tara.sharma.648@example.com
649,Kavya,Nair,New Delhi,Delhi,2023-10-05,kavya.nair.649@example.com
650,Riya,Reddy,Pune,Maharashtra,2025-01-03,riya.reddy.650@example.com
651,Aditya,Rao,Jaipur,Rajasthan,2025-03-18,aditya.rao.651@example.com
652,Aarav,Kapoor,Kolkata,West Bengal,2022-06-18,aarav.kapoor.652@example.com
653,Tara,Khan,Mysuru,Karnataka,2025-04-30,tara.khan.653@example.com
654,Rahul,Rao,Noida,Uttar Pradesh,2024-02-23,rahul.rao.654@example.com
655,Ananya,Patel,Mumbai,Maharashtra,2024-03-22,ananya.patel.655@example.com
656,Aarav,Iyer,Kolkata,West Bengal,2022-05-02,aarav.iyer.656@example.com
657,Meera,Mishra,Surat,Gujarat,2024-03-04,meera.mishra.657@example.com
658,Kavya,Singh,Warangal,Telangana,2024-07-15,kavya.singh.658@example.com
659,Kavya,Joshi,Kolkata,West Bengal,2024-01-12,kavya.joshi.659@example.com
660,Aanya,Khan,Jaipur,Rajasthan,2022-04-18,aanya.khan.660@example.com
661,Sara,Mehta,Warangal,Telangana,2023-10-30,sara.mehta.661@example.com
662,Ira,Reddy,New Delhi,Delhi,2025-04-09,ira.reddy.662@example.com
663,Ananya,Sharma,Mysuru,Karnataka,2024-07-12,ananya.sharma.663@example.com
664,Aanya,Mehta,Kolkata,West Bengal,2022-06-25,aanya.mehta.664@example.com
665,Neha,Mehta,Nagpur,Maharashtra,2025-05-09,neha.mehta.665@example.com
666,Rahul,Nair,Lucknow,Uttar Pradesh,2025-05-08,rahul.nair.666@example.com
667,Diya,Rao,Lucknow,Uttar Pradesh,2022-08-05,diya.rao.667@example.com
668,Meera,Iyer,Nagpur,Maharashtra,2024-10-18,meera.iyer.668@example.com
669,Aanya,Khan,Mysuru,Karnataka,2023-06-03,aanya.khan.669@example.com
670,Aarav,Das,Kolkata,West Bengal,2024-01-28,aarav.das.670@example.com
671,Rahul,Khan,Ahmedabad,Gujarat,2023-07-23,rahul.khan.671@example.com
672,Meera,Mishra,Coimbatore,Tamil Nadu,2024-09-25,meera.mishra.672@example.com
673,Sara,Singh,Nagpur,Maharashtra,2025-06-25,sara.singh.673@example.com
674,Priya,Joshi,Warangal,Telangana,2024-10-11,priya.joshi.674@example.com
675,Tara,Verma,Lucknow,Uttar Pradesh,2025-04-03,tara.verma.675@example.com
676,Sara,Reddy,New Delhi,Delhi,2025-04-22,sara.reddy.676@example.com
677,Aanya,Reddy,Jaipur,Rajasthan,2022-04-25,aanya.reddy.677@example.com
678,Kabir,Patel,New Delhi,Delhi,2022-11-20,kabir.patel.678@example.com
679,Ishaan,Kapoor,Noida,Uttar Pradesh,2024-07-10,ishaan.kapoor.679@example.com
680,Kavya,Reddy,Nizamabad,Telangana,2024-01-23,kavya.reddy.680@example.com
681,Diya,Joshi,Pune,Maharashtra,2022-03-05,diya.joshi.681@example.com
682,Priya,Das,Lucknow,Uttar Pradesh,2022-05-02,priya.das.682@example.com
683,Aditya,Verma,Lucknow,Uttar Pradesh,2023-10-27,aditya.verma.683@example.com
684,Aditya,Mishra,Mysuru,Karnataka,2024-02-26,aditya.mishra.684@example.com
685,Rohan,Mishra,Chennai,Tamil Nadu,2022-08-03,rohan.mishra.685@example.com
686,Arjun,Mishra,New Delhi,Delhi,2022-08-07,arjun.mishra.686@example.com
687,Meera,Iyer,Coimbatore,Tamil Nadu,2022-06-15,meera.iyer.687@example.com
688,Meera,Mehta,Pune,Maharashtra,2023-12-22,meera.mehta.688@example.com
689,Aanya,Sharma,Lucknow,Uttar Pradesh,2022-01-11,aanya.sharma.689@example.com
690,Rahul,Joshi,Mysuru,Karnataka,2024-01-01,rahul.joshi.690@example.com
691,Aanya,Mishra,Surat,Gujarat,2023-08-31,aanya.mishra.691@example.com
692,Aditya,Rao,Hyderabad,Telangana,2023-08-18,aditya.rao.692@example.com
693,Diya,Patel,Warangal,Telangana,2024-05-16,diya.patel.693@example.com
694,Arjun,Joshi,Kolkata,West Bengal,2023-10-29,arjun.joshi.694@example.com
695,Vihaan,Mehta,Coimbatore,Tamil Nadu,2024-07-17,vihaan.mehta.695@example.com
696,Arjun,Rao,Kolkata,West Bengal,2024-09-01,arjun.rao.696@example.com
697,Aditya,Nair,Hyderabad,Telangana,2025-03-20,aditya.nair.697@example.com
698,Diya,Reddy,Noida,Uttar Pradesh,2024-10-16,diya.reddy.698@example.com
699,Ira,Sharma,Ahmedabad,Gujarat,2023-10-23,ira.sharma.699@example.com
700,Meera,Patel,Jaipur,Rajasthan,2023-09-20,meera.patel.700@example.com
701,Ananya,Kapoor,Pune,Maharashtra,2022-10-28,ananya.kapoor.701@example.com
702,Arjun,Kapoor,Mysuru,Karnataka,2024-02-05,arjun.kapoor.702@example.com
703,Aarav,Verma,Chennai,Tamil Nadu,2022-06-27,aarav.verma.703@example.com
704,Priya,Verma,New Delhi,Delhi,2025-04-03,priya.verma.704@example.com
705,Tara,Verma,Bengaluru,Karnataka,2024-12-14,tara.verma.705@example.com
706,Rahul,Singh,Warangal,Telangana,2022-06-02,rahul.singh.706@example.com
707,Rohan,Rao,Coimbatore,Tamil Nadu,2024-09-29,rohan.rao.707@example.com
708,Kabir,Singh,Bengaluru,Karnataka,2022-05-30,kabir.singh.708@example.com
709,Rohan,Nair,Coimbatore,Tamil Nadu,2024-07-09,rohan.nair.709@example.com
710,Rohan,Singh,Mumbai,Maharashtra,2022-04-22,rohan.singh.710@example.com
711,Diya,Nair,Bengaluru,Karnataka,2023-09-15,diya.nair.711@example.com
712,Nisha,Kapoor,Kolkata,West Bengal,2024-04-19,nisha.kapoor.712@example.com
713,Priya,Gupta,Chennai,Tamil Nadu,2024-07-18,priya.gupta.713@example.com
714,Tara,Sharma,Chennai,Tamil Nadu,2023-06-19,tara.sharma.714@example.com
715,Ishaan,Iyer,New Delhi,Delhi,2025-03-21,ishaan.iyer.715@example.com
716,Diya,Patel,Ahmedabad,Gujarat,2024-09-15,diya.patel.716@example.com
717,Ishaan,Gupta,Coimbatore,Tamil Nadu,2022-09-23,ishaan.gupta.717@example.com
718,Aarav,Das,Kolkata,West Bengal,2024-05-06,aarav.das.718@example.com
719,Ishaan,Verma,Lucknow,Uttar Pradesh,2024-07-21,ishaan.verma.719@example.com
720,Rahul,Rao,New Delhi,Delhi,2023-03-02,rahul.rao.720@example.com
721,Diya,Das,Noida,Uttar Pradesh,2024-07-30,diya.das.721@example.com
722,Arjun,Patel,Jaipur,Rajasthan,2025-02-20,arjun.patel.722@example.com
723,Priya,Iyer,Warangal,Telangana,2024-11-08,priya.iyer.723@example.com
724,Kavya,Sharma,Coimbatore,Tamil Nadu,2024-08-30,kavya.sharma.724@example.com
725,Tara,Iyer,Ahmedabad,Gujarat,2024-03-20,tara.iyer.725@example.com
726,Vihaan,Gupta,Noida,Uttar Pradesh,2022-12-12,vihaan.gupta.726@example.com
727,Aditya,Mishra,New Delhi,Delhi,2024-10-11,aditya.mishra.727@example.com
728,Tara,Gupta,Nizamabad,Telangana,2023-04-10,tara.gupta.728@example.com
729,Kavya,Gupta,Kolkata,West Bengal,2023-11-11,kavya.gupta.729@example.com
730,Aanya,Sharma,Nagpur,Maharashtra,2023-02-06,aanya.sharma.730@example.com
731,Kabir,Patel,Surat,Gujarat,2023-02-04,kabir.patel.731@example.com
732,Ira,Gupta,New Delhi,Delhi,2022-07-21,ira.gupta.732@example.com
733,Ira,Gupta,Ahmedabad,Gujarat,2025-05-11,ira.gupta.733@example.com
734,Kavya,Das,Jaipur,Rajasthan,2022-07-08,kavya.das.734@example.com
735,Ira,Mishra,Kolkata,West Bengal,2022-04-21,ira.mishra.735@example.com
736,Aarav,Joshi,Kolkata,West Bengal,2025-04-09,aarav.joshi.736@example.com
737,Sara,Kapoor,Surat,Gujarat,2023-12-10,sara.kapoor.737@example.com
738,Nisha,Mishra,Jaipur,Rajasthan,2023-07-13,nisha.mishra.738@example.com
739,Rahul,Verma,Jaipur,Rajasthan,2024-07-30,rahul.verma.739@example.com
740,Aditya,Singh,Warangal,Telangana,2023-05-05,aditya.singh.740@example.com
741,Aditya,Nair,Kolkata,West Bengal,2022-06-13,aditya.nair.741@example.com
742,Kavya,Mehta,Nagpur,Maharashtra,2024-07-20,kavya.mehta.742@example.com
743,Ananya,Nair,Jaipur,Rajasthan,2022-08-13,ananya.nair.743@example.com
744,Ira,Kapoor,Kolkata,West Bengal,2023-12-07,ira.kapoor.744@example.com
745,Tara,Reddy,Coimbatore,Tamil Nadu,2025-04-26,tara.reddy.745@example.com
746,Vihaan,Das,Nagpur,Maharashtra,2025-04-09,vihaan.das.746@example.com
747,Rohan,Kapoor,Chennai,Tamil Nadu,2023-04-06,rohan.kapoor.747@example.com
748,Kavya,Rao,Ahmedabad,Gujarat,2024-09-22,kavya.rao.748@example.com
749,Ira,Singh,Nagpur,Maharashtra,2024-02-21,ira.singh.749@example.com
750,Aarav,Gupta,Nizamabad,Telangana,2023-09-04,aarav.gupta.750@example.com
751,Priya,Reddy,Jaipur,Rajasthan,2022-06-28,priya.reddy.751@example.com
752,Aditya,Mehta,Ahmedabad,Gujarat,2023-04-26,aditya.mehta.752@example.com
753,Nisha,Das,Mumbai,Maharashtra,2024-04-11,nisha.das.753@example.com
754,Nisha,Iyer,Bengaluru,Karnataka,2025-06-12,nisha.iyer.754@example.com
755,Kavya,Gupta,Noida,Uttar Pradesh,2022-01-07,kavya.gupta.755@example.com
756,Diya,Rao,Ahmedabad,Gujarat,2024-07-04,diya.rao.756@example.com
757,Rahul,Joshi,Kolkata,West Bengal,2024-12-15,rahul.joshi.757@example.com
758,Riya,Sharma,Bengaluru,Karnataka,2025-04-28,riya.sharma.758@example.com
759,Aanya,Sharma,Mysuru,Karnataka,2023-06-25,aanya.sharma.759@example.com
760,Meera,Kapoor,Hyderabad,Telangana,2022-06-01,meera.kapoor.760@example.com
761,Aditya,Das,Surat,Gujarat,2022-12-12,aditya.das.761@example.com
762,Meera,Rao,Hyderabad,Telangana,2024-12-21,meera.rao.762@example.com
763,Aanya,Mishra,Nizamabad,Telangana,2025-01-25,aanya.mishra.763@example.com
764,Rahul,Rao,Surat,Gujarat,2024-03-23,rahul.rao.764@example.com
765,Nisha,Iyer,Noida,Uttar Pradesh,2022-06-06,nisha.iyer.765@example.com
766,Aditya,Gupta,Ahmedabad,Gujarat,2022-06-05,aditya.gupta.766@example.com
767,Priya,Joshi,New Delhi,Delhi,2023-09-03,priya.joshi.767@example.com
768,Tara,Das,New Delhi,Delhi,2024-01-21,tara.das.768@example.com
769,Aanya,Mehta,Chennai,Tamil Nadu,2022-02-11,aanya.mehta.769@example.com
770,Aditya,Das,Bengaluru,Karnataka,2024-05-25,aditya.das.770@example.com
771,Aanya,Khan,New Delhi,Delhi,2023-11-26,aanya.khan.771@example.com
772,Ira,Patel,Coimbatore,Tamil Nadu,2022-01-16,ira.patel.772@example.com
773,Aanya,Reddy,Kolkata,West Bengal,2022-05-03,aanya.reddy.773@example.com
774,Rahul,Rao,Lucknow,Uttar Pradesh,2023-08-03,rahul.rao.774@example.com
775,Meera,Nair,Lucknow,Uttar Pradesh,2024-07-11,meera.nair.775@example.com
776,Rahul,Nair,Warangal,Telangana,2024-11-19,rahul.nair.776@example.com
777,Aanya,Singh,Coimbatore,Tamil Nadu,2023-07-05,aanya.singh.777@example.com
778,Aanya,Joshi,Nagpur,Maharashtra,2023-01-12,aanya.joshi.778@example.com
779,Meera,Verma,Coimbatore,Tamil Nadu,2025-05-20,meera.verma.779@example.com
780,Nisha,Gupta,Mysuru,Karnataka,2023-08-09,nisha.gupta.780@example.com
781,Riya,Patel,Pune,Maharashtra,2023-02-07,riya.patel.781@example.com
782,Nisha,Mishra,Ahmedabad,Gujarat,2023-07-19,nisha.mishra.782@example.com
783,Nisha,Khan,New Delhi,Delhi,2022-01-16,nisha.khan.783@example.com
784,Riya,Verma,Lucknow,Uttar Pradesh,2023-01-21,riya.verma.784@example.com
785,Rohan,Gupta,Hyderabad,Telangana,2023-10-20,rohan.gupta.785@example.com
786,Rahul,Patel,Warangal,Telangana,2025-03-17,rahul.patel.786@example.com
787,Ira,Reddy,Chennai,Tamil Nadu,2024-07-30,ira.reddy.787@example.com
788,Diya,Patel,Hyderabad,Telangana,2024-09-23,diya.patel.788@example.com
789,Priya,Iyer,Bengaluru,Karnataka,2023-11-27,priya.iyer.789@example.com
790,Aarav,Reddy,Lucknow,Uttar Pradesh,2022-05-22,aarav.reddy.790@example.com
791,Aditya,Patel,Nagpur,Maharashtra,2023-05-14,aditya.patel.791@example.com
792,Priya,Mehta,Nagpur,Maharashtra,2025-06-26,priya.mehta.792@example.com
793,Kavya,Khan,Kolkata,West Bengal,2022-02-26,kavya.khan.793@example.com
794,Kabir,Iyer,New Delhi,Delhi,2025-01-26,kabir.iyer.794@example.com
795,Kabir,Reddy,Kolkata,West Bengal,2024-05-23,kabir.reddy.795@example.com
796,Aanya,Das,Coimbatore,Tamil Nadu,2022-12-29,aanya.das.796@example.com
797,Diya,Iyer,Jaipur,Rajasthan,2024-09-19,diya.iyer.797@example.com
798,Arjun,Reddy,Mumbai,Maharashtra,2024-12-03,arjun.reddy.798@example.com
799,Ira,Khan,Chennai,Tamil Nadu,2022-02-25,ira.khan.799@example.com
800,Kavya,Kapoor,Surat,Gujarat,2022-05-16,kavya.kapoor.800@example.com
801,Priya,Rao,Jaipur,Rajasthan,2024-04-29,priya.rao.801@example.com
802,Kavya,Reddy,Coimbatore,Tamil Nadu,2025-06-28,kavya.reddy.802@example.com
803,Meera,Mehta,Kolkata,West Bengal,2022-01-31,meera.mehta.803@example.com
804,Riya,Rao,Warangal,Telangana,2024-04-29,riya.rao.804@example.com
805,Rohan,Kapoor,Pune,Maharashtra,2022-06-24,rohan.kapoor.805@example.com
806,Aarav,Mishra,Warangal,Telangana,2024-04-09,aarav.mishra.806@example.com
807,Aditya,Mishra,Surat,Gujarat,2024-03-06,aditya.mishra.807@example.com
808,Tara,Joshi,Bengaluru,Karnataka,2022-04-26,tara.joshi.808@example.com
809,Meera,Rao,Surat,Gujarat,2024-05-18,meera.rao.809@example.com
810,Rohan,Nair,Hyderabad,Telangana,2025-02-18,rohan.nair.810@example.com
811,Riya,Das,Jaipur,Rajasthan,2025-01-06,riya.das.811@example.com
812,Kabir,Khan,Jaipur,Rajasthan,2022-02-07,kabir.khan.812@example.com
813,Aanya,Nair,Nizamabad,Telangana,2022-11-10,aanya.nair.813@example.com
814,Rohan,Reddy,Nizamabad,Telangana,2022-11-04,rohan.reddy.814@example.com
815,Vihaan,Mishra,Warangal,Telangana,2023-08-02,vihaan.mishra.815@example.com
816,Rahul,Sharma,Jaipur,Rajasthan,2022-07-02,rahul.sharma.816@example.com
817,Rohan,Verma,Bengaluru,Karnataka,2024-12-26,rohan.verma.817@example.com
818,Aanya,Verma,New Delhi,Delhi,2024-09-18,aanya.verma.818@example.com
819,Aarav,Kapoor,Coimbatore,Tamil Nadu,2024-10-28,aarav.kapoor.819@example.com
820,Rohan,Patel,Jaipur,Rajasthan,2022-09-10,rohan.patel.820@example.com
821,Aanya,Iyer,New Delhi,Delhi,2022-01-19,aanya.iyer.821@example.com
822,Ishaan,Singh,New Delhi,Delhi,2025-03-07,ishaan.singh.822@example.com
823,Meera,Patel,Noida,Uttar Pradesh,2023-01-04,meera.patel.823@example.com
824,Sara,Gupta,Pune,Maharashtra,2025-03-06,sara.gupta.824@example.com
825,Tara,Verma,Jaipur,Rajasthan,2022-02-16,tara.verma.825@example.com
826,Kavya,Mishra,Hyderabad,Telangana,2022-01-07,kavya.mishra.826@example.com
827,Rohan,Singh,New Delhi,Delhi,2022-01-07,rohan.singh.827@example.com
828,Sara,Mishra,Jaipur,Rajasthan,2022-07-19,sara.mishra.828@example.com
829,Meera,Das,Kolkata,West Bengal,2022-03-07,meera.das.829@example.com
830,Aanya,Joshi,Ahmedabad,Gujarat,2024-11-12,aanya.joshi.830@example.com
831,Nisha,Joshi,Bengaluru,Karnataka,2024-02-13,nisha.joshi.831@example.com
832,Aditya,Khan,Chennai,Tamil Nadu,2025-06-04,aditya.khan.832@example.com
833,Ishaan,Das,Coimbatore,Tamil Nadu,2024-10-19,ishaan.das.833@example.com
834,Kavya,Reddy,New Delhi,Delhi,2025-05-14,kavya.reddy.834@example.com
835,Riya,Khan,New Delhi,Delhi,2022-11-01,riya.khan.835@example.com
836,Aarav,Sharma,Mysuru,Karnataka,2023-01-03,aarav.sharma.836@example.com
837,Diya,Das,Mysuru,Karnataka,2024-12-19,diya.das.837@example.com
838,Rahul,Nair,Mysuru,Karnataka,2022-11-09,rahul.nair.838@example.com
839,Arjun,Das,Coimbatore,Tamil Nadu,2022-03-15,arjun.das.839@example.com
840,Vihaan,Nair,Pune,Maharashtra,2024-05-03,vihaan.nair.840@example.com
841,Ira,Singh,Jaipur,Rajasthan,2024-10-19,ira.singh.841@example.com
842,Sara,Singh,Kolkata,West Bengal,2025-05-20,sara.singh.842@example.com
843,Ira,Rao,Pune,Maharashtra,2025-03-29,ira.rao.843@example.com
844,Ishaan,Iyer,Surat,Gujarat,2022-06-03,ishaan.iyer.844@example.com
845,Nisha,Singh,Jaipur,Rajasthan,2024-09-12,nisha.singh.845@example.com
846,Sara,Iyer,Bengaluru,Karnataka,2024-12-15,sara.iyer.846@example.com
847,Neha,Rao,Mumbai,Maharashtra,2024-06-09,neha.rao.847@example.com
848,Kabir,Gupta,Warangal,Telangana,2024-11-12,kabir.gupta.848@example.com
849,Rohan,Nair,Warangal,Telangana,2024-12-05,rohan.nair.849@example.com
850,Diya,Mehta,Ahmedabad,Gujarat,2023-07-24,diya.mehta.850@example.com
851,Ira,Mehta,Noida,Uttar Pradesh,2022-02-21,ira.mehta.851@example.com
852,Diya,Verma,Nizamabad,Telangana,2022-09-15,diya.verma.852@example.com
853,Kavya,Patel,Ahmedabad,Gujarat,2022-05-26,kavya.patel.853@example.com
854,Aarav,Nair,Hyderabad,Telangana,2022-06-09,aarav.nair.854@example.com
855,Ira,Das,Kolkata,West Bengal,2024-06-08,ira.das.855@example.com
856,Ananya,Kapoor,Ahmedabad,Gujarat,2023-10-06,ananya.kapoor.856@example.com
857,Rohan,Mehta,Coimbatore,Tamil Nadu,2023-11-20,rohan.mehta.857@example.com
858,Meera,Rao,Hyderabad,Telangana,2024-08-08,meera.rao.858@example.com
859,Kavya,Iyer,Kolkata,West Bengal,2023-12-01,kavya.iyer.859@example.com
860,Ira,Khan,Noida,Uttar Pradesh,2024-03-14,ira.khan.860@example.com
861,Vihaan,Nair,Bengaluru,Karnataka,2022-04-20,vihaan.nair.861@example.com
862,Vihaan,Joshi,Nagpur,Maharashtra,2024-12-22,vihaan.joshi.862@example.com
863,Ananya,Joshi,Nagpur,Maharashtra,2023-07-27,ananya.joshi.863@example.com
864,Sara,Patel,New Delhi,Delhi,2022-07-18,sara.patel.864@example.com
865,Kabir,Singh,Kolkata,West Bengal,2024-11-03,kabir.singh.865@example.com
866,Kabir,Nair,Jaipur,Rajasthan,2024-07-26,kabir.nair.866@example.com
867,Riya,Rao,Surat,Gujarat,2022-03-09,riya.rao.867@example.com
868,Aarav,Iyer,Noida,Uttar Pradesh,2022-09-04,aarav.iyer.868@example.com
869,Vihaan,Reddy,Jaipur,Rajasthan,2022-01-21,vihaan.reddy.869@example.com
870,Arjun,Rao,Bengaluru,Karnataka,2022-12-12,arjun.rao.870@example.com
871,Tara,Das,Kolkata,West Bengal,2022-05-08,tara.das.871@example.com
872,Diya,Sharma,Mysuru,Karnataka,2024-06-24,diya.sharma.872@example.com
873,Arjun,Rao,Bengaluru,Karnataka,2023-10-29,arjun.rao.873@example.com
874,Kabir,Mishra,Lucknow,Uttar Pradesh,2025-06-04,kabir.mishra.874@example.com
875,Tara,Rao,Ahmedabad,Gujarat,2024-08-14,tara.rao.875@example.com
876,Sara,Kapoor,Noida,Uttar Pradesh,2024-02-20,sara.kapoor.876@example.com
877,Rohan,Singh,Coimbatore,Tamil Nadu,2023-10-12,rohan.singh.877@example.com
878,Rohan,Sharma,New Delhi,Delhi,2022-03-11,rohan.sharma.878@example.com
879,Vihaan,Khan,New Delhi,Delhi,2022-03-31,vihaan.khan.879@example.com
880,Nisha,Gupta,Nizamabad,Telangana,2024-02-26,nisha.gupta.880@example.com
881,Aditya,Sharma,Bengaluru,Karnataka,2022-01-06,aditya.sharma.881@example.com
882,Rahul,Reddy,New Delhi,Delhi,2022-02-24,rahul.reddy.882@example.com
883,Kabir,Kapoor,Hyderabad,Telangana,2022-10-07,kabir.kapoor.883@example.com
884,Meera,Das,Noida,Uttar Pradesh,2025-02-02,meera.das.884@example.com
885,Meera,Mehta,Nagpur,Maharashtra,2023-08-09,meera.mehta.885@example.com
886,Nisha,Rao,Nagpur,Maharashtra,2024-06-24,nisha.rao.886@example.com
887,Rahul,Singh,Ahmedabad,Gujarat,2023-06-10,rahul.singh.887@example.com
888,Ishaan,Reddy,Warangal,Telangana,2022-08-09,ishaan.reddy.888@example.com
889,Ishaan,Kapoor,Lucknow,Uttar Pradesh,2023-04-19,ishaan.kapoor.889@example.com
890,Aarav,Joshi,Surat,Gujarat,2022-04-28,aarav.joshi.890@example.com
891,Priya,Singh,Hyderabad,Telangana,2024-09-09,priya.singh.891@example.com
892,Ira,Singh,Surat,Gujarat,2022-08-23,ira.singh.892@example.com
893,Diya,Joshi,Kolkata,West Bengal,2023-04-26,diya.joshi.893@example.com
894,Tara,Verma,Ahmedabad,Gujarat,2025-06-04,tara.verma.894@example.com
895,Arjun,Singh,Jaipur,Rajasthan,2024-01-26,arjun.singh.895@example.com
896,Tara,Singh,Ahmedabad,Gujarat,2023-08-09,tara.singh.896@example.com
897,Sara,Verma,Kolkata,West Bengal,2023-11-24,sara.verma.897@example.com
898,Rohan,Iyer,Mysuru,Karnataka,2024-09-27,rohan.iyer.898@example.com
899,Sara,Sharma,Ahmedabad,Gujarat,2022-11-21,sara.sharma.899@example.com
900,Nisha,Iyer,Lucknow,Uttar Pradesh,2024-03-23,nisha.iyer.900@example.com
901,Ishaan,Verma,Kolkata,West Bengal,2025-01-18,ishaan.verma.901@example.com
902,Kabir,Mehta,Kolkata,West Bengal,2024-01-01,kabir.mehta.902@example.com
903,Kavya,Singh,Coimbatore,Tamil Nadu,2023-07-24,kavya.singh.903@example.com
904,Arjun,Verma,Ahmedabad,Gujarat,2022-07-05,arjun.verma.904@example.com
905,Aarav,Singh,Noida,Uttar Pradesh,2022-11-13,aarav.singh.905@example.com
906,Sara,Mishra,Pune,Maharashtra,2025-04-22,sara.mishra.906@example.com
907,Neha,Iyer,Mumbai,Maharashtra,2023-11-22,neha.iyer.907@example.com
908,Ira,Iyer,New Delhi,Delhi,2023-01-20,ira.iyer.908@example.com
909,Aditya,Gupta,New Delhi,Delhi,2023-06-18,aditya.gupta.909@example.com
910,Ira,Mishra,Kolkata,West Bengal,2024-01-08,ira.mishra.910@example.com
911,Rahul,Sharma,Warangal,Telangana,2023-11-17,rahul.sharma.911@example.com
912,Kavya,Rao,Chennai,Tamil Nadu,2024-06-11,kavya.rao.912@example.com
913,Meera,Reddy,Kolkata,West Bengal,2022-11-25,meera.reddy.913@example.com
914,Kabir,Das,Kolkata,West Bengal,2024-04-08,kabir.das.914@example.com
915,Meera,Singh,Kolkata,West Bengal,2023-07-19,meera.singh.915@example.com
916,Sara,Mehta,Ahmedabad,Gujarat,2025-04-15,sara.mehta.916@example.com
917,Sara,Sharma,Kolkata,West Bengal,2022-07-21,sara.sharma.917@example.com
918,Ishaan,Das,Jaipur,Rajasthan,2022-07-09,ishaan.das.918@example.com
919,Aanya,Singh,Kolkata,West Bengal,2023-08-13,aanya.singh.919@example.com
920,Aarav,Gupta,New Delhi,Delhi,2023-10-11,aarav.gupta.920@example.com
921,Ananya,Joshi,Kolkata,West Bengal,2024-05-31,ananya.joshi.921@example.com
922,Ishaan,Sharma,Warangal,Telangana,2023-05-31,ishaan.sharma.922@example.com
923,Ira,Iyer,Bengaluru,Karnataka,2025-03-11,ira.iyer.923@example.com
924,Tara,Reddy,New Delhi,Delhi,2023-08-29,tara.reddy.924@example.com
925,Tara,Patel,Jaipur,Rajasthan,2022-06-15,tara.patel.925@example.com
926,Diya,Sharma,Ahmedabad,Gujarat,2022-06-02,diya.sharma.926@example.com
927,Meera,Reddy,Warangal,Telangana,2025-05-27,meera.reddy.927@example.com
928,Aditya,Kapoor,Kolkata,West Bengal,2022-06-21,aditya.kapoor.928@example.com
929,Diya,Verma,Pune,Maharashtra,2022-12-21,diya.verma.929@example.com
930,Sara,Kapoor,Ahmedabad,Gujarat,2022-04-30,sara.kapoor.930@example.com
931,Sara,Mehta,Jaipur,Rajasthan,2023-01-24,sara.mehta.931@example.com
932,Tara,Das,Kolkata,West Bengal,2024-02-24,tara.das.932@example.com
933,Diya,Patel,Kolkata,West Bengal,2023-07-01,diya.patel.933@example.com
934,Neha,Patel,Coimbatore,Tamil Nadu,2024-09-29,neha.patel.934@example.com
935,Tara,Sharma,New Delhi,Delhi,2024-02-19,tara.sharma.935@example.com
936,Aanya,Mishra,Jaipur,Rajasthan,2023-05-27,aanya.mishra.936@example.com
937,Vihaan,Khan,Surat,Gujarat,2024-03-20,vihaan.khan.937@example.com
938,Ishaan,Das,New Delhi,Delhi,2025-05-24,ishaan.das.938@example.com
939,Nisha,Mishra,Chennai,Tamil Nadu,2023-06-10,nisha.mishra.939@example.com
940,Aanya,Mehta,Hyderabad,Telangana,2022-07-15,aanya.mehta.940@example.com
941,Neha,Khan,Pune,Maharashtra,2023-06-06,neha.khan.941@example.com
942,Kavya,Iyer,Nagpur,Maharashtra,2024-12-07,kavya.iyer.942@example.com
943,Vihaan,Rao,Chennai,Tamil Nadu,2022-10-05,vihaan.rao.943@example.com
944,Riya,Nair,Noida,Uttar Pradesh,2025-04-26,riya.nair.944@example.com
945,Ishaan,Iyer,New Delhi,Delhi,2024-01-21,ishaan.iyer.945@example.com
946,Kavya,Sharma,Bengaluru,Karnataka,2024-02-07,kavya.sharma.946@example.com
947,Ira,Patel,Hyderabad,Telangana,2023-02-09,ira.patel.947@example.com
948,Diya,Iyer,Coimbatore,Tamil Nadu,2025-03-20,diya.iyer.948@example.com
949,Vihaan,Rao,Jaipur,Rajasthan,2022-02-16,vihaan.rao.949@example.com
950,Aditya,Khan,Chennai,Tamil Nadu,2023-01-17,aditya.khan.950@example.com
951,Aanya,Rao,Ahmedabad,Gujarat,2023-06-18,aanya.rao.951@example.com
952,Aanya,Reddy,Jaipur,Rajasthan,2023-09-02,aanya.reddy.952@example.com
953,Aanya,Singh,Nizamabad,Telangana,2023-08-28,aanya.singh.953@example.com
954,Arjun,Verma,Kolkata,West Bengal,2022-07-08,arjun.verma.954@example.com
955,Ira,Kapoor,Noida,Uttar Pradesh,2022-10-15,ira.kapoor.955@example.com
956,Vihaan,Iyer,Chennai,Tamil Nadu,2022-05-02,vihaan.iyer.956@example.com
957,Aditya,Nair,Nizamabad,Telangana,2024-01-01,aditya.nair.957@example.com
958,Diya,Das,Noida,Uttar Pradesh,2023-03-24,diya.das.958@example.com
959,Meera,Singh,Jaipur,Rajasthan,2023-12-23,meera.singh.959@example.com
960,Sara,Kapoor,New Delhi,Delhi,2024-01-23,sara.kapoor.960@example.com
961,Tara,Khan,New Delhi,Delhi,2024-06-14,tara.khan.961@example.com
962,Riya,Joshi,Pune,Maharashtra,2023-11-30,riya.joshi.962@example.com
963,Ishaan,Das,Jaipur,Rajasthan,2024-04-06,ishaan.das.963@example.com
964,Nisha,Nair,New Delhi,Delhi,2024-01-20,nisha.nair.964@example.com
965,Vihaan,Sharma,Hyderabad,Telangana,2024-04-12,vihaan.sharma.965@example.com
966,Riya,Rao,Surat,Gujarat,2024-02-26,riya.rao.966@example.com
967,Ishaan,Patel,Lucknow,Uttar Pradesh,2023-02-08,ishaan.patel.967@example.com
968,Nisha,Nair,Jaipur,Rajasthan,2022-11-11,nisha.nair.968@example.com
969,Tara,Khan,Mysuru,Karnataka,2024-10-01,tara.khan.969@example.com
970,Priya,Rao,Warangal,Telangana,2023-03-14,priya.rao.970@example.com
971,Neha,Mehta,Lucknow,Uttar Pradesh,2023-12-02,neha.mehta.971@example.com
972,Aarav,Sharma,Noida,Uttar Pradesh,2022-09-09,aarav.sharma.972@example.com
973,Arjun,Khan,New Delhi,Delhi,2023-07-05,arjun.khan.973@example.com
974,Meera,Khan,Kolkata,West Bengal,2023-11-07,meera.khan.974@example.com
975,Ira,Iyer,New Delhi,Delhi,2024-03-09,ira.iyer.975@example.com
976,Aditya,Khan,Chennai,Tamil Nadu,2023-11-03,aditya.khan.976@example.com
977,Priya,Das,Mumbai,Maharashtra,2023-04-06,priya.das.977@example.com
978,Vihaan,Iyer,Nizamabad,Telangana,2025-05-12,vihaan.iyer.978@example.com
979,Tara,Sharma,Mysuru,Karnataka,2023-10-17,tara.sharma.979@example.com
980,Arjun,Mishra,Jaipur,Rajasthan,2024-10-28,arjun.mishra.980@example.com
981,Ananya,Iyer,Nagpur,Maharashtra,2024-07-29,ananya.iyer.981@example.com
982,Kavya,Khan,Mysuru,Karnataka,2023-12-14,kavya.khan.982@example.com
983,Ira,Mishra,New Delhi,Delhi,2025-02-05,ira.mishra.983@example.com
984,Priya,Singh,Nagpur,Maharashtra,2022-06-13,priya.singh.984@example.com
985,Priya,Nair,Mumbai,Maharashtra,2025-03-21,priya.nair.985@example.com
986,Neha,Sharma,Kolkata,West Bengal,2024-12-20,neha.sharma.986@example.com
987,Diya,Mishra,Coimbatore,Tamil Nadu,2023-10-05,diya.mishra.987@example.com
988,Tara,Sharma,Kolkata,West Bengal,2024-07-24,tara.sharma.988@example.com
989,Ira,Rao,Lucknow,Uttar Pradesh,2023-10-26,ira.rao.989@example.com
990,Riya,Singh,Pune,Maharashtra,2022-12-09,riya.singh.990@example.com
991,Priya,Sharma,Lucknow,Uttar Pradesh,2024-10-17,priya.sharma.991@example.com
992,Aditya,Verma,Lucknow,Uttar Pradesh,2022-11-10,aditya.verma.992@example.com
993,Meera,Kapoor,Jaipur,Rajasthan,2023-02-06,meera.kapoor.993@example.com
994,Riya,Reddy,Kolkata,West Bengal,2023-10-25,riya.reddy.994@example.com
995,Aditya,Mehta,Kolkata,West Bengal,2024-12-04,aditya.mehta.995@example.com
996,Kavya,Reddy,Kolkata,West Bengal,2023-05-05,kavya.reddy.996@example.com
997,Aditya,Patel,Ahmedabad,Gujarat,2023-09-23,aditya.patel.997@example.com
998,Riya,Gupta,Nizamabad,Telangana,2022-02-23,riya.gupta.998@example.com
999,Nisha,Rao,Noida,Uttar Pradesh,2022-05-28,nisha.rao.999@example.com
1000,Arjun,Das,Kolkata,West Bengal,2022-03-13,arjun.das.1000@example.com
1001,Priya,Khan,Jaipur,Rajasthan,2022-04-02,priya.khan.1001@example.com
1002,Aditya,Das,Chennai,Tamil Nadu,2025-01-13,aditya.das.1002@example.com
1003,Aanya,Khan,Warangal,Telangana,2024-12-10,aanya.khan.1003@example.com
1004,Neha,Singh,New Delhi,Delhi,2024-11-14,neha.singh.1004@example.com
1005,Rohan,Mishra,New Delhi,Delhi,2022-03-12,rohan.mishra.1005@example.com
1006,Arjun,Reddy,Coimbatore,Tamil Nadu,2022-04-10,arjun.reddy.1006@example.com
1007,Ananya,Khan,Chennai,Tamil Nadu,2022-12-25,ananya.khan.1007@example.com
1008,Ishaan,Patel,Mysuru,Karnataka,2023-12-23,ishaan.patel.1008@example.com
1009,Aarav,Das,New Delhi,Delhi,2023-03-03,aarav.das.1009@example.com
1010,Diya,Patel,Coimbatore,Tamil Nadu,2023-09-15,diya.patel.1010@example.com
1011,Rahul,Gupta,Lucknow,Uttar Pradesh,2022-08-09,rahul.gupta.1011@example.com
1012,Aditya,Singh,Pune,Maharashtra,2024-07-21,aditya.singh.1012@example.com
1013,Rahul,Khan,Mysuru,Karnataka,2023-02-05,rahul.khan.1013@example.com
1014,Aarav,Sharma,Mysuru,Karnataka,2022-03-26,aarav.sharma.1014@example.com
1015,Neha,Gupta,New Delhi,Delhi,2024-08-05,neha.gupta.1015@example.com
1016,Tara,Singh,New Delhi,Delhi,2025-02-25,tara.singh.1016@example.com
1017,Ishaan,Khan,Kolkata,West Bengal,2022-01-19,ishaan.khan.1017@example.com
1018,Riya,Kapoor,Lucknow,Uttar Pradesh,2023-07-12,riya.kapoor.1018@example.com
1019,Diya,Nair,Mysuru,Karnataka,2024-11-21,diya.nair.1019@example.com
1020,Neha,Iyer,Surat,Gujarat,2024-06-20,neha.iyer.1020@example.com
1021,Arjun,Singh,Hyderabad,Telangana,2023-06-14,arjun.singh.1021@example.com
1022,Rahul,Joshi,Mysuru,Karnataka,2023-04-21,rahul.joshi.1022@example.com
1023,Priya,Patel,New Delhi,Delhi,2024-06-23,priya.patel.1023@example.com
1024,Rohan,Patel,Nizamabad,Telangana,2022-07-16,rohan.patel.1024@example.com
1025,Kavya,Gupta,Kolkata,West Bengal,2022-11-02,kavya.gupta.1025@example.com
1026,Ananya,Mehta,Ahmedabad,Gujarat,2024-02-06,ananya.mehta.1026@example.com
1027,Ananya,Verma,Ahmedabad,Gujarat,2024-05-02,ananya.verma.1027@example.com
1028,Diya,Kapoor,New Delhi,Delhi,2022-06-02,diya.kapoor.1028@example.com
1029,Nisha,Nair,Kolkata,West Bengal,2023-10-11,nisha.nair.1029@example.com
1030,Aarav,Singh,Coimbatore,Tamil Nadu,2023-04-11,aarav.singh.1030@example.com
1031,Nisha,Gupta,Warangal,Telangana,2023-10-03,nisha.gupta.1031@example.com
1032,Nisha,Nair,Warangal,Telangana,2025-05-07,nisha.nair.1032@example.com
1033,Kavya,Gupta,Kolkata,West Bengal,2022-04-08,kavya.gupta.1033@example.com
1034,Tara,Kapoor,Lucknow,Uttar Pradesh,2025-06-24,tara.kapoor.1034@example.com
1035,Nisha,Iyer,Nizamabad,Telangana,2023-07-28,nisha.iyer.1035@example.com
1036,Ira,Rao,Kolkata,West Bengal,2024-09-12,ira.rao.1036@example.com
1037,Diya,Mishra,Surat,Gujarat,2023-06-26,diya.mishra.1037@example.com
1038,Ishaan,Mehta,Jaipur,Rajasthan,2023-02-01,ishaan.mehta.1038@example.com
1039,Kavya,Iyer,New Delhi,Delhi,2024-09-10,kavya.iyer.1039@example.com
1040,Ishaan,Iyer,Kolkata,West Bengal,2024-05-27,ishaan.iyer.1040@example.com
1041,Aanya,Mehta,Surat,Gujarat,2022-07-03,aanya.mehta.1041@example.com
1042,Vihaan,Sharma,Jaipur,Rajasthan,2024-06-19,vihaan.sharma.1042@example.com
1043,Kabir,Mehta,Pune,Maharashtra,2024-08-18,kabir.mehta.1043@example.com
1044,Rahul,Patel,Lucknow,Uttar Pradesh,2023-05-10,rahul.patel.1044@example.com
1045,Ananya,Khan,Warangal,Telangana,2025-03-27,ananya.khan.1045@example.com
1046,Ira,Sharma,Jaipur,Rajasthan,2024-03-28,ira.sharma.1046@example.com
1047,Priya,Mehta,Nizamabad,Telangana,2023-03-02,priya.mehta.1047@example.com
1048,Ananya,Mishra,Nagpur,Maharashtra,2022-01-14,ananya.mishra.1048@example.com
1049,Arjun,Rao,Hyderabad,Telangana,2024-05-11,arjun.rao.1049@example.com
1050,Ira,Khan,New Delhi,Delhi,2022-09-24,ira.khan.1050@example.com
1051,Vihaan,Khan,Coimbatore,Tamil Nadu,2024-08-23,vihaan.khan.1051@example.com
1052,Kavya,Mehta,Nagpur,Maharashtra,2023-11-02,kavya.mehta.1052@example.com
1053,Nisha,Nair,New Delhi,Delhi,2023-08-19,nisha.nair.1053@example.com
1054,Rohan,Gupta,Chennai,Tamil Nadu,2022-07-28,rohan.gupta.1054@example.com
1055,Rahul,Nair,Ahmedabad,Gujarat,2024-06-26,rahul.nair.1055@example.com
1056,Aarav,Khan,Noida,Uttar Pradesh,2022-07-31,aarav.khan.1056@example.com
1057,Ishaan,Mishra,Kolkata,West Bengal,2023-06-18,ishaan.mishra.1057@example.com
1058,Aarav,Mishra,Nagpur,Maharashtra,2024-12-03,aarav.mishra.1058@example.com
1059,Neha,Sharma,Bengaluru,Karnataka,2025-03-20,neha.sharma.1059@example.com
1060,Aditya,Mehta,Noida,Uttar Pradesh,2025-06-16,aditya.mehta.1060@example.com
1061,Sara,Rao,Nizamabad,Telangana,2025-05-07,sara.rao.1061@example.com
1062,Aanya,Mehta,Chennai,Tamil Nadu,2023-12-11,aanya.mehta.1062@example.com
1063,Rohan,Nair,Lucknow,Uttar Pradesh,2022-09-13,rohan.nair.1063@example.com
1064,Kavya,Joshi,Noida,Uttar Pradesh,2024-12-06,kavya.joshi.1064@example.com
1065,Aditya,Gupta,Chennai,Tamil Nadu,2024-10-19,aditya.gupta.1065@example.com
1066,Riya,Mishra,Ahmedabad,Gujarat,2025-06-17,riya.mishra.1066@example.com
1067,Priya,Mishra,New Delhi,Delhi,2024-04-10,priya.mishra.1067@example.com
1068,Meera,Mishra,Ahmedabad,Gujarat,2022-06-30,meera.mishra.1068@example.com
1069,Riya,Patel,Warangal,Telangana,2023-10-04,riya.patel.1069@example.com
1070,Ananya,Mehta,Mumbai,Maharashtra,2023-07-26,ananya.mehta.1070@example.com
1071,Rahul,Patel,Kolkata,West Bengal,2024-12-11,rahul.patel.1071@example.com
1072,Arjun,Patel,Mysuru,Karnataka,2023-05-16,arjun.patel.1072@example.com
1073,Neha,Sharma,Kolkata,West Bengal,2023-02-24,neha.sharma.1073@example.com
1074,Ananya,Verma,Coimbatore,Tamil Nadu,2022-04-13,ananya.verma.1074@example.com
1075,Kavya,Patel,Jaipur,Rajasthan,2024-12-02,kavya.patel.1075@example.com
1076,Kabir,Mehta,Jaipur,Rajasthan,2024-08-21,kabir.mehta.1076@example.com
1077,Tara,Kapoor,New Delhi,Delhi,2022-02-22,tara.kapoor.1077@example.com
1078,Riya,Mishra,Ahmedabad,Gujarat,2023-07-08,riya.mishra.1078@example.com
1079,Kabir,Kapoor,Bengaluru,Karnataka,2023-09-05,kabir.kapoor.1079@example.com
1080,Diya,Sharma,New Delhi,Delhi,2023-08-22,diya.sharma.1080@example.com
1081,Nisha,Nair,Mumbai,Maharashtra,2025-03-18,nisha.nair.1081@example.com
1082,Rohan,Nair,Jaipur,Rajasthan,2022-07-12,rohan.nair.1082@example.com
1083,Aarav,Patel,Jaipur,Rajasthan,2023-01-26,aarav.patel.1083@example.com
1084,Rahul,Mishra,Lucknow,Uttar Pradesh,2022-08-19,rahul.mishra.1084@example.com
1085,Aanya,Verma,Jaipur,Rajasthan,2022-11-08,aanya.verma.1085@example.com
1086,Aditya,Kapoor,Noida,Uttar Pradesh,2025-03-03,aditya.kapoor.1086@example.com
1087,Kabir,Patel,Mysuru,Karnataka,2025-04-15,kabir.patel.1087@example.com
1088,Neha,Nair,Noida,Uttar Pradesh,2022-02-26,neha.nair.1088@example.com
1089,Vihaan,Patel,Kolkata,West Bengal,2024-03-17,vihaan.patel.1089@example.com
1090,Vihaan,Kapoor,Coimbatore,Tamil Nadu,2022-10-25,vihaan.kapoor.1090@example.com
1091,Ananya,Nair,Kolkata,West Bengal,2022-09-03,ananya.nair.1091@example.com
1092,Aarav,Patel,Coimbatore,Tamil Nadu,2023-01-08,aarav.patel.1092@example.com
1093,Aarav,Gupta,Mysuru,Karnataka,2022-09-06,aarav.gupta.1093@example.com
1094,Arjun,Singh,Mysuru,Karnataka,2023-09-18,arjun.singh.1094@example.com
1095,Aditya,Sharma,Warangal,Telangana,2025-06-24,aditya.sharma.1095@example.com
1096,Kavya,Sharma,New Delhi,Delhi,2024-01-19,kavya.sharma.1096@example.com
1097,Aditya,Mishra,Jaipur,Rajasthan,2024-07-11,aditya.mishra.1097@example.com
1098,Ira,Kapoor,Kolkata,West Bengal,2023-09-22,ira.kapoor.1098@example.com
1099,Priya,Rao,New Delhi,Delhi,2022-01-18,priya.rao.1099@example.com
1100,Meera,Mishra,Coimbatore,Tamil Nadu,2022-04-18,meera.mishra.1100@example.com
1101,Sara,Nair,New Delhi,Delhi,2022-12-10,sara.nair.1101@example.com
1102,Ishaan,Sharma,Mumbai,Maharashtra,2022-11-07,ishaan.sharma.1102@example.com
1103,Riya,Khan,Jaipur,Rajasthan,2024-12-08,riya.khan.1103@example.com
1104,Vihaan,Sharma,Nagpur,Maharashtra,2024-12-12,vihaan.sharma.1104@example.com
1105,Aditya,Joshi,Ahmedabad,Gujarat,2024-12-25,aditya.joshi.1105@example.com
1106,Riya,Singh,Surat,Gujarat,2024-03-24,riya.singh.1106@example.com
1107,Vihaan,Reddy,Kolkata,West Bengal,2023-12-11,vihaan.reddy.1107@example.com
1108,Arjun,Gupta,Jaipur,Rajasthan,2024-04-08,arjun.gupta.1108@example.com
1109,Arjun,Khan,Mysuru,Karnataka,2023-06-04,arjun.khan.1109@example.com
1110,Aarav,Joshi,Jaipur,Rajasthan,2024-05-05,aarav.joshi.1110@example.com
1111,Aditya,Rao,Ahmedabad,Gujarat,2024-10-10,aditya.rao.1111@example.com
1112,Aanya,Reddy,Jaipur,Rajasthan,2024-08-31,aanya.reddy.1112@example.com
1113,Sara,Mishra,Kolkata,West Bengal,2024-02-23,sara.mishra.1113@example.com
1114,Vihaan,Das,Jaipur,Rajasthan,2022-03-16,vihaan.das.1114@example.com
1115,Neha,Verma,Noida,Uttar Pradesh,2024-07-14,neha.verma.1115@example.com
1116,Vihaan,Rao,Coimbatore,Tamil Nadu,2023-04-13,vihaan.rao.1116@example.com
1117,Sara,Kapoor,Jaipur,Rajasthan,2024-08-06,sara.kapoor.1117@example.com
1118,Kavya,Singh,Surat,Gujarat,2023-11-20,kavya.singh.1118@example.com
1119,Ira,Sharma,New Delhi,Delhi,2023-03-08,ira.sharma.1119@example.com
1120,Diya,Reddy,Lucknow,Uttar Pradesh,2025-04-03,diya.reddy.1120@example.com
1121,Aditya,Nair,Coimbatore,Tamil Nadu,2024-12-13,aditya.nair.1121@example.com
1122,Rohan,Kapoor,Kolkata,West Bengal,2023-02-27,rohan.kapoor.1122@example.com
1123,Riya,Das,Warangal,Telangana,2023-09-08,riya.das.1123@example.com
1124,Kabir,Nair,Bengaluru,Karnataka,2023-11-10,kabir.nair.1124@example.com
1125,Aarav,Mehta,Jaipur,Rajasthan,2024-09-07,aarav.mehta.1125@example.com
1126,Priya,Verma,Chennai,Tamil Nadu,2024-05-29,priya.verma.1126@example.com
1127,Sara,Sharma,Coimbatore,Tamil Nadu,2024-12-23,sara.sharma.1127@example.com
1128,Vihaan,Singh,Bengaluru,Karnataka,2023-04-17,vihaan.singh.1128@example.com
1129,Vihaan,Nair,New Delhi,Delhi,2023-10-07,vihaan.nair.1129@example.com
1130,Aditya,Mishra,Jaipur,Rajasthan,2023-07-04,aditya.mishra.1130@example.com
1131,Vihaan,Mishra,Lucknow,Uttar Pradesh,2025-03-06,vihaan.mishra.1131@example.com
1132,Meera,Joshi,Nizamabad,Telangana,2023-01-25,meera.joshi.1132@example.com
1133,Aditya,Sharma,Kolkata,West Bengal,2024-01-20,aditya.sharma.1133@example.com
1134,Meera,Joshi,New Delhi,Delhi,2022-06-03,meera.joshi.1134@example.com
1135,Arjun,Gupta,Kolkata,West Bengal,2024-12-20,arjun.gupta.1135@example.com
1136,Tara,Nair,New Delhi,Delhi,2023-05-06,tara.nair.1136@example.com
1137,Priya,Kapoor,Chennai,Tamil Nadu,2023-03-11,priya.kapoor.1137@example.com
1138,Ishaan,Mishra,New Delhi,Delhi,2024-01-14,ishaan.mishra.1138@example.com
1139,Ananya,Nair,Kolkata,West Bengal,2023-09-29,ananya.nair.1139@example.com
1140,Vihaan,Mehta,New Delhi,Delhi,2024-12-18,vihaan.mehta.1140@example.com
1141,Vihaan,Iyer,New Delhi,Delhi,2023-11-10,vihaan.iyer.1141@example.com
1142,Ira,Khan,Jaipur,Rajasthan,2023-10-22,ira.khan.1142@example.com
1143,Aarav,Iyer,Ahmedabad,Gujarat,2022-05-14,aarav.iyer.1143@example.com
1144,Meera,Verma,Chennai,Tamil Nadu,2022-01-28,meera.verma.1144@example.com
1145,Ishaan,Verma,Jaipur,Rajasthan,2023-05-24,ishaan.verma.1145@example.com
1146,Aditya,Rao,Jaipur,Rajasthan,2025-06-27,aditya.rao.1146@example.com
1147,Ira,Sharma,Mumbai,Maharashtra,2025-03-16,ira.sharma.1147@example.com
1148,Aanya,Kapoor,Kolkata,West Bengal,2024-03-13,aanya.kapoor.1148@example.com
1149,Priya,Patel,Bengaluru,Karnataka,2024-03-15,priya.patel.1149@example.com
1150,Arjun,Kapoor,Surat,Gujarat,2023-05-15,arjun.kapoor.1150@example.com
1151,Ira,Sharma,Mysuru,Karnataka,2022-08-15,ira.sharma.1151@example.com
1152,Kavya,Iyer,Surat,Gujarat,2022-01-11,kavya.iyer.1152@example.com
1153,Rahul,Verma,Bengaluru,Karnataka,2023-03-09,rahul.verma.1153@example.com
1154,Kavya,Rao,New Delhi,Delhi,2023-02-08,kavya.rao.1154@example.com
1155,Priya,Verma,Lucknow,Uttar Pradesh,2022-09-02,priya.verma.1155@example.com
1156,Ananya,Mishra,Coimbatore,Tamil Nadu,2022-11-27,ananya.mishra.1156@example.com
1157,Riya,Sharma,Jaipur,Rajasthan,2022-02-01,riya.sharma.1157@example.com
1158,Tara,Kapoor,Lucknow,Uttar Pradesh,2024-02-15,tara.kapoor.1158@example.com
1159,Rohan,Khan,Jaipur,Rajasthan,2025-03-29,rohan.khan.1159@example.com
1160,Tara,Das,Nagpur,Maharashtra,2024-05-31,tara.das.1160@example.com
1161,Aarav,Reddy,Jaipur,Rajasthan,2023-07-26,aarav.reddy.1161@example.com
1162,Aditya,Sharma,Hyderabad,Telangana,2023-06-21,aditya.sharma.1162@example.com
1163,Aarav,Singh,Coimbatore,Tamil Nadu,2023-01-28,aarav.singh.1163@example.com
1164,Ishaan,Mehta,Jaipur,Rajasthan,2022-07-01,ishaan.mehta.1164@example.com
1165,Neha,Das,Surat,Gujarat,2024-02-03,neha.das.1165@example.com
1166,Meera,Mishra,New Delhi,Delhi,2023-12-24,meera.mishra.1166@example.com
1167,Meera,Verma,Coimbatore,Tamil Nadu,2022-01-10,meera.verma.1167@example.com
1168,Vihaan,Das,Jaipur,Rajasthan,2023-06-15,vihaan.das.1168@example.com
1169,Ira,Sharma,Ahmedabad,Gujarat,2022-12-21,ira.sharma.1169@example.com
1170,Ishaan,Das,New Delhi,Delhi,2022-08-06,ishaan.das.1170@example.com
1171,Diya,Patel,Lucknow,Uttar Pradesh,2024-06-16,diya.patel.1171@example.com
1172,Rahul,Khan,Mysuru,Karnataka,2023-11-02,rahul.khan.1172@example.com
1173,Rohan,Singh,Pune,Maharashtra,2024-03-19,rohan.singh.1173@example.com
1174,Tara,Verma,Kolkata,West Bengal,2024-06-29,tara.verma.1174@example.com
1175,Aanya,Mehta,Noida,Uttar Pradesh,2025-06-06,aanya.mehta.1175@example.com
1176,Ananya,Verma,Bengaluru,Karnataka,2024-10-21,ananya.verma.1176@example.com
1177,Vihaan,Mishra,Mysuru,Karnataka,2024-03-02,vihaan.mishra.1177@example.com
1178,Nisha,Joshi,Mumbai,Maharashtra,2025-01-26,nisha.joshi.1178@example.com
1179,Diya,Singh,Jaipur,Rajasthan,2023-09-02,diya.singh.1179@example.com
1180,Ishaan,Mehta,Mysuru,Karnataka,2025-06-10,ishaan.mehta.1180@example.com
1181,Sara,Iyer,New Delhi,Delhi,2024-08-29,sara.iyer.1181@example.com
1182,Aditya,Khan,Noida,Uttar Pradesh,2024-04-10,aditya.khan.1182@example.com
1183,Ira,Reddy,Warangal,Telangana,2025-02-26,ira.reddy.1183@example.com
1184,Riya,Khan,Kolkata,West Bengal,2023-10-20,riya.khan.1184@example.com
1185,Diya,Kapoor,New Delhi,Delhi,2024-07-08,diya.kapoor.1185@example.com
1186,Aarav,Joshi,Jaipur,Rajasthan,2022-12-30,aarav.joshi.1186@example.com
1187,Rohan,Rao,Chennai,Tamil Nadu,2025-05-14,rohan.rao.1187@example.com
1188,Vihaan,Mehta,Chennai,Tamil Nadu,2024-03-06,vihaan.mehta.1188@example.com
1189,Ira,Mehta,Pune,Maharashtra,2024-09-24,ira.mehta.1189@example.com
1190,Ishaan,Das,Surat,Gujarat,2023-08-11,ishaan.das.1190@example.com
1191,Aditya,Verma,Jaipur,Rajasthan,2025-01-11,aditya.verma.1191@example.com
1192,Sara,Patel,Mumbai,Maharashtra,2022-04-05,sara.patel.1192@example.com
1193,Arjun,Khan,Coimbatore,Tamil Nadu,2022-05-26,arjun.khan.1193@example.com
1194,Kabir,Reddy,Lucknow,Uttar Pradesh,2023-10-10,kabir.reddy.1194@example.com
1195,Tara,Kapoor,Hyderabad,Telangana,2024-10-29,tara.kapoor.1195@example.com
1196,Vihaan,Verma,Mysuru,Karnataka,2023-07-16,vihaan.verma.1196@example.com
1197,Rohan,Singh,New Delhi,Delhi,2024-04-08,rohan.singh.1197@example.com
1198,Kabir,Sharma,Chennai,Tamil Nadu,2023-12-07,kabir.sharma.1198@example.com
1199,Ira,Reddy,Bengaluru,Karnataka,2025-05-11,ira.reddy.1199@example.com
1200,Rohan,Kapoor,New Delhi,Delhi,2024-04-14,rohan.kapoor.1200@example.com
1201,Tara,Rao,Pune,Maharashtra,2023-06-16,tara.rao.1201@example.com
1202,Aarav,Mishra,New Delhi,Delhi,2025-05-22,aarav.mishra.1202@example.com
1203,Neha,Kapoor,Surat,Gujarat,2022-05-17,neha.kapoor.1203@example.com
1204,Ira,Sharma,Kolkata,West Bengal,2025-06-10,ira.sharma.1204@example.com
1205,Aarav,Singh,Nizamabad,Telangana,2022-07-16,aarav.singh.1205@example.com
1206,Aditya,Joshi,Jaipur,Rajasthan,2023-01-03,aditya.joshi.1206@example.com
1207,Aditya,Iyer,Pune,Maharashtra,2024-11-14,aditya.iyer.1207@example.com
1208,Rahul,Iyer,Surat,Gujarat,2024-07-25,rahul.iyer.1208@example.com
1209,Kabir,Rao,Coimbatore,Tamil Nadu,2025-05-23,kabir.rao.1209@example.com
1210,Meera,Khan,Jaipur,Rajasthan,2024-08-14,meera.khan.1210@example.com
1211,Kabir,Kapoor,Mumbai,Maharashtra,2024-03-23,kabir.kapoor.1211@example.com
1212,Priya,Mishra,Mumbai,Maharashtra,2023-03-19,priya.mishra.1212@example.com
1213,Rahul,Nair,New Delhi,Delhi,2022-01-07,rahul.nair.1213@example.com
1214,Rahul,Rao,Warangal,Telangana,2022-06-08,rahul.rao.1214@example.com
1215,Rahul,Singh,Mysuru,Karnataka,2023-01-15,rahul.singh.1215@example.com
1216,Kabir,Patel,Surat,Gujarat,2022-02-22,kabir.patel.1216@example.com
1217,Kavya,Khan,Jaipur,Rajasthan,2023-10-11,kavya.khan.1217@example.com
1218,Rohan,Sharma,Hyderabad,Telangana,2024-09-18,rohan.sharma.1218@example.com
1219,Rahul,Khan,Jaipur,Rajasthan,2025-05-14,rahul.khan.1219@example.com
1220,Tara,Iyer,Jaipur,Rajasthan,2023-09-17,tara.iyer.1220@example.com
1221,Sara,Das,Jaipur,Rajasthan,2025-01-21,sara.das.1221@example.com
1222,Arjun,Kapoor,Surat,Gujarat,2025-06-11,arjun.kapoor.1222@example.com
1223,Riya,Rao,Ahmedabad,Gujarat,2025-01-02,riya.rao.1223@example.com
1224,Arjun,Rao,New Delhi,Delhi,2023-08-17,arjun.rao.1224@example.com
1225,Arjun,Iyer,Kolkata,West Bengal,2023-02-20,arjun.iyer.1225@example.com
1226,Ananya,Singh,Noida,Uttar Pradesh,2025-06-01,ananya.singh.1226@example.com
1227,Sara,Patel,Nizamabad,Telangana,2022-11-05,sara.patel.1227@example.com
1228,Arjun,Sharma,Mysuru,Karnataka,2023-06-10,arjun.sharma.1228@example.com
1229,Nisha,Khan,Warangal,Telangana,2022-04-05,nisha.khan.1229@example.com
1230,Arjun,Mishra,Noida,Uttar Pradesh,2024-10-09,arjun.mishra.1230@example.com
1231,Nisha,Sharma,New Delhi,Delhi,2024-04-09,nisha.sharma.1231@example.com
1232,Vihaan,Mehta,Ahmedabad,Gujarat,2022-04-19,vihaan.mehta.1232@example.com
1233,Diya,Nair,Jaipur,Rajasthan,2022-10-11,diya.nair.1233@example.com
1234,Meera,Khan,Lucknow,Uttar Pradesh,2023-12-10,meera.khan.1234@example.com
1235,Rahul,Das,Nagpur,Maharashtra,2023-11-21,rahul.das.1235@example.com
1236,Meera,Khan,Jaipur,Rajasthan,2024-10-20,meera.khan.1236@example.com
1237,Sara,Patel,Jaipur,Rajasthan,2022-12-06,sara.patel.1237@example.com
1238,Sara,Gupta,Warangal,Telangana,2025-03-25,sara.gupta.1238@example.com
1239,Ishaan,Iyer,Ahmedabad,Gujarat,2023-07-22,ishaan.iyer.1239@example.com
1240,Nisha,Sharma,Chennai,Tamil Nadu,2024-11-15,nisha.sharma.1240@example.com
1241,Priya,Singh,Kolkata,West Bengal,2022-11-01,priya.singh.1241@example.com
1242,Kabir,Singh,New Delhi,Delhi,2022-02-17,kabir.singh.1242@example.com
1243,Priya,Kapoor,Mysuru,Karnataka,2022-03-12,priya.kapoor.1243@example.com
1244,Neha,Mehta,Pune,Maharashtra,2023-04-21,neha.mehta.1244@example.com
1245,Kavya,Kapoor,Nagpur,Maharashtra,2025-05-01,kavya.kapoor.1245@example.com
1246,Priya,Khan,Nizamabad,Telangana,2022-03-04,priya.khan.1246@example.com
1247,Nisha,Khan,Kolkata,West Bengal,2023-04-16,nisha.khan.1247@example.com
1248,Kavya,Joshi,Coimbatore,Tamil Nadu,2022-05-20,kavya.joshi.1248@example.com
1249,Rahul,Joshi,Pune,Maharashtra,2025-04-03,rahul.joshi.1249@example.com
1250,Priya,Gupta,Surat,Gujarat,2024-05-11,priya.gupta.1250@example.com
1251,Arjun,Verma,Ahmedabad,Gujarat,2024-08-31,arjun.verma.1251@example.com
1252,Ishaan,Iyer,New Delhi,Delhi,2024-06-29,ishaan.iyer.1252@example.com
1253,Neha,Kapoor,Noida,Uttar Pradesh,2024-04-18,neha.kapoor.1253@example.com
1254,Rahul,Sharma,Chennai,Tamil Nadu,2024-09-14,rahul.sharma.1254@example.com
1255,Kavya,Iyer,Jaipur,Rajasthan,2022-01-11,kavya.iyer.1255@example.com
1256,Ananya,Gupta,Nizamabad,Telangana,2025-01-09,ananya.gupta.1256@example.com
1257,Rohan,Gupta,Surat,Gujarat,2024-08-02,rohan.gupta.1257@example.com
1258,Vihaan,Das,Noida,Uttar Pradesh,2024-08-01,vihaan.das.1258@example.com
1259,Ira,Gupta,Jaipur,Rajasthan,2023-05-18,ira.gupta.1259@example.com
1260,Diya,Das,Kolkata,West Bengal,2024-10-18,diya.das.1260@example.com
1261,Ira,Kapoor,Kolkata,West Bengal,2023-05-03,ira.kapoor.1261@example.com
1262,Aarav,Das,Coimbatore,Tamil Nadu,2022-03-04,aarav.das.1262@example.com
1263,Rahul,Reddy,Surat,Gujarat,2025-03-04,rahul.reddy.1263@example.com
1264,Aarav,Reddy,Surat,Gujarat,2022-10-27,aarav.reddy.1264@example.com
1265,Kabir,Verma,Lucknow,Uttar Pradesh,2022-05-11,kabir.verma.1265@example.com
1266,Neha,Rao,New Delhi,Delhi,2024-03-04,neha.rao.1266@example.com
1267,Arjun,Das,Hyderabad,Telangana,2022-10-26,arjun.das.1267@example.com
1268,Sara,Verma,Kolkata,West Bengal,2024-12-30,sara.verma.1268@example.com
1269,Aarav,Reddy,Nagpur,Maharashtra,2023-07-21,aarav.reddy.1269@example.com
1270,Aanya,Kapoor,Mysuru,Karnataka,2022-01-06,aanya.kapoor.1270@example.com
1271,Neha,Mishra,Bengaluru,Karnataka,2023-10-19,neha.mishra.1271@example.com
1272,Kabir,Nair,Surat,Gujarat,2022-12-02,kabir.nair.1272@example.com
1273,Arjun,Khan,Nagpur,Maharashtra,2024-05-14,arjun.khan.1273@example.com
1274,Aanya,Kapoor,Pune,Maharashtra,2023-11-09,aanya.kapoor.1274@example.com
1275,Rahul,Iyer,Hyderabad,Telangana,2022-02-07,rahul.iyer.1275@example.com
1276,Riya,Reddy,Jaipur,Rajasthan,2024-08-27,riya.reddy.1276@example.com
1277,Kavya,Nair,Surat,Gujarat,2023-05-28,kavya.nair.1277@example.com
1278,Sara,Verma,Hyderabad,Telangana,2024-06-11,sara.verma.1278@example.com
1279,Meera,Das,Warangal,Telangana,2025-02-16,meera.das.1279@example.com
1280,Meera,Das,Kolkata,West Bengal,2024-02-19,meera.das.1280@example.com
1281,Priya,Iyer,Mysuru,Karnataka,2024-05-06,priya.iyer.1281@example.com
1282,Diya,Singh,Kolkata,West Bengal,2022-11-21,diya.singh.1282@example.com
1283,Tara,Verma,Coimbatore,Tamil Nadu,2022-10-31,tara.verma.1283@example.com
1284,Kabir,Nair,Lucknow,Uttar Pradesh,2023-06-14,kabir.nair.1284@example.com
1285,Aarav,Nair,Bengaluru,Karnataka,2024-12-24,aarav.nair.1285@example.com
1286,Sara,Iyer,Ahmedabad,Gujarat,2023-10-31,sara.iyer.1286@example.com
1287,Sara,Iyer,Nizamabad,Telangana,2023-03-21,sara.iyer.1287@example.com
1288,Tara,Kapoor,Noida,Uttar Pradesh,2024-09-21,tara.kapoor.1288@example.com
1289,Ishaan,Gupta,Lucknow,Uttar Pradesh,2024-12-24,ishaan.gupta.1289@example.com
1290,Ananya,Reddy,Ahmedabad,Gujarat,2025-02-25,ananya.reddy.1290@example.com
1291,Aanya,Das,New Delhi,Delhi,2023-01-17,aanya.das.1291@example.com
1292,Ishaan,Kapoor,Nagpur,Maharashtra,2024-01-24,ishaan.kapoor.1292@example.com
1293,Nisha,Nair,Jaipur,Rajasthan,2023-07-27,nisha.nair.1293@example.com
1294,Ananya,Verma,Ahmedabad,Gujarat,2023-05-22,ananya.verma.1294@example.com
1295,Nisha,Singh,Mumbai,Maharashtra,2022-05-27,nisha.singh.1295@example.com
1296,Ananya,Iyer,New Delhi,Delhi,2022-12-17,ananya.iyer.1296@example.com
1297,Rohan,Sharma,New Delhi,Delhi,2023-12-03,rohan.sharma.1297@example.com
1298,Tara,Iyer,Jaipur,Rajasthan,2025-02-05,tara.iyer.1298@example.com
1299,Ira,Mehta,Ahmedabad,Gujarat,2025-01-10,ira.mehta.1299@example.com
1300,Priya,Gupta,Kolkata,West Bengal,2022-08-28,priya.gupta.1300@example.com
1301,Aanya,Rao,Kolkata,West Bengal,2024-05-16,aanya.rao.1301@example.com
1302,Ishaan,Kapoor,Mysuru,Karnataka,2022-04-19,ishaan.kapoor.1302@example.com
1303,Tara,Gupta,Chennai,Tamil Nadu,2024-05-11,tara.gupta.1303@example.com
1304,Ishaan,Mishra,Hyderabad,Telangana,2023-07-29,ishaan.mishra.1304@example.com
1305,Tara,Iyer,Jaipur,Rajasthan,2024-07-04,tara.iyer.1305@example.com
1306,Ananya,Kapoor,Chennai,Tamil Nadu,2023-06-27,ananya.kapoor.1306@example.com
1307,Aarav,Singh,Chennai,Tamil Nadu,2024-10-27,aarav.singh.1307@example.com
1308,Aarav,Kapoor,Bengaluru,Karnataka,2025-06-28,aarav.kapoor.1308@example.com
1309,Tara,Nair,Mumbai,Maharashtra,2024-03-25,tara.nair.1309@example.com
1310,Ira,Khan,Kolkata,West Bengal,2023-01-14,ira.khan.1310@example.com
1311,Ishaan,Rao,Bengaluru,Karnataka,2024-09-16,ishaan.rao.1311@example.com
1312,Kavya,Verma,Hyderabad,Telangana,2023-06-05,kavya.verma.1312@example.com
1313,Meera,Iyer,Ahmedabad,Gujarat,2023-11-13,meera.iyer.1313@example.com
1314,Sara,Joshi,Coimbatore,Tamil Nadu,2022-06-24,sara.joshi.1314@example.com
1315,Sara,Das,Chennai,Tamil Nadu,2022-06-02,sara.das.1315@example.com
1316,Arjun,Sharma,Coimbatore,Tamil Nadu,2024-01-04,arjun.sharma.1316@example.com
1317,Vihaan,Khan,Jaipur,Rajasthan,2022-08-27,vihaan.khan.1317@example.com
1318,Priya,Joshi,Mysuru,Karnataka,2025-06-26,priya.joshi.1318@example.com
1319,Aarav,Das,Surat,Gujarat,2024-12-27,aarav.das.1319@example.com
1320,Priya,Iyer,Noida,Uttar Pradesh,2024-06-13,priya.iyer.1320@example.com
1321,Aditya,Singh,Kolkata,West Bengal,2024-07-26,aditya.singh.1321@example.com
1322,Rahul,Khan,Coimbatore,Tamil Nadu,2024-01-30,rahul.khan.1322@example.com
1323,Priya,Nair,Ahmedabad,Gujarat,2022-03-18,priya.nair.1323@example.com
1324,Meera,Singh,New Delhi,Delhi,2023-05-16,meera.singh.1324@example.com
1325,Nisha,Verma,Chennai,Tamil Nadu,2023-09-25,nisha.verma.1325@example.com
1326,Meera,Singh,New Delhi,Delhi,2025-03-13,meera.singh.1326@example.com
1327,Aarav,Sharma,Bengaluru,Karnataka,2022-10-08,aarav.sharma.1327@example.com
1328,Kavya,Sharma,Nizamabad,Telangana,2023-09-27,kavya.sharma.1328@example.com
1329,Rohan,Patel,Coimbatore,Tamil Nadu,2023-03-16,rohan.patel.1329@example.com
1330,Aditya,Verma,Nagpur,Maharashtra,2022-06-21,aditya.verma.1330@example.com
1331,Riya,Iyer,Coimbatore,Tamil Nadu,2022-05-12,riya.iyer.1331@example.com
1332,Arjun,Verma,Kolkata,West Bengal,2023-04-12,arjun.verma.1332@example.com
1333,Ira,Kapoor,Lucknow,Uttar Pradesh,2022-04-16,ira.kapoor.1333@example.com
1334,Diya,Gupta,Warangal,Telangana,2022-03-27,diya.gupta.1334@example.com
1335,Nisha,Singh,Kolkata,West Bengal,2022-09-15,nisha.singh.1335@example.com
1336,Aarav,Gupta,New Delhi,Delhi,2023-12-09,aarav.gupta.1336@example.com
1337,Aditya,Mehta,Hyderabad,Telangana,2022-01-23,aditya.mehta.1337@example.com
1338,Ananya,Rao,Bengaluru,Karnataka,2023-01-21,ananya.rao.1338@example.com
1339,Diya,Mehta,Pune,Maharashtra,2023-08-02,diya.mehta.1339@example.com
1340,Nisha,Mehta,Mumbai,Maharashtra,2025-05-13,nisha.mehta.1340@example.com
1341,Meera,Khan,Mysuru,Karnataka,2024-03-20,meera.khan.1341@example.com
1342,Aditya,Joshi,Coimbatore,Tamil Nadu,2025-01-28,aditya.joshi.1342@example.com
1343,Tara,Gupta,New Delhi,Delhi,2023-03-15,tara.gupta.1343@example.com
1344,Diya,Patel,Hyderabad,Telangana,2023-07-28,diya.patel.1344@example.com
1345,Tara,Gupta,Nagpur,Maharashtra,2023-06-21,tara.gupta.1345@example.com
1346,Tara,Rao,Hyderabad,Telangana,2025-02-06,tara.rao.1346@example.com
1347,Vihaan,Kapoor,New Delhi,Delhi,2025-05-08,vihaan.kapoor.1347@example.com
1348,Ira,Reddy,Mysuru,Karnataka,2025-05-12,ira.reddy.1348@example.com
1349,Ananya,Sharma,New Delhi,Delhi,2024-08-17,ananya.sharma.1349@example.com
1350,Diya,Iyer,Nagpur,Maharashtra,2023-11-22,diya.iyer.1350@example.com
1351,Kabir,Kapoor,Hyderabad,Telangana,2025-06-05,kabir.kapoor.1351@example.com
1352,Aanya,Rao,Noida,Uttar Pradesh,2022-12-30,aanya.rao.1352@example.com
1353,Diya,Mishra,Hyderabad,Telangana,2023-03-19,diya.mishra.1353@example.com
1354,Arjun,Nair,Nagpur,Maharashtra,2025-02-18,arjun.nair.1354@example.com
1355,Rahul,Sharma,Mumbai,Maharashtra,2023-05-08,rahul.sharma.1355@example.com
1356,Aditya,Verma,Lucknow,Uttar Pradesh,2022-10-27,aditya.verma.1356@example.com
1357,Kavya,Das,Kolkata,West Bengal,2023-12-17,kavya.das.1357@example.com
1358,Sara,Iyer,Kolkata,West Bengal,2023-02-20,sara.iyer.1358@example.com
1359,Ishaan,Reddy,Lucknow,Uttar Pradesh,2025-02-10,ishaan.reddy.1359@example.com
1360,Ishaan,Reddy,Hyderabad,Telangana,2025-03-05,ishaan.reddy.1360@example.com
1361,Vihaan,Nair,Lucknow,Uttar Pradesh,2023-01-26,vihaan.nair.1361@example.com
1362,Rahul,Verma,Pune,Maharashtra,2023-11-07,rahul.verma.1362@example.com
1363,Neha,Rao,Kolkata,West Bengal,2025-06-09,neha.rao.1363@example.com
1364,Aarav,Singh,Coimbatore,Tamil Nadu,2024-08-05,aarav.singh.1364@example.com
1365,Aditya,Singh,Coimbatore,Tamil Nadu,2022-10-03,aditya.singh.1365@example.com
1366,Kavya,Nair,Lucknow,Uttar Pradesh,2024-01-24,kavya.nair.1366@example.com
1367,Ira,Sharma,Mumbai,Maharashtra,2024-03-01,ira.sharma.1367@example.com
1368,Aarav,Verma,Noida,Uttar Pradesh,2024-04-13,aarav.verma.1368@example.com
1369,Diya,Singh,Chennai,Tamil Nadu,2022-02-01,diya.singh.1369@example.com
1370,Priya,Das,Kolkata,West Bengal,2023-01-18,priya.das.1370@example.com
1371,Kabir,Khan,Lucknow,Uttar Pradesh,2024-12-26,kabir.khan.1371@example.com
1372,Ishaan,Verma,Warangal,Telangana,2022-11-04,ishaan.verma.1372@example.com
1373,Meera,Gupta,Lucknow,Uttar Pradesh,2023-01-18,meera.gupta.1373@example.com
1374,Aanya,Gupta,Kolkata,West Bengal,2023-02-16,aanya.gupta.1374@example.com
1375,Neha,Gupta,Ahmedabad,Gujarat,2022-08-15,neha.gupta.1375@example.com
1376,Rohan,Mehta,Nagpur,Maharashtra,2022-07-18,rohan.mehta.1376@example.com
1377,Rahul,Das,New Delhi,Delhi,2023-03-19,rahul.das.1377@example.com
1378,Arjun,Sharma,Ahmedabad,Gujarat,2025-01-20,arjun.sharma.1378@example.com
1379,Sara,Sharma,New Delhi,Delhi,2022-01-02,sara.sharma.1379@example.com
1380,Ira,Rao,Nagpur,Maharashtra,2022-12-28,ira.rao.1380@example.com
1381,Kabir,Gupta,Bengaluru,Karnataka,2022-03-19,kabir.gupta.1381@example.com
1382,Sara,Joshi,Jaipur,Rajasthan,2023-12-18,sara.joshi.1382@example.com
1383,Ishaan,Das,Warangal,Telangana,2022-11-16,ishaan.das.1383@example.com
1384,Arjun,Das,Surat,Gujarat,2024-10-07,arjun.das.1384@example.com
1385,Ira,Verma,Noida,Uttar Pradesh,2024-01-17,ira.verma.1385@example.com
1386,Ananya,Verma,Hyderabad,Telangana,2024-09-27,ananya.verma.1386@example.com
1387,Ananya,Verma,Mumbai,Maharashtra,2024-03-21,ananya.verma.1387@example.com
1388,Ananya,Reddy,Surat,Gujarat,2023-07-14,ananya.reddy.1388@example.com
1389,Neha,Rao,Hyderabad,Telangana,2025-01-03,neha.rao.1389@example.com
1390,Rohan,Joshi,Kolkata,West Bengal,2023-08-31,rohan.joshi.1390@example.com
1391,Rahul,Gupta,Surat,Gujarat,2025-04-27,rahul.gupta.1391@example.com
1392,Aanya,Sharma,Kolkata,West Bengal,2025-06-23,aanya.sharma.1392@example.com
1393,Aarav,Rao,Chennai,Tamil Nadu,2024-01-22,aarav.rao.1393@example.com
1394,Aditya,Singh,Surat,Gujarat,2024-05-10,aditya.singh.1394@example.com
1395,Aanya,Das,Kolkata,West Bengal,2022-11-23,aanya.das.1395@example.com
1396,Ira,Joshi,Pune,Maharashtra,2024-11-05,ira.joshi.1396@example.com
1397,Sara,Kapoor,Kolkata,West Bengal,2024-05-06,sara.kapoor.1397@example.com
1398,Aditya,Singh,Jaipur,Rajasthan,2025-02-25,aditya.singh.1398@example.com
1399,Riya,Mishra,Surat,Gujarat,2022-12-07,riya.mishra.1399@example.com
1400,Diya,Patel,New Delhi,Delhi,2024-10-01,diya.patel.1400@example.com
1401,Arjun,Singh,Mysuru,Karnataka,2023-08-24,arjun.singh.1401@example.com
1402,Kabir,Gupta,Warangal,Telangana,2022-08-25,kabir.gupta.1402@example.com
1403,Rohan,Mishra,Bengaluru,Karnataka,2022-08-07,rohan.mishra.1403@example.com
1404,Diya,Nair,Warangal,Telangana,2023-12-19,diya.nair.1404@example.com
1405,Diya,Singh,Noida,Uttar Pradesh,2023-02-12,diya.singh.1405@example.com
1406,Ananya,Reddy,Bengaluru,Karnataka,2023-06-30,ananya.reddy.1406@example.com
1407,Diya,Das,Jaipur,Rajasthan,2024-04-13,diya.das.1407@example.com
1408,Neha,Nair,Nagpur,Maharashtra,2023-02-11,neha.nair.1408@example.com
1409,Tara,Joshi,Mysuru,Karnataka,2025-05-04,tara.joshi.1409@example.com
1410,Diya,Verma,Chennai,Tamil Nadu,2024-09-21,diya.verma.1410@example.com
1411,Tara,Reddy,Mysuru,Karnataka,2023-10-17,tara.reddy.1411@example.com
1412,Kavya,Singh,Jaipur,Rajasthan,2025-04-07,kavya.singh.1412@example.com
1413,Kavya,Nair,Lucknow,Uttar Pradesh,2023-07-07,kavya.nair.1413@example.com
1414,Rohan,Gupta,Jaipur,Rajasthan,2022-06-28,rohan.gupta.1414@example.com
1415,Ananya,Patel,Pune,Maharashtra,2022-02-15,ananya.patel.1415@example.com
1416,Ishaan,Joshi,Ahmedabad,Gujarat,2025-04-11,ishaan.joshi.1416@example.com
1417,Vihaan,Iyer,Pune,Maharashtra,2025-05-09,vihaan.iyer.1417@example.com
1418,Vihaan,Singh,Noida,Uttar Pradesh,2024-08-01,vihaan.singh.1418@example.com
1419,Meera,Rao,New Delhi,Delhi,2022-05-12,meera.rao.1419@example.com
1420,Ananya,Das,Coimbatore,Tamil Nadu,2023-01-10,ananya.das.1420@example.com
1421,Kavya,Sharma,Pune,Maharashtra,2022-02-22,kavya.sharma.1421@example.com
1422,Sara,Verma,Nizamabad,Telangana,2022-03-07,sara.verma.1422@example.com
1423,Vihaan,Gupta,Mysuru,Karnataka,2022-11-10,vihaan.gupta.1423@example.com
1424,Kavya,Patel,Noida,Uttar Pradesh,2024-01-01,kavya.patel.1424@example.com
1425,Diya,Sharma,Jaipur,Rajasthan,2022-03-25,diya.sharma.1425@example.com
1426,Aanya,Verma,Lucknow,Uttar Pradesh,2025-06-10,aanya.verma.1426@example.com
1427,Tara,Rao,Hyderabad,Telangana,2023-08-04,tara.rao.1427@example.com
1428,Meera,Iyer,Kolkata,West Bengal,2022-12-03,meera.iyer.1428@example.com
1429,Aarav,Das,Bengaluru,Karnataka,2023-10-21,aarav.das.1429@example.com
1430,Arjun,Verma,New Delhi,Delhi,2024-10-05,arjun.verma.1430@example.com
1431,Ananya,Rao,Mysuru,Karnataka,2023-02-03,ananya.rao.1431@example.com
1432,Aarav,Joshi,Mysuru,Karnataka,2022-03-02,aarav.joshi.1432@example.com
1433,Arjun,Nair,Kolkata,West Bengal,2022-03-07,arjun.nair.1433@example.com
1434,Nisha,Mishra,Mumbai,Maharashtra,2024-12-23,nisha.mishra.1434@example.com
1435,Aditya,Gupta,New Delhi,Delhi,2022-05-23,aditya.gupta.1435@example.com
1436,Arjun,Das,Kolkata,West Bengal,2024-03-21,arjun.das.1436@example.com
1437,Ira,Khan,Mumbai,Maharashtra,2023-05-06,ira.khan.1437@example.com
1438,Vihaan,Rao,Noida,Uttar Pradesh,2024-09-19,vihaan.rao.1438@example.com
1439,Rahul,Sharma,New Delhi,Delhi,2022-03-19,rahul.sharma.1439@example.com
1440,Neha,Rao,Jaipur,Rajasthan,2025-02-19,neha.rao.1440@example.com
1441,Meera,Joshi,Kolkata,West Bengal,2024-06-09,meera.joshi.1441@example.com
1442,Tara,Nair,Surat,Gujarat,2023-07-28,tara.nair.1442@example.com
1443,Ishaan,Sharma,Surat,Gujarat,2022-09-22,ishaan.sharma.1443@example.com
1444,Meera,Mehta,Jaipur,Rajasthan,2025-05-31,meera.mehta.1444@example.com
1445,Rohan,Rao,Kolkata,West Bengal,2023-01-21,rohan.rao.1445@example.com
1446,Ishaan,Joshi,Bengaluru,Karnataka,2023-09-18,ishaan.joshi.1446@example.com
1447,Arjun,Verma,Hyderabad,Telangana,2023-05-18,arjun.verma.1447@example.com
1448,Kavya,Joshi,Kolkata,West Bengal,2022-10-22,kavya.joshi.1448@example.com
1449,Arjun,Das,Hyderabad,Telangana,2023-06-16,arjun.das.1449@example.com
1450,Rohan,Mehta,Mysuru,Karnataka,2022-07-13,rohan.mehta.1450@example.com
1451,Diya,Reddy,Warangal,Telangana,2022-01-03,diya.reddy.1451@example.com
1452,Ananya,Mishra,New Delhi,Delhi,2023-01-06,ananya.mishra.1452@example.com
1453,Kabir,Rao,Nagpur,Maharashtra,2022-05-24,kabir.rao.1453@example.com
1454,Ishaan,Joshi,Kolkata,West Bengal,2023-06-14,ishaan.joshi.1454@example.com
1455,Rahul,Mishra,Jaipur,Rajasthan,2025-01-05,rahul.mishra.1455@example.com
1456,Neha,Verma,Jaipur,Rajasthan,2022-07-27,neha.verma.1456@example.com
1457,Aanya,Sharma,Bengaluru,Karnataka,2022-01-02,aanya.sharma.1457@example.com
1458,Neha,Mishra,New Delhi,Delhi,2022-05-22,neha.mishra.1458@example.com
1459,Tara,Rao,Kolkata,West Bengal,2023-10-11,tara.rao.1459@example.com
1460,Sara,Patel,New Delhi,Delhi,2022-12-17,sara.patel.1460@example.com
1461,Kavya,Iyer,Kolkata,West Bengal,2022-02-07,kavya.iyer.1461@example.com
1462,Aditya,Sharma,Pune,Maharashtra,2023-03-02,aditya.sharma.1462@example.com
1463,Neha,Mehta,Noida,Uttar Pradesh,2023-06-08,neha.mehta.1463@example.com
1464,Diya,Singh,Nizamabad,Telangana,2023-07-05,diya.singh.1464@example.com
1465,Priya,Verma,Jaipur,Rajasthan,2023-12-05,priya.verma.1465@example.com
1466,Rohan,Rao,Kolkata,West Bengal,2024-09-23,rohan.rao.1466@example.com
1467,Vihaan,Joshi,Bengaluru,Karnataka,2023-08-20,vihaan.joshi.1467@example.com
1468,Riya,Singh,Surat,Gujarat,2024-12-09,riya.singh.1468@example.com
1469,Ananya,Das,Nizamabad,Telangana,2023-11-07,ananya.das.1469@example.com
1470,Aditya,Kapoor,Ahmedabad,Gujarat,2022-11-29,aditya.kapoor.1470@example.com
1471,Sara,Das,Kolkata,West Bengal,2022-10-20,sara.das.1471@example.com
1472,Vihaan,Gupta,Nizamabad,Telangana,2023-02-16,vihaan.gupta.1472@example.com
1473,Diya,Khan,Warangal,Telangana,2024-02-02,diya.khan.1473@example.com
1474,Priya,Mehta,Surat,Gujarat,2022-11-06,priya.mehta.1474@example.com
1475,Priya,Iyer,Bengaluru,Karnataka,2025-03-12,priya.iyer.1475@example.com
1476,Diya,Nair,Noida,Uttar Pradesh,2023-09-05,diya.nair.1476@example.com
1477,Ishaan,Mehta,Ahmedabad,Gujarat,2025-01-06,ishaan.mehta.1477@example.com
1478,Kavya,Sharma,Surat,Gujarat,2024-05-21,kavya.sharma.1478@example.com
1479,Arjun,Joshi,Bengaluru,Karnataka,2023-03-02,arjun.joshi.1479@example.com
1480,Vihaan,Khan,Surat,Gujarat,2022-10-19,vihaan.khan.1480@example.com
1481,Arjun,Patel,Noida,Uttar Pradesh,2024-08-07,arjun.patel.1481@example.com
1482,Kavya,Singh,Warangal,Telangana,2023-02-27,kavya.singh.1482@example.com
1483,Diya,Gupta,Bengaluru,Karnataka,2022-11-12,diya.gupta.1483@example.com
1484,Aarav,Kapoor,Bengaluru,Karnataka,2025-04-02,aarav.kapoor.1484@example.com
1485,Arjun,Kapoor,Coimbatore,Tamil Nadu,2023-09-08,arjun.kapoor.1485@example.com
1486,Aarav,Khan,Surat,Gujarat,2022-03-03,aarav.khan.1486@example.com
1487,Kavya,Verma,New Delhi,Delhi,2023-09-24,kavya.verma.1487@example.com
1488,Diya,Sharma,Kolkata,West Bengal,2023-08-11,diya.sharma.1488@example.com
1489,Vihaan,Gupta,Mysuru,Karnataka,2025-01-07,vihaan.gupta.1489@example.com
1490,Rohan,Patel,Mumbai,Maharashtra,2024-06-26,rohan.patel.1490@example.com
1491,Meera,Das,Bengaluru,Karnataka,2022-09-02,meera.das.1491@example.com
1492,Aanya,Patel,Jaipur,Rajasthan,2022-07-11,aanya.patel.1492@example.com
1493,Kavya,Khan,Kolkata,West Bengal,2024-02-10,kavya.khan.1493@example.com
1494,Aarav,Kapoor,Chennai,Tamil Nadu,2022-03-02,aarav.kapoor.1494@example.com
1495,Vihaan,Mehta,Jaipur,Rajasthan,2023-02-12,vihaan.mehta.1495@example.com
1496,Aarav,Khan,Nizamabad,Telangana,2022-06-26,aarav.khan.1496@example.com
1497,Ishaan,Mishra,Mysuru,Karnataka,2022-01-27,ishaan.mishra.1497@example.com
1498,Priya,Verma,Bengaluru,Karnataka,2025-03-18,priya.verma.1498@example.com
1499,Sara,Verma,Lucknow,Uttar Pradesh,2022-04-25,sara.verma.1499@example.com
1500,Rohan,Gupta,Surat,Gujarat,2022-01-12,rohan.gupta.1500@example.com
1501,Sara,Verma,Kolkata,West Bengal,2025-04-05,sara.verma.1501@example.com
1502,Sara,Mishra,Warangal,Telangana,2022-08-29,sara.mishra.1502@example.com
1503,Arjun,Nair,Mumbai,Maharashtra,2024-11-07,arjun.nair.1503@example.com
1504,Priya,Gupta,Kolkata,West Bengal,2022-02-09,priya.gupta.1504@example.com
1505,Ananya,Iyer,Coimbatore,Tamil Nadu,2022-07-15,ananya.iyer.1505@example.com
1506,Vihaan,Khan,Lucknow,Uttar Pradesh,2022-05-22,vihaan.khan.1506@example.com
1507,Ishaan,Patel,Ahmedabad,Gujarat,2024-06-20,ishaan.patel.1507@example.com
1508,Nisha,Das,New Delhi,Delhi,2024-03-02,nisha.das.1508@example.com
1509,Sara,Gupta,Ahmedabad,Gujarat,2023-08-30,sara.gupta.1509@example.com
1510,Rahul,Mehta,Noida,Uttar Pradesh,2022-11-05,rahul.mehta.1510@example.com
1511,Nisha,Verma,New Delhi,Delhi,2022-04-24,nisha.verma.1511@example.com
1512,Ishaan,Iyer,Kolkata,West Bengal,2023-12-28,ishaan.iyer.1512@example.com
1513,Diya,Mishra,Noida,Uttar Pradesh,2022-10-22,diya.mishra.1513@example.com
1514,Vihaan,Gupta,Bengaluru,Karnataka,2024-01-24,vihaan.gupta.1514@example.com
1515,Tara,Gupta,Jaipur,Rajasthan,2024-05-27,tara.gupta.1515@example.com
1516,Kavya,Singh,Warangal,Telangana,2024-12-19,kavya.singh.1516@example.com
1517,Arjun,Joshi,Kolkata,West Bengal,2023-09-23,arjun.joshi.1517@example.com
1518,Aanya,Kapoor,Jaipur,Rajasthan,2022-01-07,aanya.kapoor.1518@example.com
1519,Nisha,Verma,Kolkata,West Bengal,2022-12-25,nisha.verma.1519@example.com
1520,Ira,Khan,New Delhi,Delhi,2024-12-24,ira.khan.1520@example.com
1521,Rohan,Mishra,Kolkata,West Bengal,2023-11-12,rohan.mishra.1521@example.com
1522,Tara,Joshi,Nagpur,Maharashtra,2024-02-29,tara.joshi.1522@example.com
1523,Rahul,Khan,Nagpur,Maharashtra,2023-08-08,rahul.khan.1523@example.com
1524,Kabir,Rao,Mysuru,Karnataka,2022-07-27,kabir.rao.1524@example.com
1525,Ishaan,Kapoor,Kolkata,West Bengal,2025-02-18,ishaan.kapoor.1525@example.com
1526,Riya,Gupta,Chennai,Tamil Nadu,2024-09-13,riya.gupta.1526@example.com
1527,Ira,Singh,Bengaluru,Karnataka,2025-06-23,ira.singh.1527@example.com
1528,Priya,Khan,Jaipur,Rajasthan,2024-12-27,priya.khan.1528@example.com
1529,Neha,Sharma,Chennai,Tamil Nadu,2023-01-07,neha.sharma.1529@example.com
1530,Neha,Iyer,New Delhi,Delhi,2022-11-21,neha.iyer.1530@example.com
1531,Riya,Joshi,Chennai,Tamil Nadu,2022-11-14,riya.joshi.1531@example.com
1532,Neha,Reddy,Mumbai,Maharashtra,2025-03-18,neha.reddy.1532@example.com
1533,Neha,Joshi,Ahmedabad,Gujarat,2023-12-12,neha.joshi.1533@example.com
1534,Tara,Verma,New Delhi,Delhi,2023-08-03,tara.verma.1534@example.com
1535,Meera,Joshi,Warangal,Telangana,2025-05-20,meera.joshi.1535@example.com
1536,Aditya,Nair,Lucknow,Uttar Pradesh,2024-02-09,aditya.nair.1536@example.com
1537,Aditya,Reddy,Jaipur,Rajasthan,2025-03-06,aditya.reddy.1537@example.com
1538,Nisha,Das,Ahmedabad,Gujarat,2025-06-10,nisha.das.1538@example.com
1539,Kabir,Sharma,Jaipur,Rajasthan,2022-04-12,kabir.sharma.1539@example.com
1540,Kavya,Gupta,Lucknow,Uttar Pradesh,2023-04-07,kavya.gupta.1540@example.com
1541,Neha,Mishra,Chennai,Tamil Nadu,2024-07-25,neha.mishra.1541@example.com
1542,Meera,Mishra,Kolkata,West Bengal,2024-11-03,meera.mishra.1542@example.com
1543,Nisha,Sharma,Kolkata,West Bengal,2022-07-09,nisha.sharma.1543@example.com
1544,Rahul,Singh,Mysuru,Karnataka,2023-02-11,rahul.singh.1544@example.com
1545,Ananya,Patel,Pune,Maharashtra,2023-12-01,ananya.patel.1545@example.com
1546,Tara,Mehta,Mumbai,Maharashtra,2024-10-16,tara.mehta.1546@example.com
1547,Kavya,Kapoor,Kolkata,West Bengal,2022-05-25,kavya.kapoor.1547@example.com
1548,Rohan,Reddy,Jaipur,Rajasthan,2024-02-06,rohan.reddy.1548@example.com
1549,Neha,Nair,Surat,Gujarat,2023-01-14,neha.nair.1549@example.com
1550,Diya,Joshi,Mysuru,Karnataka,2022-10-04,diya.joshi.1550@example.com
1551,Kavya,Mishra,Nagpur,Maharashtra,2023-10-20,kavya.mishra.1551@example.com
1552,Ira,Singh,New Delhi,Delhi,2023-06-13,ira.singh.1552@example.com
1553,Meera,Khan,New Delhi,Delhi,2024-03-22,meera.khan.1553@example.com
1554,Arjun,Iyer,Lucknow,Uttar Pradesh,2023-02-10,arjun.iyer.1554@example.com
1555,Kabir,Patel,Jaipur,Rajasthan,2024-11-16,kabir.patel.1555@example.com
1556,Priya,Gupta,Noida,Uttar Pradesh,2022-04-10,priya.gupta.1556@example.com
1557,Kavya,Das,Jaipur,Rajasthan,2025-01-04,kavya.das.1557@example.com
1558,Vihaan,Khan,Noida,Uttar Pradesh,2022-02-08,vihaan.khan.1558@example.com
1559,Vihaan,Iyer,New Delhi,Delhi,2024-07-28,vihaan.iyer.1559@example.com
1560,Sara,Das,Nizamabad,Telangana,2023-03-19,sara.das.1560@example.com
1561,Ananya,Khan,Hyderabad,Telangana,2023-05-05,ananya.khan.1561@example.com
1562,Kavya,Singh,Coimbatore,Tamil Nadu,2022-01-25,kavya.singh.1562@example.com
1563,Vihaan,Mehta,Bengaluru,Karnataka,2024-06-14,vihaan.mehta.1563@example.com
1564,Kabir,Kapoor,Pune,Maharashtra,2022-07-31,kabir.kapoor.1564@example.com
1565,Aarav,Kapoor,Noida,Uttar Pradesh,2024-04-21,aarav.kapoor.1565@example.com
1566,Priya,Sharma,Nagpur,Maharashtra,2024-07-14,priya.sharma.1566@example.com
1567,Riya,Das,Lucknow,Uttar Pradesh,2024-12-14,riya.das.1567@example.com
1568,Arjun,Patel,Surat,Gujarat,2024-06-22,arjun.patel.1568@example.com
1569,Kabir,Joshi,Kolkata,West Bengal,2023-01-20,kabir.joshi.1569@example.com
1570,Kavya,Rao,Surat,Gujarat,2024-07-31,kavya.rao.1570@example.com
1571,Aarav,Khan,Mysuru,Karnataka,2024-11-19,aarav.khan.1571@example.com
1572,Tara,Khan,Kolkata,West Bengal,2023-02-09,tara.khan.1572@example.com
1573,Riya,Nair,Mumbai,Maharashtra,2022-06-08,riya.nair.1573@example.com
1574,Arjun,Gupta,Lucknow,Uttar Pradesh,2025-02-09,arjun.gupta.1574@example.com
1575,Aditya,Joshi,Mysuru,Karnataka,2022-07-08,aditya.joshi.1575@example.com
1576,Sara,Rao,Mysuru,Karnataka,2024-01-28,sara.rao.1576@example.com
1577,Aarav,Rao,Surat,Gujarat,2022-10-29,aarav.rao.1577@example.com
1578,Ira,Mehta,Kolkata,West Bengal,2022-06-10,ira.mehta.1578@example.com
1579,Vihaan,Sharma,New Delhi,Delhi,2024-09-17,vihaan.sharma.1579@example.com
1580,Ira,Rao,Kolkata,West Bengal,2024-05-05,ira.rao.1580@example.com
1581,Ishaan,Singh,Nagpur,Maharashtra,2024-06-03,ishaan.singh.1581@example.com
1582,Priya,Nair,Surat,Gujarat,2022-03-18,priya.nair.1582@example.com
1583,Riya,Singh,Mysuru,Karnataka,2022-08-09,riya.singh.1583@example.com
1584,Diya,Kapoor,Bengaluru,Karnataka,2024-10-10,diya.kapoor.1584@example.com
1585,Meera,Khan,Pune,Maharashtra,2023-10-10,meera.khan.1585@example.com
1586,Meera,Verma,Bengaluru,Karnataka,2022-06-04,meera.verma.1586@example.com
1587,Tara,Khan,Mysuru,Karnataka,2025-06-19,tara.khan.1587@example.com
1588,Rohan,Nair,New Delhi,Delhi,2022-12-05,rohan.nair.1588@example.com
1589,Rohan,Nair,Mumbai,Maharashtra,2022-01-06,rohan.nair.1589@example.com
1590,Ishaan,Rao,Nagpur,Maharashtra,2025-03-25,ishaan.rao.1590@example.com
1591,Priya,Mishra,New Delhi,Delhi,2022-01-22,priya.mishra.1591@example.com
1592,Riya,Mehta,Mumbai,Maharashtra,2023-12-08,riya.mehta.1592@example.com
1593,Rahul,Verma,Ahmedabad,Gujarat,2025-06-21,rahul.verma.1593@example.com
1594,Aditya,Gupta,Lucknow,Uttar Pradesh,2024-01-08,aditya.gupta.1594@example.com
1595,Meera,Rao,Chennai,Tamil Nadu,2024-01-16,meera.rao.1595@example.com
1596,Aanya,Kapoor,Noida,Uttar Pradesh,2023-05-11,aanya.kapoor.1596@example.com
1597,Ishaan,Nair,Hyderabad,Telangana,2022-06-11,ishaan.nair.1597@example.com
1598,Arjun,Gupta,Warangal,Telangana,2024-01-01,arjun.gupta.1598@example.com
1599,Kavya,Mishra,Surat,Gujarat,2025-02-18,kavya.mishra.1599@example.com
1600,Kavya,Das,Surat,Gujarat,2022-04-27,kavya.das.1600@example.com
1601,Priya,Verma,Jaipur,Rajasthan,2025-01-28,priya.verma.1601@example.com
1602,Aanya,Reddy,Hyderabad,Telangana,2023-06-14,aanya.reddy.1602@example.com
1603,Rahul,Verma,Ahmedabad,Gujarat,2023-11-16,rahul.verma.1603@example.com
1604,Ananya,Joshi,Chennai,Tamil Nadu,2022-07-31,ananya.joshi.1604@example.com
1605,Vihaan,Rao,Bengaluru,Karnataka,2024-03-04,vihaan.rao.1605@example.com
1606,Rohan,Reddy,Mumbai,Maharashtra,2022-08-21,rohan.reddy.1606@example.com
1607,Diya,Reddy,Noida,Uttar Pradesh,2022-12-15,diya.reddy.1607@example.com
1608,Ananya,Kapoor,Warangal,Telangana,2024-07-09,ananya.kapoor.1608@example.com
1609,Vihaan,Verma,Jaipur,Rajasthan,2022-03-06,vihaan.verma.1609@example.com
1610,Tara,Khan,Kolkata,West Bengal,2023-07-25,tara.khan.1610@example.com
1611,Rahul,Singh,Ahmedabad,Gujarat,2024-01-29,rahul.singh.1611@example.com
1612,Ira,Patel,Ahmedabad,Gujarat,2022-06-18,ira.patel.1612@example.com
1613,Diya,Verma,Jaipur,Rajasthan,2023-01-12,diya.verma.1613@example.com
1614,Diya,Khan,Pune,Maharashtra,2023-03-15,diya.khan.1614@example.com
1615,Kavya,Singh,Hyderabad,Telangana,2024-04-26,kavya.singh.1615@example.com
1616,Priya,Nair,Kolkata,West Bengal,2025-05-31,priya.nair.1616@example.com
1617,Riya,Verma,Chennai,Tamil Nadu,2024-12-03,riya.verma.1617@example.com
1618,Ishaan,Singh,Nagpur,Maharashtra,2022-08-31,ishaan.singh.1618@example.com
1619,Rahul,Gupta,Pune,Maharashtra,2022-01-24,rahul.gupta.1619@example.com
1620,Ananya,Gupta,Mysuru,Karnataka,2022-03-08,ananya.gupta.1620@example.com
1621,Aanya,Gupta,Nizamabad,Telangana,2024-01-31,aanya.gupta.1621@example.com
1622,Kabir,Khan,Warangal,Telangana,2022-07-19,kabir.khan.1622@example.com
1623,Diya,Singh,Lucknow,Uttar Pradesh,2022-10-23,diya.singh.1623@example.com
1624,Arjun,Das,Bengaluru,Karnataka,2024-12-17,arjun.das.1624@example.com
1625,Aanya,Mehta,Lucknow,Uttar Pradesh,2025-01-20,aanya.mehta.1625@example.com
1626,Priya,Mehta,Lucknow,Uttar Pradesh,2024-12-06,priya.mehta.1626@example.com
1627,Ira,Mishra,Mumbai,Maharashtra,2022-11-20,ira.mishra.1627@example.com
1628,Riya,Mishra,Ahmedabad,Gujarat,2024-03-01,riya.mishra.1628@example.com
1629,Tara,Verma,Kolkata,West Bengal,2024-02-19,tara.verma.1629@example.com
1630,Neha,Mehta,Ahmedabad,Gujarat,2022-08-25,neha.mehta.1630@example.com
1631,Vihaan,Khan,Nizamabad,Telangana,2023-12-08,vihaan.khan.1631@example.com
1632,Riya,Patel,Nagpur,Maharashtra,2023-11-02,riya.patel.1632@example.com
1633,Kabir,Verma,Nizamabad,Telangana,2023-05-21,kabir.verma.1633@example.com
1634,Diya,Rao,Kolkata,West Bengal,2024-08-17,diya.rao.1634@example.com
1635,Ananya,Khan,Lucknow,Uttar Pradesh,2024-05-14,ananya.khan.1635@example.com
1636,Rahul,Patel,Ahmedabad,Gujarat,2023-11-11,rahul.patel.1636@example.com
1637,Riya,Sharma,Surat,Gujarat,2024-07-15,riya.sharma.1637@example.com
1638,Meera,Mehta,Lucknow,Uttar Pradesh,2024-08-31,meera.mehta.1638@example.com
1639,Tara,Patel,Ahmedabad,Gujarat,2023-12-25,tara.patel.1639@example.com
1640,Tara,Iyer,Warangal,Telangana,2022-12-08,tara.iyer.1640@example.com
1641,Ananya,Mishra,Jaipur,Rajasthan,2024-08-25,ananya.mishra.1641@example.com
1642,Priya,Mehta,Chennai,Tamil Nadu,2024-07-04,priya.mehta.1642@example.com
1643,Ira,Verma,Nizamabad,Telangana,2025-06-08,ira.verma.1643@example.com
1644,Diya,Gupta,New Delhi,Delhi,2022-07-11,diya.gupta.1644@example.com
1645,Priya,Sharma,Noida,Uttar Pradesh,2023-06-19,priya.sharma.1645@example.com
1646,Sara,Khan,Bengaluru,Karnataka,2025-03-25,sara.khan.1646@example.com
1647,Neha,Gupta,New Delhi,Delhi,2023-10-19,neha.gupta.1647@example.com
1648,Nisha,Rao,Pune,Maharashtra,2025-04-17,nisha.rao.1648@example.com
1649,Meera,Khan,Warangal,Telangana,2022-01-16,meera.khan.1649@example.com
1650,Neha,Joshi,Nizamabad,Telangana,2022-02-14,neha.joshi.1650@example.com
1651,Aditya,Reddy,Surat,Gujarat,2024-10-12,aditya.reddy.1651@example.com
1652,Nisha,Rao,Jaipur,Rajasthan,2023-04-03,nisha.rao.1652@example.com
1653,Ishaan,Mishra,Pune,Maharashtra,2023-10-26,ishaan.mishra.1653@example.com
1654,Ananya,Iyer,Mysuru,Karnataka,2023-07-01,ananya.iyer.1654@example.com
1655,Nisha,Sharma,Nagpur,Maharashtra,2023-06-05,nisha.sharma.1655@example.com
1656,Rahul,Gupta,Nizamabad,Telangana,2025-04-13,rahul.gupta.1656@example.com
1657,Riya,Das,New Delhi,Delhi,2022-05-01,riya.das.1657@example.com
1658,Diya,Das,Ahmedabad,Gujarat,2024-09-12,diya.das.1658@example.com
1659,Kabir,Mehta,Kolkata,West Bengal,2025-02-09,kabir.mehta.1659@example.com
1660,Kabir,Reddy,Coimbatore,Tamil Nadu,2024-04-18,kabir.reddy.1660@example.com
1661,Ananya,Mehta,New Delhi,Delhi,2023-05-20,ananya.mehta.1661@example.com
1662,Neha,Gupta,Warangal,Telangana,2022-07-24,neha.gupta.1662@example.com
1663,Aditya,Das,Mumbai,Maharashtra,2024-05-20,aditya.das.1663@example.com
1664,Ira,Joshi,Noida,Uttar Pradesh,2023-08-22,ira.joshi.1664@example.com
1665,Kavya,Sharma,Surat,Gujarat,2022-07-10,kavya.sharma.1665@example.com
1666,Diya,Das,Lucknow,Uttar Pradesh,2023-04-04,diya.das.1666@example.com
1667,Aanya,Das,Lucknow,Uttar Pradesh,2025-05-11,aanya.das.1667@example.com
1668,Kabir,Nair,Kolkata,West Bengal,2022-12-05,kabir.nair.1668@example.com
1669,Aditya,Mishra,Lucknow,Uttar Pradesh,2022-08-16,aditya.mishra.1669@example.com
1670,Meera,Sharma,Chennai,Tamil Nadu,2024-05-20,meera.sharma.1670@example.com
1671,Neha,Khan,Nizamabad,Telangana,2022-09-12,neha.khan.1671@example.com
1672,Ira,Patel,Hyderabad,Telangana,2025-03-19,ira.patel.1672@example.com
1673,Ananya,Mishra,Warangal,Telangana,2025-06-08,ananya.mishra.1673@example.com
1674,Aditya,Iyer,Hyderabad,Telangana,2025-03-10,aditya.iyer.1674@example.com
1675,Neha,Patel,Coimbatore,Tamil Nadu,2022-11-08,neha.patel.1675@example.com
1676,Riya,Das,Surat,Gujarat,2022-09-28,riya.das.1676@example.com
1677,Neha,Das,Jaipur,Rajasthan,2023-03-14,neha.das.1677@example.com
1678,Ishaan,Verma,Kolkata,West Bengal,2023-08-23,ishaan.verma.1678@example.com
1679,Meera,Mehta,Pune,Maharashtra,2024-07-24,meera.mehta.1679@example.com
1680,Ananya,Sharma,Surat,Gujarat,2024-04-02,ananya.sharma.1680@example.com
1681,Rohan,Mishra,Coimbatore,Tamil Nadu,2024-04-04,rohan.mishra.1681@example.com
1682,Rohan,Reddy,Nizamabad,Telangana,2023-06-11,rohan.reddy.1682@example.com
1683,Ishaan,Joshi,Mysuru,Karnataka,2023-10-22,ishaan.joshi.1683@example.com
1684,Aanya,Rao,Bengaluru,Karnataka,2022-04-24,aanya.rao.1684@example.com
1685,Aditya,Khan,Mysuru,Karnataka,2024-08-04,aditya.khan.1685@example.com
1686,Priya,Khan,Jaipur,Rajasthan,2024-04-12,priya.khan.1686@example.com
1687,Diya,Joshi,Surat,Gujarat,2024-07-21,diya.joshi.1687@example.com
1688,Riya,Sharma,Ahmedabad,Gujarat,2023-11-13,riya.sharma.1688@example.com
1689,Rahul,Kapoor,Nagpur,Maharashtra,2024-09-26,rahul.kapoor.1689@example.com
1690,Vihaan,Sharma,Jaipur,Rajasthan,2025-04-26,vihaan.sharma.1690@example.com
1691,Kabir,Kapoor,Ahmedabad,Gujarat,2023-12-29,kabir.kapoor.1691@example.com
1692,Tara,Gupta,Nagpur,Maharashtra,2023-07-22,tara.gupta.1692@example.com
1693,Kabir,Joshi,Kolkata,West Bengal,2022-05-14,kabir.joshi.1693@example.com
1694,Priya,Patel,New Delhi,Delhi,2024-09-20,priya.patel.1694@example.com
1695,Kavya,Verma,Coimbatore,Tamil Nadu,2025-02-27,kavya.verma.1695@example.com
1696,Rahul,Rao,Nagpur,Maharashtra,2024-06-11,rahul.rao.1696@example.com
1697,Meera,Kapoor,New Delhi,Delhi,2025-01-09,meera.kapoor.1697@example.com
1698,Rohan,Patel,Nizamabad,Telangana,2025-01-03,rohan.patel.1698@example.com
1699,Ishaan,Sharma,Mumbai,Maharashtra,2024-10-15,ishaan.sharma.1699@example.com
1700,Rahul,Nair,Pune,Maharashtra,2023-10-04,rahul.nair.1700@example.com
1701,Sara,Sharma,Noida,Uttar Pradesh,2022-05-08,sara.sharma.1701@example.com
1702,Riya,Das,Bengaluru,Karnataka,2022-01-05,riya.das.1702@example.com
1703,Rahul,Sharma,Coimbatore,Tamil Nadu,2022-09-18,rahul.sharma.1703@example.com
1704,Rahul,Kapoor,Bengaluru,Karnataka,2023-07-04,rahul.kapoor.1704@example.com
1705,Kavya,Iyer,Noida,Uttar Pradesh,2024-08-06,kavya.iyer.1705@example.com
1706,Diya,Kapoor,Kolkata,West Bengal,2023-08-05,diya.kapoor.1706@example.com
1707,Ira,Patel,Noida,Uttar Pradesh,2022-01-30,ira.patel.1707@example.com
1708,Priya,Mehta,Mysuru,Karnataka,2022-09-26,priya.mehta.1708@example.com
1709,Aditya,Verma,Nagpur,Maharashtra,2025-06-03,aditya.verma.1709@example.com
1710,Riya,Sharma,Kolkata,West Bengal,2025-06-14,riya.sharma.1710@example.com
1711,Ishaan,Patel,Chennai,Tamil Nadu,2023-04-27,ishaan.patel.1711@example.com
1712,Sara,Mehta,Jaipur,Rajasthan,2024-10-24,sara.mehta.1712@example.com
1713,Ananya,Das,Jaipur,Rajasthan,2024-07-06,ananya.das.1713@example.com
1714,Nisha,Khan,New Delhi,Delhi,2025-04-03,nisha.khan.1714@example.com
1715,Meera,Patel,Lucknow,Uttar Pradesh,2025-02-06,meera.patel.1715@example.com
1716,Arjun,Sharma,New Delhi,Delhi,2024-03-13,arjun.sharma.1716@example.com
1717,Arjun,Nair,Bengaluru,Karnataka,2023-05-19,arjun.nair.1717@example.com
1718,Riya,Singh,New Delhi,Delhi,2024-03-10,riya.singh.1718@example.com
1719,Ira,Das,Warangal,Telangana,2023-02-12,ira.das.1719@example.com
1720,Rahul,Mehta,Jaipur,Rajasthan,2023-03-21,rahul.mehta.1720@example.com
1721,Aditya,Singh,Nizamabad,Telangana,2024-02-16,aditya.singh.1721@example.com
1722,Aditya,Gupta,Mysuru,Karnataka,2023-12-31,aditya.gupta.1722@example.com
1723,Neha,Gupta,Kolkata,West Bengal,2024-01-12,neha.gupta.1723@example.com
1724,Tara,Khan,Warangal,Telangana,2023-05-06,tara.khan.1724@example.com
1725,Ishaan,Iyer,Nizamabad,Telangana,2023-06-07,ishaan.iyer.1725@example.com
1726,Rohan,Nair,Ahmedabad,Gujarat,2022-01-14,rohan.nair.1726@example.com
1727,Ananya,Patel,Hyderabad,Telangana,2024-02-07,ananya.patel.1727@example.com
1728,Aditya,Rao,New Delhi,Delhi,2024-01-05,aditya.rao.1728@example.com
1729,Ira,Verma,Chennai,Tamil Nadu,2025-04-08,ira.verma.1729@example.com
1730,Meera,Mishra,Mysuru,Karnataka,2023-10-06,meera.mishra.1730@example.com
1731,Tara,Verma,Mumbai,Maharashtra,2023-08-20,tara.verma.1731@example.com
1732,Kabir,Patel,Surat,Gujarat,2022-03-28,kabir.patel.1732@example.com
1733,Arjun,Khan,Noida,Uttar Pradesh,2022-09-09,arjun.khan.1733@example.com
1734,Aditya,Reddy,Nagpur,Maharashtra,2023-03-08,aditya.reddy.1734@example.com
1735,Ishaan,Mishra,Noida,Uttar Pradesh,2023-04-27,ishaan.mishra.1735@example.com
1736,Meera,Singh,Kolkata,West Bengal,2023-04-08,meera.singh.1736@example.com
1737,Vihaan,Das,Kolkata,West Bengal,2023-05-18,vihaan.das.1737@example.com
1738,Nisha,Nair,Ahmedabad,Gujarat,2024-09-08,nisha.nair.1738@example.com
1739,Diya,Verma,Ahmedabad,Gujarat,2022-06-17,diya.verma.1739@example.com
1740,Nisha,Rao,Jaipur,Rajasthan,2023-02-28,nisha.rao.1740@example.com
1741,Diya,Reddy,New Delhi,Delhi,2022-07-27,diya.reddy.1741@example.com
1742,Arjun,Patel,New Delhi,Delhi,2023-01-28,arjun.patel.1742@example.com
1743,Aarav,Das,Mysuru,Karnataka,2024-05-23,aarav.das.1743@example.com
1744,Aanya,Kapoor,Nizamabad,Telangana,2022-03-01,aanya.kapoor.1744@example.com
1745,Ira,Joshi,Kolkata,West Bengal,2023-03-10,ira.joshi.1745@example.com
1746,Kavya,Mehta,Warangal,Telangana,2022-01-31,kavya.mehta.1746@example.com
1747,Riya,Singh,Mysuru,Karnataka,2025-05-03,riya.singh.1747@example.com
1748,Arjun,Singh,Hyderabad,Telangana,2024-07-16,arjun.singh.1748@example.com
1749,Kabir,Khan,Mumbai,Maharashtra,2022-11-07,kabir.khan.1749@example.com
1750,Rohan,Nair,Kolkata,West Bengal,2022-09-10,rohan.nair.1750@example.com
1751,Aditya,Das,Kolkata,West Bengal,2022-05-07,aditya.das.1751@example.com
1752,Aarav,Kapoor,Chennai,Tamil Nadu,2023-08-27,aarav.kapoor.1752@example.com
1753,Vihaan,Singh,Hyderabad,Telangana,2024-08-19,vihaan.singh.1753@example.com
1754,Ira,Nair,Coimbatore,Tamil Nadu,2024-01-16,ira.nair.1754@example.com
1755,Arjun,Iyer,Coimbatore,Tamil Nadu,2025-01-29,arjun.iyer.1755@example.com
1756,Arjun,Kapoor,Surat,Gujarat,2023-03-15,arjun.kapoor.1756@example.com
1757,Aditya,Singh,Kolkata,West Bengal,2022-12-21,aditya.singh.1757@example.com
1758,Priya,Reddy,New Delhi,Delhi,2023-09-02,priya.reddy.1758@example.com
1759,Meera,Singh,New Delhi,Delhi,2022-09-15,meera.singh.1759@example.com
1760,Tara,Nair,Noida,Uttar Pradesh,2025-05-29,tara.nair.1760@example.com
1761,Aditya,Kapoor,Ahmedabad,Gujarat,2022-08-26,aditya.kapoor.1761@example.com
1762,Rohan,Joshi,New Delhi,Delhi,2023-09-04,rohan.joshi.1762@example.com
1763,Diya,Sharma,New Delhi,Delhi,2023-10-29,diya.sharma.1763@example.com
1764,Meera,Iyer,Warangal,Telangana,2022-03-14,meera.iyer.1764@example.com
1765,Aditya,Reddy,Lucknow,Uttar Pradesh,2023-08-21,aditya.reddy.1765@example.com
1766,Rohan,Singh,Bengaluru,Karnataka,2023-08-04,rohan.singh.1766@example.com
1767,Ananya,Kapoor,Bengaluru,Karnataka,2022-11-28,ananya.kapoor.1767@example.com
1768,Aarav,Kapoor,Noida,Uttar Pradesh,2022-06-13,aarav.kapoor.1768@example.com
1769,Ishaan,Reddy,Surat,Gujarat,2022-02-27,ishaan.reddy.1769@example.com
1770,Nisha,Reddy,Warangal,Telangana,2022-01-11,nisha.reddy.1770@example.com
1771,Ira,Khan,Nizamabad,Telangana,2023-09-07,ira.khan.1771@example.com
1772,Ananya,Verma,Hyderabad,Telangana,2022-04-25,ananya.verma.1772@example.com
1773,Diya,Verma,Kolkata,West Bengal,2025-05-09,diya.verma.1773@example.com
1774,Neha,Mishra,Hyderabad,Telangana,2022-11-09,neha.mishra.1774@example.com
1775,Ira,Mishra,Noida,Uttar Pradesh,2024-04-12,ira.mishra.1775@example.com
1776,Ira,Mishra,Lucknow,Uttar Pradesh,2024-05-09,ira.mishra.1776@example.com
1777,Neha,Das,New Delhi,Delhi,2023-09-25,neha.das.1777@example.com
1778,Arjun,Kapoor,Kolkata,West Bengal,2025-02-01,arjun.kapoor.1778@example.com
1779,Vihaan,Khan,Mysuru,Karnataka,2022-05-22,vihaan.khan.1779@example.com
1780,Ananya,Mishra,Hyderabad,Telangana,2022-10-26,ananya.mishra.1780@example.com
1781,Kabir,Rao,Ahmedabad,Gujarat,2022-11-19,kabir.rao.1781@example.com
1782,Rohan,Sharma,Warangal,Telangana,2022-06-22,rohan.sharma.1782@example.com
1783,Aditya,Joshi,Warangal,Telangana,2023-01-12,aditya.joshi.1783@example.com
1784,Riya,Mishra,Mysuru,Karnataka,2023-02-03,riya.mishra.1784@example.com
1785,Meera,Mehta,Nizamabad,Telangana,2024-09-02,meera.mehta.1785@example.com
1786,Sara,Verma,Coimbatore,Tamil Nadu,2023-01-20,sara.verma.1786@example.com
1787,Aditya,Rao,Surat,Gujarat,2025-01-23,aditya.rao.1787@example.com
1788,Kabir,Nair,Jaipur,Rajasthan,2024-09-12,kabir.nair.1788@example.com
1789,Meera,Khan,Kolkata,West Bengal,2025-02-24,meera.khan.1789@example.com
1790,Ira,Singh,Jaipur,Rajasthan,2022-05-15,ira.singh.1790@example.com
1791,Sara,Joshi,Chennai,Tamil Nadu,2025-06-10,sara.joshi.1791@example.com
1792,Sara,Joshi,Jaipur,Rajasthan,2025-06-07,sara.joshi.1792@example.com
1793,Ananya,Kapoor,New Delhi,Delhi,2023-03-29,ananya.kapoor.1793@example.com
1794,Nisha,Rao,Bengaluru,Karnataka,2025-05-01,nisha.rao.1794@example.com
1795,Rahul,Patel,Lucknow,Uttar Pradesh,2024-01-22,rahul.patel.1795@example.com
1796,Vihaan,Joshi,Mysuru,Karnataka,2022-04-02,vihaan.joshi.1796@example.com
1797,Neha,Patel,Hyderabad,Telangana,2023-06-08,neha.patel.1797@example.com
1798,Aarav,Reddy,Bengaluru,Karnataka,2022-06-25,aarav.reddy.1798@example.com
1799,Rahul,Mehta,Coimbatore,Tamil Nadu,2025-04-16,rahul.mehta.1799@example.com
1800,Aditya,Reddy,Coimbatore,Tamil Nadu,2023-01-24,aditya.reddy.1800@example.com
1801,Rohan,Khan,New Delhi,Delhi,2022-10-11,rohan.khan.1801@example.com
1802,Ishaan,Verma,Jaipur,Rajasthan,2023-12-07,ishaan.verma.1802@example.com
1803,Aditya,Gupta,Mysuru,Karnataka,2023-06-27,aditya.gupta.1803@example.com
1804,Diya,Sharma,New Delhi,Delhi,2022-05-04,diya.sharma.1804@example.com
1805,Neha,Gupta,Chennai,Tamil Nadu,2024-11-07,neha.gupta.1805@example.com
1806,Aditya,Khan,Jaipur,Rajasthan,2024-12-15,aditya.khan.1806@example.com
1807,Neha,Das,Pune,Maharashtra,2024-08-06,neha.das.1807@example.com
1808,Ananya,Mehta,Warangal,Telangana,2024-02-26,ananya.mehta.1808@example.com
1809,Aanya,Patel,New Delhi,Delhi,2023-05-29,aanya.patel.1809@example.com
1810,Ananya,Rao,Ahmedabad,Gujarat,2023-11-24,ananya.rao.1810@example.com
1811,Kabir,Das,Jaipur,Rajasthan,2023-10-27,kabir.das.1811@example.com
1812,Aditya,Patel,Kolkata,West Bengal,2022-07-30,aditya.patel.1812@example.com
1813,Aanya,Das,Surat,Gujarat,2022-04-15,aanya.das.1813@example.com
1814,Neha,Reddy,Coimbatore,Tamil Nadu,2022-11-20,neha.reddy.1814@example.com
1815,Ira,Gupta,Hyderabad,Telangana,2023-08-03,ira.gupta.1815@example.com
1816,Aanya,Nair,Mumbai,Maharashtra,2022-07-24,aanya.nair.1816@example.com
1817,Meera,Sharma,Hyderabad,Telangana,2022-05-17,meera.sharma.1817@example.com
1818,Ishaan,Mehta,Mysuru,Karnataka,2024-12-23,ishaan.mehta.1818@example.com
1819,Aditya,Reddy,New Delhi,Delhi,2023-04-24,aditya.reddy.1819@example.com
1820,Ira,Gupta,Chennai,Tamil Nadu,2024-01-16,ira.gupta.1820@example.com
1821,Riya,Das,Kolkata,West Bengal,2023-10-31,riya.das.1821@example.com
1822,Kabir,Gupta,New Delhi,Delhi,2024-07-27,kabir.gupta.1822@example.com
1823,Riya,Sharma,Surat,Gujarat,2023-01-13,riya.sharma.1823@example.com
1824,Riya,Gupta,Surat,Gujarat,2024-12-17,riya.gupta.1824@example.com
1825,Rohan,Patel,Bengaluru,Karnataka,2023-04-19,rohan.patel.1825@example.com
1826,Aanya,Nair,Coimbatore,Tamil Nadu,2024-12-01,aanya.nair.1826@example.com
1827,Priya,Kapoor,Kolkata,West Bengal,2023-06-01,priya.kapoor.1827@example.com
1828,Diya,Reddy,Kolkata,West Bengal,2022-05-22,diya.reddy.1828@example.com
1829,Sara,Khan,Mysuru,Karnataka,2024-08-27,sara.khan.1829@example.com
1830,Neha,Singh,Mysuru,Karnataka,2022-02-08,neha.singh.1830@example.com
1831,Meera,Patel,Ahmedabad,Gujarat,2024-09-12,meera.patel.1831@example.com
1832,Kavya,Khan,Kolkata,West Bengal,2022-02-25,kavya.khan.1832@example.com
1833,Kavya,Gupta,Mumbai,Maharashtra,2022-09-21,kavya.gupta.1833@example.com
1834,Kavya,Iyer,Coimbatore,Tamil Nadu,2024-02-09,kavya.iyer.1834@example.com
1835,Riya,Iyer,Lucknow,Uttar Pradesh,2025-04-16,riya.iyer.1835@example.com
1836,Rohan,Rao,Hyderabad,Telangana,2023-06-06,rohan.rao.1836@example.com
1837,Aarav,Reddy,Jaipur,Rajasthan,2022-06-03,aarav.reddy.1837@example.com
1838,Arjun,Gupta,Nagpur,Maharashtra,2022-10-25,arjun.gupta.1838@example.com
1839,Rohan,Das,New Delhi,Delhi,2025-02-17,rohan.das.1839@example.com
1840,Sara,Mishra,Chennai,Tamil Nadu,2024-07-16,sara.mishra.1840@example.com
1841,Ira,Sharma,Warangal,Telangana,2022-05-09,ira.sharma.1841@example.com
1842,Diya,Verma,Lucknow,Uttar Pradesh,2023-05-07,diya.verma.1842@example.com
1843,Aarav,Mishra,New Delhi,Delhi,2022-12-04,aarav.mishra.1843@example.com
1844,Sara,Mehta,Lucknow,Uttar Pradesh,2022-08-15,sara.mehta.1844@example.com
1845,Ishaan,Verma,Bengaluru,Karnataka,2024-12-16,ishaan.verma.1845@example.com
1846,Nisha,Mishra,Jaipur,Rajasthan,2024-02-28,nisha.mishra.1846@example.com
1847,Aditya,Kapoor,Lucknow,Uttar Pradesh,2022-08-18,aditya.kapoor.1847@example.com
1848,Rahul,Nair,Kolkata,West Bengal,2023-06-12,rahul.nair.1848@example.com
1849,Vihaan,Khan,Mumbai,Maharashtra,2022-03-20,vihaan.khan.1849@example.com
1850,Rahul,Nair,Ahmedabad,Gujarat,2023-07-29,rahul.nair.1850@example.com
1851,Neha,Mehta,New Delhi,Delhi,2022-08-25,neha.mehta.1851@example.com
1852,Diya,Mishra,Lucknow,Uttar Pradesh,2022-11-09,diya.mishra.1852@example.com
1853,Ananya,Sharma,Coimbatore,Tamil Nadu,2025-01-26,ananya.sharma.1853@example.com
1854,Rahul,Sharma,Mysuru,Karnataka,2024-06-25,rahul.sharma.1854@example.com
1855,Rahul,Nair,Mumbai,Maharashtra,2022-06-21,rahul.nair.1855@example.com
1856,Sara,Joshi,Ahmedabad,Gujarat,2024-12-22,sara.joshi.1856@example.com
1857,Tara,Joshi,Lucknow,Uttar Pradesh,2024-01-03,tara.joshi.1857@example.com
1858,Priya,Khan,Hyderabad,Telangana,2025-01-20,priya.khan.1858@example.com
1859,Priya,Singh,Surat,Gujarat,2024-08-11,priya.singh.1859@example.com
1860,Diya,Singh,Noida,Uttar Pradesh,2023-03-09,diya.singh.1860@example.com
1861,Vihaan,Verma,Warangal,Telangana,2023-11-14,vihaan.verma.1861@example.com
1862,Priya,Gupta,Nizamabad,Telangana,2023-11-09,priya.gupta.1862@example.com
1863,Kavya,Verma,Surat,Gujarat,2024-07-07,kavya.verma.1863@example.com
1864,Ira,Patel,Kolkata,West Bengal,2022-11-13,ira.patel.1864@example.com
1865,Vihaan,Mehta,Hyderabad,Telangana,2023-03-02,vihaan.mehta.1865@example.com
1866,Priya,Kapoor,Jaipur,Rajasthan,2023-01-13,priya.kapoor.1866@example.com
1867,Neha,Khan,New Delhi,Delhi,2022-07-25,neha.khan.1867@example.com
1868,Rohan,Reddy,Noida,Uttar Pradesh,2022-02-16,rohan.reddy.1868@example.com
1869,Arjun,Mehta,Jaipur,Rajasthan,2025-04-14,arjun.mehta.1869@example.com
1870,Priya,Gupta,Jaipur,Rajasthan,2022-04-05,priya.gupta.1870@example.com
1871,Kabir,Mehta,New Delhi,Delhi,2025-02-07,kabir.mehta.1871@example.com
1872,Priya,Khan,Bengaluru,Karnataka,2022-01-04,priya.khan.1872@example.com
1873,Priya,Mishra,New Delhi,Delhi,2024-09-18,priya.mishra.1873@example.com
1874,Rahul,Khan,Warangal,Telangana,2023-02-24,rahul.khan.1874@example.com
1875,Aarav,Iyer,Kolkata,West Bengal,2023-10-23,aarav.iyer.1875@example.com
1876,Aanya,Reddy,Pune,Maharashtra,2022-12-27,aanya.reddy.1876@example.com
1877,Ananya,Reddy,New Delhi,Delhi,2023-09-19,ananya.reddy.1877@example.com
1878,Riya,Joshi,Hyderabad,Telangana,2023-07-31,riya.joshi.1878@example.com
1879,Ishaan,Khan,Mysuru,Karnataka,2023-11-07,ishaan.khan.1879@example.com
1880,Rohan,Iyer,Mysuru,Karnataka,2023-05-17,rohan.iyer.1880@example.com
1881,Riya,Rao,Kolkata,West Bengal,2023-11-16,riya.rao.1881@example.com
1882,Priya,Joshi,Jaipur,Rajasthan,2024-11-19,priya.joshi.1882@example.com
1883,Meera,Joshi,Warangal,Telangana,2023-07-09,meera.joshi.1883@example.com
1884,Tara,Patel,Jaipur,Rajasthan,2022-06-18,tara.patel.1884@example.com
1885,Nisha,Singh,Jaipur,Rajasthan,2023-04-04,nisha.singh.1885@example.com
1886,Riya,Sharma,Chennai,Tamil Nadu,2022-06-10,riya.sharma.1886@example.com
1887,Nisha,Singh,Kolkata,West Bengal,2022-08-21,nisha.singh.1887@example.com
1888,Ananya,Nair,Coimbatore,Tamil Nadu,2025-04-30,ananya.nair.1888@example.com
1889,Vihaan,Gupta,Mumbai,Maharashtra,2022-04-25,vihaan.gupta.1889@example.com
1890,Meera,Reddy,New Delhi,Delhi,2023-09-08,meera.reddy.1890@example.com
1891,Nisha,Iyer,Hyderabad,Telangana,2024-11-30,nisha.iyer.1891@example.com
1892,Tara,Iyer,Jaipur,Rajasthan,2025-05-01,tara.iyer.1892@example.com
1893,Sara,Khan,Noida,Uttar Pradesh,2022-07-07,sara.khan.1893@example.com
1894,Aanya,Sharma,Jaipur,Rajasthan,2022-07-28,aanya.sharma.1894@example.com
1895,Aanya,Gupta,Kolkata,West Bengal,2023-04-21,aanya.gupta.1895@example.com
1896,Aditya,Das,Kolkata,West Bengal,2023-12-09,aditya.das.1896@example.com
1897,Aarav,Khan,Lucknow,Uttar Pradesh,2025-05-09,aarav.khan.1897@example.com
1898,Aarav,Mishra,Mysuru,Karnataka,2022-09-23,aarav.mishra.1898@example.com
1899,Neha,Joshi,Nizamabad,Telangana,2022-07-29,neha.joshi.1899@example.com
1900,Nisha,Joshi,Kolkata,West Bengal,2022-11-20,nisha.joshi.1900@example.com
1901,Rahul,Iyer,Mysuru,Karnataka,2025-01-20,rahul.iyer.1901@example.com
1902,Ananya,Kapoor,Mysuru,Karnataka,2022-02-08,ananya.kapoor.1902@example.com
1903,Diya,Verma,Nizamabad,Telangana,2022-06-01,diya.verma.1903@example.com
1904,Rohan,Mishra,Kolkata,West Bengal,2022-07-20,rohan.mishra.1904@example.com
1905,Ananya,Singh,Mysuru,Karnataka,2025-03-15,ananya.singh.1905@example.com
1906,Kabir,Verma,Nagpur,Maharashtra,2022-01-03,kabir.verma.1906@example.com
1907,Sara,Khan,Hyderabad,Telangana,2023-02-15,sara.khan.1907@example.com
1908,Nisha,Singh,Coimbatore,Tamil Nadu,2025-03-14,nisha.singh.1908@example.com
1909,Vihaan,Reddy,Jaipur,Rajasthan,2024-02-15,vihaan.reddy.1909@example.com
1910,Diya,Mishra,Chennai,Tamil Nadu,2022-04-02,diya.mishra.1910@example.com
1911,Tara,Verma,Surat,Gujarat,2023-08-17,tara.verma.1911@example.com
1912,Riya,Mishra,Ahmedabad,Gujarat,2025-05-23,riya.mishra.1912@example.com
1913,Nisha,Singh,Bengaluru,Karnataka,2023-05-26,nisha.singh.1913@example.com
1914,Priya,Kapoor,Jaipur,Rajasthan,2023-11-06,priya.kapoor.1914@example.com
1915,Aarav,Nair,Ahmedabad,Gujarat,2023-11-10,aarav.nair.1915@example.com
1916,Tara,Das,Kolkata,West Bengal,2024-04-22,tara.das.1916@example.com
1917,Priya,Das,Warangal,Telangana,2022-08-27,priya.das.1917@example.com
1918,Riya,Gupta,Hyderabad,Telangana,2024-12-07,riya.gupta.1918@example.com
1919,Neha,Joshi,Lucknow,Uttar Pradesh,2025-06-15,neha.joshi.1919@example.com
1920,Rahul,Kapoor,Jaipur,Rajasthan,2022-07-01,rahul.kapoor.1920@example.com
1921,Aarav,Nair,Noida,Uttar Pradesh,2024-11-10,aarav.nair.1921@example.com
1922,Sara,Kapoor,Noida,Uttar Pradesh,2024-11-08,sara.kapoor.1922@example.com
1923,Diya,Joshi,Warangal,Telangana,2024-08-04,diya.joshi.1923@example.com
1924,Aarav,Nair,Jaipur,Rajasthan,2023-04-19,aarav.nair.1924@example.com
1925,Rahul,Iyer,New Delhi,Delhi,2023-08-22,rahul.iyer.1925@example.com
1926,Tara,Joshi,Jaipur,Rajasthan,2024-12-06,tara.joshi.1926@example.com
1927,Ishaan,Reddy,Warangal,Telangana,2022-07-15,ishaan.reddy.1927@example.com
1928,Rahul,Rao,Mysuru,Karnataka,2025-03-20,rahul.rao.1928@example.com
1929,Sara,Joshi,Surat,Gujarat,2024-05-20,sara.joshi.1929@example.com
1930,Sara,Kapoor,Jaipur,Rajasthan,2023-03-12,sara.kapoor.1930@example.com
1931,Kabir,Mehta,Kolkata,West Bengal,2023-12-15,kabir.mehta.1931@example.com
1932,Kavya,Patel,Bengaluru,Karnataka,2022-03-05,kavya.patel.1932@example.com
1933,Aanya,Singh,Mysuru,Karnataka,2025-04-03,aanya.singh.1933@example.com
1934,Arjun,Joshi,Lucknow,Uttar Pradesh,2023-03-13,arjun.joshi.1934@example.com
1935,Kabir,Iyer,Chennai,Tamil Nadu,2022-03-14,kabir.iyer.1935@example.com
1936,Kavya,Sharma,New Delhi,Delhi,2024-10-10,kavya.sharma.1936@example.com
1937,Vihaan,Patel,New Delhi,Delhi,2024-04-19,vihaan.patel.1937@example.com
1938,Aarav,Singh,Coimbatore,Tamil Nadu,2024-03-05,aarav.singh.1938@example.com
1939,Sara,Singh,New Delhi,Delhi,2022-03-11,sara.singh.1939@example.com
1940,Ananya,Reddy,Chennai,Tamil Nadu,2024-08-16,ananya.reddy.1940@example.com
1941,Rahul,Iyer,Jaipur,Rajasthan,2024-10-09,rahul.iyer.1941@example.com
1942,Diya,Iyer,Lucknow,Uttar Pradesh,2024-11-21,diya.iyer.1942@example.com
1943,Arjun,Reddy,Lucknow,Uttar Pradesh,2022-09-28,arjun.reddy.1943@example.com
1944,Ishaan,Gupta,Kolkata,West Bengal,2022-09-26,ishaan.gupta.1944@example.com
1945,Rohan,Nair,Coimbatore,Tamil Nadu,2025-03-24,rohan.nair.1945@example.com
1946,Aanya,Kapoor,Ahmedabad,Gujarat,2023-11-09,aanya.kapoor.1946@example.com
1947,Sara,Kapoor,Jaipur,Rajasthan,2023-07-13,sara.kapoor.1947@example.com
1948,Neha,Rao,Kolkata,West Bengal,2023-01-02,neha.rao.1948@example.com
1949,Vihaan,Sharma,Ahmedabad,Gujarat,2024-03-26,vihaan.sharma.1949@example.com
1950,Kabir,Mishra,Surat,Gujarat,2024-08-20,kabir.mishra.1950@example.com
1951,Rahul,Kapoor,Surat,Gujarat,2022-01-03,rahul.kapoor.1951@example.com
1952,Aanya,Mehta,Ahmedabad,Gujarat,2023-12-07,aanya.mehta.1952@example.com
1953,Ira,Verma,Nagpur,Maharashtra,2025-06-21,ira.verma.1953@example.com
1954,Riya,Sharma,New Delhi,Delhi,2022-12-25,riya.sharma.1954@example.com
1955,Neha,Joshi,Kolkata,West Bengal,2022-12-25,neha.joshi.1955@example.com
1956,Nisha,Das,Hyderabad,Telangana,2025-01-25,nisha.das.1956@example.com
1957,Arjun,Sharma,Jaipur,Rajasthan,2022-03-21,arjun.sharma.1957@example.com
1958,Aarav,Khan,Kolkata,West Bengal,2023-05-23,aarav.khan.1958@example.com
1959,Riya,Verma,Pune,Maharashtra,2023-08-08,riya.verma.1959@example.com
1960,Neha,Rao,Jaipur,Rajasthan,2024-10-15,neha.rao.1960@example.com
1961,Rahul,Gupta,Surat,Gujarat,2022-06-14,rahul.gupta.1961@example.com
1962,Aarav,Joshi,Surat,Gujarat,2023-07-08,aarav.joshi.1962@example.com
1963,Sara,Verma,Chennai,Tamil Nadu,2022-07-14,sara.verma.1963@example.com
1964,Aanya,Joshi,Jaipur,Rajasthan,2024-10-02,aanya.joshi.1964@example.com
1965,Riya,Reddy,Coimbatore,Tamil Nadu,2024-03-17,riya.reddy.1965@example.com
1966,Aanya,Rao,Kolkata,West Bengal,2023-05-17,aanya.rao.1966@example.com
1967,Nisha,Mehta,Nizamabad,Telangana,2022-07-15,nisha.mehta.1967@example.com
1968,Nisha,Kapoor,Kolkata,West Bengal,2025-03-22,nisha.kapoor.1968@example.com
1969,Aarav,Rao,Ahmedabad,Gujarat,2024-04-06,aarav.rao.1969@example.com
1970,Aditya,Khan,Kolkata,West Bengal,2023-02-12,aditya.khan.1970@example.com
1971,Nisha,Patel,New Delhi,Delhi,2023-06-13,nisha.patel.1971@example.com
1972,Arjun,Khan,Jaipur,Rajasthan,2024-07-15,arjun.khan.1972@example.com
1973,Rohan,Patel,Ahmedabad,Gujarat,2024-07-07,rohan.patel.1973@example.com
1974,Nisha,Singh,Mysuru,Karnataka,2023-08-12,nisha.singh.1974@example.com
1975,Rohan,Gupta,Lucknow,Uttar Pradesh,2023-01-22,rohan.gupta.1975@example.com
1976,Aditya,Sharma,Surat,Gujarat,2024-04-22,aditya.sharma.1976@example.com
1977,Aarav,Rao,Lucknow,Uttar Pradesh,2024-04-19,aarav.rao.1977@example.com
1978,Diya,Gupta,Noida,Uttar Pradesh,2024-02-05,diya.gupta.1978@example.com
1979,Meera,Iyer,Noida,Uttar Pradesh,2022-04-03,meera.iyer.1979@example.com
1980,Priya,Das,Ahmedabad,Gujarat,2023-08-27,priya.das.1980@example.com
1981,Neha,Reddy,Kolkata,West Bengal,2024-02-23,neha.reddy.1981@example.com
1982,Sara,Khan,Mumbai,Maharashtra,2025-04-27,sara.khan.1982@example.com
1983,Nisha,Mehta,New Delhi,Delhi,2023-11-02,nisha.mehta.1983@example.com
1984,Rohan,Mehta,Ahmedabad,Gujarat,2023-03-14,rohan.mehta.1984@example.com
1985,Kabir,Rao,New Delhi,Delhi,2023-12-11,kabir.rao.1985@example.com
1986,Kabir,Nair,Jaipur,Rajasthan,2022-08-15,kabir.nair.1986@example.com
1987,Vihaan,Nair,Nizamabad,Telangana,2022-04-26,vihaan.nair.1987@example.com
1988,Tara,Reddy,Coimbatore,Tamil Nadu,2024-05-15,tara.reddy.1988@example.com
1989,Rohan,Rao,New Delhi,Delhi,2025-06-12,rohan.rao.1989@example.com
1990,Ananya,Gupta,Chennai,Tamil Nadu,2024-12-15,ananya.gupta.1990@example.com
1991,Ishaan,Mehta,Warangal,Telangana,2024-01-15,ishaan.mehta.1991@example.com
1992,Aarav,Kapoor,Nagpur,Maharashtra,2022-02-21,aarav.kapoor.1992@example.com
1993,Neha,Patel,Jaipur,Rajasthan,2025-06-14,neha.patel.1993@example.com
1994,Rohan,Verma,New Delhi,Delhi,2023-07-28,rohan.verma.1994@example.com
1995,Aditya,Verma,Hyderabad,Telangana,2023-01-05,aditya.verma.1995@example.com
1996,Kabir,Gupta,Nizamabad,Telangana,2025-02-12,kabir.gupta.1996@example.com
1997,Aditya,Das,New Delhi,Delhi,2024-08-10,aditya.das.1997@example.com
1998,Tara,Iyer,Mumbai,Maharashtra,2024-08-14,tara.iyer.1998@example.com
1999,Arjun,Khan,Surat,Gujarat,2022-12-21,arjun.khan.1999@example.com
2000,Kabir,Singh,Jaipur,Rajasthan,2025-06-19,kabir.singh.2000@example.com
2001,Rahul,Mishra,Bengaluru,Karnataka,2023-08-01,rahul.mishra.2001@example.com
2002,Aarav,Khan,Kolkata,West Bengal,2023-11-10,aarav.khan.2002@example.com
2003,Aarav,Mehta,Mumbai,Maharashtra,2024-08-16,aarav.mehta.2003@example.com
2004,Ira,Kapoor,Bengaluru,Karnataka,2024-04-22,ira.kapoor.2004@example.com
2005,Rohan,Joshi,Jaipur,Rajasthan,2022-08-08,rohan.joshi.2005@example.com
2006,Vihaan,Rao,New Delhi,Delhi,2023-01-21,vihaan.rao.2006@example.com
2007,Rahul,Sharma,Jaipur,Rajasthan,2023-04-06,rahul.sharma.2007@example.com
2008,Rahul,Rao,Bengaluru,Karnataka,2025-04-24,rahul.rao.2008@example.com
2009,Ananya,Khan,Bengaluru,Karnataka,2024-06-30,ananya.khan.2009@example.com
2010,Tara,Singh,New Delhi,Delhi,2023-04-13,tara.singh.2010@example.com
2011,Kabir,Reddy,New Delhi,Delhi,2024-07-26,kabir.reddy.2011@example.com
2012,Priya,Rao,Noida,Uttar Pradesh,2024-07-31,priya.rao.2012@example.com
2013,Nisha,Joshi,Mumbai,Maharashtra,2023-05-19,nisha.joshi.2013@example.com
2014,Vihaan,Mehta,Jaipur,Rajasthan,2023-05-30,vihaan.mehta.2014@example.com
2015,Ira,Verma,Jaipur,Rajasthan,2025-02-15,ira.verma.2015@example.com
2016,Ananya,Sharma,New Delhi,Delhi,2023-12-18,ananya.sharma.2016@example.com
2017,Ira,Khan,Coimbatore,Tamil Nadu,2022-07-10,ira.khan.2017@example.com
2018,Arjun,Joshi,New Delhi,Delhi,2024-07-07,arjun.joshi.2018@example.com
2019,Diya,Das,Bengaluru,Karnataka,2024-01-23,diya.das.2019@example.com
2020,Aditya,Verma,Jaipur,Rajasthan,2023-10-12,aditya.verma.2020@example.com
2021,Neha,Sharma,New Delhi,Delhi,2024-07-14,neha.sharma.2021@example.com
2022,Aanya,Iyer,Lucknow,Uttar Pradesh,2023-02-26,aanya.iyer.2022@example.com
2023,Aarav,Kapoor,Kolkata,West Bengal,2023-06-20,aarav.kapoor.2023@example.com
2024,Ira,Patel,New Delhi,Delhi,2022-08-30,ira.patel.2024@example.com
2025,Neha,Gupta,Surat,Gujarat,2024-04-05,neha.gupta.2025@example.com
2026,Priya,Joshi,New Delhi,Delhi,2023-05-29,priya.joshi.2026@example.com
2027,Rahul,Rao,Lucknow,Uttar Pradesh,2023-03-13,rahul.rao.2027@example.com
2028,Riya,Reddy,Mumbai,Maharashtra,2024-06-07,riya.reddy.2028@example.com
2029,Arjun,Sharma,Noida,Uttar Pradesh,2023-06-05,arjun.sharma.2029@example.com
2030,Rohan,Verma,Jaipur,Rajasthan,2023-08-16,rohan.verma.2030@example.com
2031,Arjun,Rao,Jaipur,Rajasthan,2023-07-16,arjun.rao.2031@example.com
2032,Neha,Joshi,New Delhi,Delhi,2022-11-26,neha.joshi.2032@example.com
2033,Priya,Mishra,Jaipur,Rajasthan,2022-06-10,priya.mishra.2033@example.com
2034,Ira,Verma,Bengaluru,Karnataka,2024-11-21,ira.verma.2034@example.com
2035,Sara,Verma,Surat,Gujarat,2022-04-28,sara.verma.2035@example.com
2036,Rahul,Mishra,Pune,Maharashtra,2023-02-19,rahul.mishra.2036@example.com
2037,Vihaan,Das,Mysuru,Karnataka,2024-05-01,vihaan.das.2037@example.com
2038,Kavya,Gupta,New Delhi,Delhi,2022-06-17,kavya.gupta.2038@example.com
2039,Tara,Khan,Bengaluru,Karnataka,2024-04-16,tara.khan.2039@example.com
2040,Aarav,Khan,Chennai,Tamil Nadu,2024-07-24,aarav.khan.2040@example.com
2041,Vihaan,Gupta,Jaipur,Rajasthan,2024-04-25,vihaan.gupta.2041@example.com
2042,Aanya,Kapoor,Mysuru,Karnataka,2023-01-25,aanya.kapoor.2042@example.com
2043,Aarav,Mehta,Surat,Gujarat,2022-01-26,aarav.mehta.2043@example.com
2044,Priya,Rao,Nizamabad,Telangana,2023-02-21,priya.rao.2044@example.com
2045,Neha,Iyer,Ahmedabad,Gujarat,2024-10-24,neha.iyer.2045@example.com
2046,Rahul,Khan,Jaipur,Rajasthan,2022-09-10,rahul.khan.2046@example.com
2047,Rahul,Mishra,Chennai,Tamil Nadu,2022-07-27,rahul.mishra.2047@example.com
2048,Riya,Singh,Surat,Gujarat,2024-09-19,riya.singh.2048@example.com
2049,Ishaan,Singh,Lucknow,Uttar Pradesh,2025-04-14,ishaan.singh.2049@example.com
2050,Rohan,Das,Jaipur,Rajasthan,2025-01-03,rohan.das.2050@example.com
2051,Vihaan,Kapoor,Chennai,Tamil Nadu,2024-08-16,vihaan.kapoor.2051@example.com
2052,Kavya,Mishra,New Delhi,Delhi,2022-11-11,kavya.mishra.2052@example.com
2053,Neha,Das,Jaipur,Rajasthan,2025-03-11,neha.das.2053@example.com
2054,Vihaan,Khan,Bengaluru,Karnataka,2024-05-02,vihaan.khan.2054@example.com
2055,Kavya,Das,Jaipur,Rajasthan,2022-08-08,kavya.das.2055@example.com
2056,Arjun,Kapoor,Mysuru,Karnataka,2022-06-15,arjun.kapoor.2056@example.com
2057,Aditya,Sharma,Jaipur,Rajasthan,2025-01-16,aditya.sharma.2057@example.com
2058,Ishaan,Rao,Hyderabad,Telangana,2022-12-18,ishaan.rao.2058@example.com
2059,Ananya,Sharma,Warangal,Telangana,2024-09-04,ananya.sharma.2059@example.com
2060,Riya,Rao,Lucknow,Uttar Pradesh,2022-06-26,riya.rao.2060@example.com
2061,Sara,Singh,Jaipur,Rajasthan,2022-12-24,sara.singh.2061@example.com
2062,Aditya,Mehta,Jaipur,Rajasthan,2022-12-28,aditya.mehta.2062@example.com
2063,Aanya,Mishra,Lucknow,Uttar Pradesh,2022-12-25,aanya.mishra.2063@example.com
2064,Riya,Khan,Chennai,Tamil Nadu,2024-05-10,riya.khan.2064@example.com
2065,Sara,Rao,Bengaluru,Karnataka,2025-03-12,sara.rao.2065@example.com
2066,Rohan,Mishra,Mumbai,Maharashtra,2025-03-07,rohan.mishra.2066@example.com
2067,Aditya,Patel,New Delhi,Delhi,2024-08-04,aditya.patel.2067@example.com
2068,Diya,Nair,Pune,Maharashtra,2022-09-16,diya.nair.2068@example.com
2069,Diya,Reddy,Noida,Uttar Pradesh,2025-05-10,diya.reddy.2069@example.com
2070,Ishaan,Gupta,Nizamabad,Telangana,2023-11-23,ishaan.gupta.2070@example.com
2071,Aditya,Reddy,Mumbai,Maharashtra,2023-11-28,aditya.reddy.2071@example.com
2072,Aditya,Rao,Bengaluru,Karnataka,2024-06-13,aditya.rao.2072@example.com
2073,Ira,Nair,Mumbai,Maharashtra,2024-09-08,ira.nair.2073@example.com
2074,Neha,Das,Bengaluru,Karnataka,2025-04-30,neha.das.2074@example.com
2075,Aanya,Verma,Kolkata,West Bengal,2024-01-14,aanya.verma.2075@example.com
2076,Ananya,Kapoor,Bengaluru,Karnataka,2024-08-09,ananya.kapoor.2076@example.com
2077,Neha,Singh,Kolkata,West Bengal,2022-11-22,neha.singh.2077@example.com
2078,Sara,Reddy,Noida,Uttar Pradesh,2023-01-28,sara.reddy.2078@example.com
2079,Priya,Sharma,Kolkata,West Bengal,2024-03-09,priya.sharma.2079@example.com
2080,Aanya,Patel,Ahmedabad,Gujarat,2022-03-23,aanya.patel.2080@example.com
2081,Nisha,Verma,Coimbatore,Tamil Nadu,2023-02-13,nisha.verma.2081@example.com
2082,Ira,Verma,Mumbai,Maharashtra,2024-07-05,ira.verma.2082@example.com
2083,Meera,Joshi,Bengaluru,Karnataka,2025-05-30,meera.joshi.2083@example.com
2084,Meera,Patel,Lucknow,Uttar Pradesh,2023-10-25,meera.patel.2084@example.com
2085,Nisha,Gupta,Kolkata,West Bengal,2023-05-25,nisha.gupta.2085@example.com
2086,Riya,Kapoor,Bengaluru,Karnataka,2023-07-16,riya.kapoor.2086@example.com
2087,Rahul,Sharma,New Delhi,Delhi,2024-05-24,rahul.sharma.2087@example.com
2088,Sara,Verma,Jaipur,Rajasthan,2023-11-26,sara.verma.2088@example.com
2089,Aarav,Reddy,Ahmedabad,Gujarat,2022-01-30,aarav.reddy.2089@example.com
2090,Ira,Rao,Kolkata,West Bengal,2023-11-20,ira.rao.2090@example.com
2091,Riya,Kapoor,Jaipur,Rajasthan,2023-05-26,riya.kapoor.2091@example.com
2092,Meera,Gupta,Ahmedabad,Gujarat,2024-06-13,meera.gupta.2092@example.com
2093,Rahul,Singh,Kolkata,West Bengal,2025-01-21,rahul.singh.2093@example.com
2094,Meera,Verma,Mumbai,Maharashtra,2025-05-13,meera.verma.2094@example.com
2095,Ishaan,Das,Nizamabad,Telangana,2024-02-18,ishaan.das.2095@example.com
2096,Ananya,Kapoor,Noida,Uttar Pradesh,2023-04-08,ananya.kapoor.2096@example.com
2097,Rohan,Patel,Kolkata,West Bengal,2022-08-14,rohan.patel.2097@example.com
2098,Meera,Iyer,Chennai,Tamil Nadu,2025-04-09,meera.iyer.2098@example.com
2099,Arjun,Das,Kolkata,West Bengal,2024-12-17,arjun.das.2099@example.com
2100,Ananya,Sharma,Nizamabad,Telangana,2024-12-25,ananya.sharma.2100@example.com
2101,Neha,Joshi,Jaipur,Rajasthan,2023-02-23,neha.joshi.2101@example.com
2102,Nisha,Gupta,Mumbai,Maharashtra,2023-02-16,nisha.gupta.2102@example.com
2103,Ananya,Iyer,Jaipur,Rajasthan,2024-12-29,ananya.iyer.2103@example.com
2104,Tara,Kapoor,New Delhi,Delhi,2023-11-26,tara.kapoor.2104@example.com
2105,Aarav,Nair,Bengaluru,Karnataka,2024-06-18,aarav.nair.2105@example.com
2106,Tara,Kapoor,Hyderabad,Telangana,2023-09-18,tara.kapoor.2106@example.com
2107,Ishaan,Nair,Jaipur,Rajasthan,2023-07-19,ishaan.nair.2107@example.com
2108,Kavya,Gupta,Pune,Maharashtra,2024-03-17,kavya.gupta.2108@example.com
2109,Neha,Khan,Nizamabad,Telangana,2024-11-03,neha.khan.2109@example.com
2110,Meera,Nair,Surat,Gujarat,2023-03-03,meera.nair.2110@example.com
2111,Meera,Mehta,Coimbatore,Tamil Nadu,2024-10-29,meera.mehta.2111@example.com
2112,Priya,Patel,Coimbatore,Tamil Nadu,2022-11-08,priya.patel.2112@example.com
2113,Rohan,Nair,Mysuru,Karnataka,2023-05-30,rohan.nair.2113@example.com
2114,Arjun,Rao,Jaipur,Rajasthan,2025-03-10,arjun.rao.2114@example.com
2115,Kabir,Das,Bengaluru,Karnataka,2025-05-02,kabir.das.2115@example.com
2116,Diya,Patel,Pune,Maharashtra,2025-03-24,diya.patel.2116@example.com
2117,Priya,Rao,Bengaluru,Karnataka,2023-02-08,priya.rao.2117@example.com
2118,Rahul,Joshi,Nagpur,Maharashtra,2024-12-12,rahul.joshi.2118@example.com
2119,Aanya,Mishra,Bengaluru,Karnataka,2025-04-09,aanya.mishra.2119@example.com
2120,Aarav,Kapoor,Warangal,Telangana,2025-06-02,aarav.kapoor.2120@example.com
2121,Aarav,Gupta,Pune,Maharashtra,2022-01-27,aarav.gupta.2121@example.com
2122,Tara,Reddy,Chennai,Tamil Nadu,2024-08-08,tara.reddy.2122@example.com
2123,Riya,Rao,Jaipur,Rajasthan,2025-06-25,riya.rao.2123@example.com
2124,Riya,Verma,Hyderabad,Telangana,2024-09-02,riya.verma.2124@example.com
2125,Kabir,Gupta,Nagpur,Maharashtra,2022-10-25,kabir.gupta.2125@example.com
2126,Ira,Patel,Lucknow,Uttar Pradesh,2024-08-31,ira.patel.2126@example.com
2127,Sara,Reddy,Lucknow,Uttar Pradesh,2022-05-15,sara.reddy.2127@example.com
2128,Rahul,Singh,Ahmedabad,Gujarat,2023-09-06,rahul.singh.2128@example.com
2129,Priya,Das,Mysuru,Karnataka,2024-03-10,priya.das.2129@example.com
2130,Sara,Sharma,Chennai,Tamil Nadu,2023-08-06,sara.sharma.2130@example.com
2131,Ananya,Patel,Nagpur,Maharashtra,2024-06-11,ananya.patel.2131@example.com
2132,Ananya,Gupta,Pune,Maharashtra,2022-11-03,ananya.gupta.2132@example.com
2133,Kabir,Mishra,Coimbatore,Tamil Nadu,2024-02-13,kabir.mishra.2133@example.com
2134,Kavya,Kapoor,Kolkata,West Bengal,2024-04-02,kavya.kapoor.2134@example.com
2135,Tara,Verma,Coimbatore,Tamil Nadu,2024-03-19,tara.verma.2135@example.com
2136,Tara,Sharma,Kolkata,West Bengal,2023-01-05,tara.sharma.2136@example.com
2137,Nisha,Sharma,Bengaluru,Karnataka,2023-01-25,nisha.sharma.2137@example.com
2138,Kabir,Joshi,Coimbatore,Tamil Nadu,2022-11-25,kabir.joshi.2138@example.com
2139,Nisha,Verma,Jaipur,Rajasthan,2023-08-13,nisha.verma.2139@example.com
2140,Rohan,Patel,Jaipur,Rajasthan,2023-04-08,rohan.patel.2140@example.com
2141,Riya,Joshi,Bengaluru,Karnataka,2023-06-08,riya.joshi.2141@example.com
2142,Rahul,Iyer,Kolkata,West Bengal,2023-01-01,rahul.iyer.2142@example.com
2143,Ananya,Singh,Bengaluru,Karnataka,2022-10-07,ananya.singh.2143@example.com
2144,Vihaan,Verma,Warangal,Telangana,2024-04-18,vihaan.verma.2144@example.com
2145,Vihaan,Gupta,Ahmedabad,Gujarat,2024-11-07,vihaan.gupta.2145@example.com
2146,Ishaan,Mishra,Nagpur,Maharashtra,2023-01-06,ishaan.mishra.2146@example.com
2147,Aanya,Das,Coimbatore,Tamil Nadu,2025-01-03,aanya.das.2147@example.com
2148,Aarav,Reddy,New Delhi,Delhi,2023-12-30,aarav.reddy.2148@example.com
2149,Kavya,Das,Mumbai,Maharashtra,2022-08-02,kavya.das.2149@example.com
2150,Aditya,Reddy,Warangal,Telangana,2023-04-13,aditya.reddy.2150@example.com
2151,Tara,Verma,Coimbatore,Tamil Nadu,2022-01-10,tara.verma.2151@example.com
2152,Rahul,Das,Lucknow,Uttar Pradesh,2022-02-19,rahul.das.2152@example.com
2153,Ishaan,Sharma,Kolkata,West Bengal,2023-03-05,ishaan.sharma.2153@example.com
2154,Arjun,Khan,Chennai,Tamil Nadu,2023-08-03,arjun.khan.2154@example.com
2155,Kavya,Gupta,Hyderabad,Telangana,2024-10-14,kavya.gupta.2155@example.com
2156,Priya,Khan,Kolkata,West Bengal,2022-06-21,priya.khan.2156@example.com
2157,Vihaan,Iyer,Hyderabad,Telangana,2024-12-06,vihaan.iyer.2157@example.com
2158,Aditya,Sharma,New Delhi,Delhi,2022-10-27,aditya.sharma.2158@example.com
2159,Meera,Das,Surat,Gujarat,2022-06-26,meera.das.2159@example.com
2160,Riya,Gupta,Chennai,Tamil Nadu,2024-06-12,riya.gupta.2160@example.com
2161,Aditya,Kapoor,Mysuru,Karnataka,2024-09-15,aditya.kapoor.2161@example.com
2162,Rohan,Joshi,Warangal,Telangana,2024-02-11,rohan.joshi.2162@example.com
2163,Ira,Reddy,Nizamabad,Telangana,2022-05-28,ira.reddy.2163@example.com
2164,Aditya,Nair,Coimbatore,Tamil Nadu,2022-05-28,aditya.nair.2164@example.com
2165,Kabir,Singh,Jaipur,Rajasthan,2023-05-13,kabir.singh.2165@example.com
2166,Aarav,Nair,Mysuru,Karnataka,2023-07-29,aarav.nair.2166@example.com
2167,Diya,Rao,Kolkata,West Bengal,2023-01-01,diya.rao.2167@example.com
2168,Priya,Mehta,Ahmedabad,Gujarat,2022-09-03,priya.mehta.2168@example.com
2169,Ananya,Nair,Warangal,Telangana,2025-04-21,ananya.nair.2169@example.com
2170,Rahul,Gupta,Nagpur,Maharashtra,2022-07-16,rahul.gupta.2170@example.com
2171,Ananya,Mishra,Bengaluru,Karnataka,2022-02-03,ananya.mishra.2171@example.com
2172,Ira,Kapoor,Surat,Gujarat,2023-06-24,ira.kapoor.2172@example.com
2173,Arjun,Reddy,Chennai,Tamil Nadu,2023-05-27,arjun.reddy.2173@example.com
2174,Aditya,Khan,Surat,Gujarat,2024-03-01,aditya.khan.2174@example.com
2175,Arjun,Mishra,Jaipur,Rajasthan,2025-01-24,arjun.mishra.2175@example.com
2176,Tara,Patel,Surat,Gujarat,2025-04-05,tara.patel.2176@example.com
2177,Priya,Das,Lucknow,Uttar Pradesh,2023-01-05,priya.das.2177@example.com
2178,Aditya,Kapoor,Surat,Gujarat,2025-06-05,aditya.kapoor.2178@example.com
2179,Kabir,Gupta,Jaipur,Rajasthan,2024-03-18,kabir.gupta.2179@example.com
2180,Ananya,Rao,Jaipur,Rajasthan,2022-03-30,ananya.rao.2180@example.com
2181,Arjun,Das,Ahmedabad,Gujarat,2022-06-26,arjun.das.2181@example.com
2182,Riya,Singh,Jaipur,Rajasthan,2024-01-22,riya.singh.2182@example.com
2183,Neha,Gupta,Lucknow,Uttar Pradesh,2024-10-05,neha.gupta.2183@example.com
2184,Rohan,Singh,New Delhi,Delhi,2022-11-15,rohan.singh.2184@example.com
2185,Aarav,Singh,Kolkata,West Bengal,2022-12-12,aarav.singh.2185@example.com
2186,Rahul,Khan,New Delhi,Delhi,2023-08-31,rahul.khan.2186@example.com
2187,Aanya,Singh,Jaipur,Rajasthan,2025-02-03,aanya.singh.2187@example.com
2188,Kavya,Singh,Coimbatore,Tamil Nadu,2022-10-13,kavya.singh.2188@example.com
2189,Kabir,Kapoor,Jaipur,Rajasthan,2024-04-26,kabir.kapoor.2189@example.com
2190,Rahul,Rao,Jaipur,Rajasthan,2023-08-01,rahul.rao.2190@example.com
2191,Rohan,Mishra,Noida,Uttar Pradesh,2022-05-23,rohan.mishra.2191@example.com
2192,Aarav,Khan,Mysuru,Karnataka,2024-06-26,aarav.khan.2192@example.com
2193,Aarav,Mishra,Ahmedabad,Gujarat,2024-11-28,aarav.mishra.2193@example.com
2194,Ananya,Reddy,Ahmedabad,Gujarat,2022-08-14,ananya.reddy.2194@example.com
2195,Meera,Kapoor,Lucknow,Uttar Pradesh,2022-07-18,meera.kapoor.2195@example.com
2196,Aarav,Kapoor,Noida,Uttar Pradesh,2023-06-25,aarav.kapoor.2196@example.com
2197,Rohan,Sharma,Kolkata,West Bengal,2023-10-09,rohan.sharma.2197@example.com
2198,Neha,Singh,Kolkata,West Bengal,2023-12-06,neha.singh.2198@example.com
2199,Tara,Verma,Mumbai,Maharashtra,2022-11-07,tara.verma.2199@example.com
2200,Meera,Verma,Noida,Uttar Pradesh,2023-10-01,meera.verma.2200@example.com
2201,Ira,Das,Mysuru,Karnataka,2023-01-12,ira.das.2201@example.com
2202,Aanya,Khan,Ahmedabad,Gujarat,2024-05-25,aanya.khan.2202@example.com
2203,Ishaan,Gupta,Jaipur,Rajasthan,2024-10-13,ishaan.gupta.2203@example.com
2204,Rohan,Nair,Coimbatore,Tamil Nadu,2024-04-12,rohan.nair.2204@example.com
2205,Ishaan,Kapoor,Mumbai,Maharashtra,2022-01-02,ishaan.kapoor.2205@example.com
2206,Sara,Verma,Pune,Maharashtra,2025-06-19,sara.verma.2206@example.com
2207,Sara,Mishra,Jaipur,Rajasthan,2022-01-31,sara.mishra.2207@example.com
2208,Sara,Nair,New Delhi,Delhi,2025-06-29,sara.nair.2208@example.com
2209,Meera,Mishra,Warangal,Telangana,2022-02-10,meera.mishra.2209@example.com
2210,Vihaan,Mishra,Surat,Gujarat,2023-10-22,vihaan.mishra.2210@example.com
2211,Meera,Sharma,Mysuru,Karnataka,2022-05-16,meera.sharma.2211@example.com
2212,Riya,Joshi,Jaipur,Rajasthan,2022-05-02,riya.joshi.2212@example.com
2213,Meera,Reddy,Mysuru,Karnataka,2024-05-22,meera.reddy.2213@example.com
2214,Aanya,Joshi,Pune,Maharashtra,2024-07-17,aanya.joshi.2214@example.com
2215,Rohan,Joshi,Nizamabad,Telangana,2022-05-31,rohan.joshi.2215@example.com
2216,Nisha,Gupta,New Delhi,Delhi,2025-05-31,nisha.gupta.2216@example.com
2217,Diya,Sharma,New Delhi,Delhi,2023-02-13,diya.sharma.2217@example.com
2218,Rahul,Verma,Surat,Gujarat,2023-02-11,rahul.verma.2218@example.com
2219,Diya,Mehta,New Delhi,Delhi,2023-01-14,diya.mehta.2219@example.com
2220,Aditya,Rao,Coimbatore,Tamil Nadu,2023-08-12,aditya.rao.2220@example.com
2221,Neha,Patel,Bengaluru,Karnataka,2022-08-15,neha.patel.2221@example.com
2222,Priya,Sharma,Bengaluru,Karnataka,2023-06-27,priya.sharma.2222@example.com
2223,Kabir,Verma,Noida,Uttar Pradesh,2022-09-25,kabir.verma.2223@example.com
2224,Nisha,Das,Nagpur,Maharashtra,2022-03-07,nisha.das.2224@example.com
2225,Vihaan,Mehta,Noida,Uttar Pradesh,2023-04-16,vihaan.mehta.2225@example.com
2226,Ishaan,Mehta,Mysuru,Karnataka,2024-05-07,ishaan.mehta.2226@example.com
2227,Sara,Reddy,Nizamabad,Telangana,2024-08-31,sara.reddy.2227@example.com
2228,Aarav,Mehta,Mysuru,Karnataka,2023-03-27,aarav.mehta.2228@example.com
2229,Priya,Mehta,Nizamabad,Telangana,2023-02-18,priya.mehta.2229@example.com
2230,Kavya,Gupta,Jaipur,Rajasthan,2024-10-01,kavya.gupta.2230@example.com
2231,Aanya,Singh,New Delhi,Delhi,2024-05-19,aanya.singh.2231@example.com
2232,Rohan,Mehta,Chennai,Tamil Nadu,2024-11-27,rohan.mehta.2232@example.com
2233,Priya,Khan,Kolkata,West Bengal,2025-03-02,priya.khan.2233@example.com
2234,Kabir,Singh,Kolkata,West Bengal,2024-11-13,kabir.singh.2234@example.com
2235,Priya,Das,Noida,Uttar Pradesh,2025-04-09,priya.das.2235@example.com
2236,Meera,Nair,Noida,Uttar Pradesh,2023-06-16,meera.nair.2236@example.com
2237,Vihaan,Nair,Surat,Gujarat,2023-05-19,vihaan.nair.2237@example.com
2238,Vihaan,Rao,Jaipur,Rajasthan,2023-02-15,vihaan.rao.2238@example.com
2239,Aarav,Mishra,Jaipur,Rajasthan,2022-10-28,aarav.mishra.2239@example.com
2240,Vihaan,Gupta,New Delhi,Delhi,2024-08-13,vihaan.gupta.2240@example.com
2241,Rahul,Kapoor,Surat,Gujarat,2024-06-30,rahul.kapoor.2241@example.com
2242,Aarav,Gupta,Hyderabad,Telangana,2024-10-19,aarav.gupta.2242@example.com
2243,Neha,Reddy,Ahmedabad,Gujarat,2022-08-02,neha.reddy.2243@example.com
2244,Neha,Joshi,Noida,Uttar Pradesh,2023-09-19,neha.joshi.2244@example.com
2245,Arjun,Mishra,Nizamabad,Telangana,2022-10-11,arjun.mishra.2245@example.com
2246,Kabir,Patel,Jaipur,Rajasthan,2025-02-13,kabir.patel.2246@example.com
2247,Priya,Rao,Lucknow,Uttar Pradesh,2022-12-08,priya.rao.2247@example.com
2248,Sara,Iyer,Bengaluru,Karnataka,2022-07-03,sara.iyer.2248@example.com
2249,Aanya,Gupta,New Delhi,Delhi,2023-12-29,aanya.gupta.2249@example.com
2250,Tara,Iyer,Noida,Uttar Pradesh,2025-01-26,tara.iyer.2250@example.com
2251,Meera,Khan,Lucknow,Uttar Pradesh,2025-03-14,meera.khan.2251@example.com
2252,Sara,Rao,Nagpur,Maharashtra,2022-05-03,sara.rao.2252@example.com
2253,Ira,Iyer,Chennai,Tamil Nadu,2023-02-20,ira.iyer.2253@example.com
2254,Ira,Mishra,Ahmedabad,Gujarat,2022-07-15,ira.mishra.2254@example.com
2255,Rahul,Gupta,Nagpur,Maharashtra,2023-01-28,rahul.gupta.2255@example.com
2256,Ira,Nair,Mysuru,Karnataka,2023-11-13,ira.nair.2256@example.com
2257,Neha,Mehta,Warangal,Telangana,2022-12-25,neha.mehta.2257@example.com
2258,Ishaan,Kapoor,Nagpur,Maharashtra,2022-03-28,ishaan.kapoor.2258@example.com
2259,Aditya,Gupta,Kolkata,West Bengal,2023-10-13,aditya.gupta.2259@example.com
2260,Aanya,Mishra,Kolkata,West Bengal,2022-03-09,aanya.mishra.2260@example.com
2261,Nisha,Nair,Kolkata,West Bengal,2022-10-17,nisha.nair.2261@example.com
2262,Tara,Gupta,Jaipur,Rajasthan,2022-01-01,tara.gupta.2262@example.com
2263,Ira,Das,Chennai,Tamil Nadu,2022-04-21,ira.das.2263@example.com
2264,Nisha,Gupta,Mysuru,Karnataka,2023-07-11,nisha.gupta.2264@example.com
2265,Rahul,Gupta,Warangal,Telangana,2024-12-21,rahul.gupta.2265@example.com
2266,Ananya,Singh,Nagpur,Maharashtra,2024-09-15,ananya.singh.2266@example.com
2267,Ananya,Khan,Bengaluru,Karnataka,2022-05-07,ananya.khan.2267@example.com
2268,Kabir,Singh,Pune,Maharashtra,2022-02-14,kabir.singh.2268@example.com
2269,Priya,Rao,Warangal,Telangana,2023-03-08,priya.rao.2269@example.com
2270,Riya,Rao,Pune,Maharashtra,2024-04-12,riya.rao.2270@example.com
2271,Kabir,Reddy,Kolkata,West Bengal,2024-08-10,kabir.reddy.2271@example.com
2272,Aditya,Gupta,Kolkata,West Bengal,2024-11-16,aditya.gupta.2272@example.com
2273,Kavya,Mehta,Noida,Uttar Pradesh,2023-03-13,kavya.mehta.2273@example.com
2274,Kavya,Gupta,Jaipur,Rajasthan,2022-08-03,kavya.gupta.2274@example.com
2275,Neha,Mishra,Kolkata,West Bengal,2022-02-03,neha.mishra.2275@example.com
2276,Rahul,Singh,Pune,Maharashtra,2022-07-07,rahul.singh.2276@example.com
2277,Priya,Verma,Kolkata,West Bengal,2022-03-25,priya.verma.2277@example.com
2278,Priya,Khan,Nizamabad,Telangana,2025-01-03,priya.khan.2278@example.com
2279,Nisha,Das,Coimbatore,Tamil Nadu,2022-12-09,nisha.das.2279@example.com
2280,Kavya,Khan,Coimbatore,Tamil Nadu,2024-11-16,kavya.khan.2280@example.com
2281,Tara,Rao,Coimbatore,Tamil Nadu,2023-12-07,tara.rao.2281@example.com
2282,Diya,Kapoor,Mysuru,Karnataka,2023-11-19,diya.kapoor.2282@example.com
2283,Vihaan,Mishra,Ahmedabad,Gujarat,2023-08-04,vihaan.mishra.2283@example.com
2284,Arjun,Gupta,Jaipur,Rajasthan,2024-11-11,arjun.gupta.2284@example.com
2285,Riya,Reddy,Surat,Gujarat,2022-02-25,riya.reddy.2285@example.com
2286,Kavya,Singh,Kolkata,West Bengal,2022-04-29,kavya.singh.2286@example.com
2287,Aarav,Joshi,New Delhi,Delhi,2023-06-25,aarav.joshi.2287@example.com
2288,Ishaan,Kapoor,Warangal,Telangana,2023-05-19,ishaan.kapoor.2288@example.com
2289,Rohan,Khan,Ahmedabad,Gujarat,2023-11-28,rohan.khan.2289@example.com
2290,Kabir,Khan,New Delhi,Delhi,2024-07-30,kabir.khan.2290@example.com
2291,Meera,Gupta,Bengaluru,Karnataka,2024-01-20,meera.gupta.2291@example.com
2292,Ira,Rao,Bengaluru,Karnataka,2022-11-25,ira.rao.2292@example.com
2293,Diya,Reddy,Noida,Uttar Pradesh,2023-02-22,diya.reddy.2293@example.com
2294,Ananya,Rao,Kolkata,West Bengal,2024-08-17,ananya.rao.2294@example.com
2295,Meera,Reddy,New Delhi,Delhi,2022-09-15,meera.reddy.2295@example.com
2296,Sara,Patel,Kolkata,West Bengal,2023-10-06,sara.patel.2296@example.com
2297,Aarav,Kapoor,Chennai,Tamil Nadu,2023-11-19,aarav.kapoor.2297@example.com
2298,Aditya,Mishra,New Delhi,Delhi,2024-08-15,aditya.mishra.2298@example.com
2299,Kabir,Khan,Mysuru,Karnataka,2024-06-30,kabir.khan.2299@example.com
2300,Ananya,Nair,Coimbatore,Tamil Nadu,2023-08-16,ananya.nair.2300@example.com
2301,Tara,Gupta,Ahmedabad,Gujarat,2023-01-30,tara.gupta.2301@example.com
2302,Riya,Rao,Warangal,Telangana,2023-04-15,riya.rao.2302@example.com
2303,Meera,Das,Jaipur,Rajasthan,2023-06-10,meera.das.2303@example.com
2304,Aarav,Rao,Mysuru,Karnataka,2022-10-07,aarav.rao.2304@example.com
2305,Aditya,Mehta,Surat,Gujarat,2024-03-09,aditya.mehta.2305@example.com
2306,Diya,Singh,Kolkata,West Bengal,2022-09-23,diya.singh.2306@example.com
2307,Aanya,Joshi,Kolkata,West Bengal,2024-04-07,aanya.joshi.2307@example.com
2308,Sara,Gupta,Kolkata,West Bengal,2024-08-16,sara.gupta.2308@example.com
2309,Aditya,Kapoor,Noida,Uttar Pradesh,2025-05-12,aditya.kapoor.2309@example.com
2310,Riya,Das,New Delhi,Delhi,2022-06-01,riya.das.2310@example.com
2311,Diya,Mishra,Ahmedabad,Gujarat,2024-08-27,diya.mishra.2311@example.com
2312,Aanya,Iyer,Ahmedabad,Gujarat,2022-04-20,aanya.iyer.2312@example.com
2313,Aarav,Gupta,Bengaluru,Karnataka,2023-03-07,aarav.gupta.2313@example.com
2314,Kavya,Sharma,Bengaluru,Karnataka,2022-08-13,kavya.sharma.2314@example.com
2315,Ira,Rao,Coimbatore,Tamil Nadu,2022-07-27,ira.rao.2315@example.com
2316,Rohan,Singh,Bengaluru,Karnataka,2022-08-12,rohan.singh.2316@example.com
2317,Kabir,Patel,Coimbatore,Tamil Nadu,2022-02-26,kabir.patel.2317@example.com
2318,Ishaan,Mishra,Coimbatore,Tamil Nadu,2024-11-16,ishaan.mishra.2318@example.com
2319,Aarav,Kapoor,Kolkata,West Bengal,2023-05-24,aarav.kapoor.2319@example.com
2320,Neha,Singh,Mumbai,Maharashtra,2024-06-11,neha.singh.2320@example.com
2321,Kavya,Khan,Jaipur,Rajasthan,2024-12-25,kavya.khan.2321@example.com
2322,Riya,Verma,Coimbatore,Tamil Nadu,2022-06-25,riya.verma.2322@example.com
2323,Ishaan,Iyer,Ahmedabad,Gujarat,2025-06-14,ishaan.iyer.2323@example.com
2324,Aanya,Nair,Nizamabad,Telangana,2022-08-18,aanya.nair.2324@example.com
2325,Diya,Verma,New Delhi,Delhi,2023-07-27,diya.verma.2325@example.com
2326,Diya,Joshi,Hyderabad,Telangana,2025-03-17,diya.joshi.2326@example.com
2327,Aanya,Reddy,Ahmedabad,Gujarat,2023-05-17,aanya.reddy.2327@example.com
2328,Diya,Khan,Chennai,Tamil Nadu,2022-08-23,diya.khan.2328@example.com
2329,Nisha,Kapoor,Noida,Uttar Pradesh,2025-01-21,nisha.kapoor.2329@example.com
2330,Vihaan,Joshi,Bengaluru,Karnataka,2025-04-30,vihaan.joshi.2330@example.com
2331,Arjun,Sharma,Kolkata,West Bengal,2025-05-29,arjun.sharma.2331@example.com
2332,Riya,Patel,Mysuru,Karnataka,2025-05-04,riya.patel.2332@example.com
2333,Riya,Nair,Kolkata,West Bengal,2025-01-18,riya.nair.2333@example.com
2334,Kavya,Mishra,New Delhi,Delhi,2023-08-03,kavya.mishra.2334@example.com
2335,Ishaan,Joshi,Chennai,Tamil Nadu,2022-09-03,ishaan.joshi.2335@example.com
2336,Diya,Mishra,Mumbai,Maharashtra,2024-02-27,diya.mishra.2336@example.com
2337,Aarav,Reddy,Pune,Maharashtra,2022-10-09,aarav.reddy.2337@example.com
2338,Rahul,Iyer,Nagpur,Maharashtra,2023-08-27,rahul.iyer.2338@example.com
2339,Priya,Khan,Lucknow,Uttar Pradesh,2024-04-17,priya.khan.2339@example.com
2340,Kabir,Nair,Chennai,Tamil Nadu,2025-04-22,kabir.nair.2340@example.com
2341,Diya,Das,Warangal,Telangana,2023-01-04,diya.das.2341@example.com
2342,Aditya,Gupta,Noida,Uttar Pradesh,2022-11-18,aditya.gupta.2342@example.com
2343,Diya,Verma,Hyderabad,Telangana,2024-07-26,diya.verma.2343@example.com
2344,Priya,Verma,Chennai,Tamil Nadu,2022-01-09,priya.verma.2344@example.com
2345,Aanya,Kapoor,Surat,Gujarat,2023-12-24,aanya.kapoor.2345@example.com
2346,Aanya,Gupta,Lucknow,Uttar Pradesh,2024-08-09,aanya.gupta.2346@example.com
2347,Neha,Mehta,Ahmedabad,Gujarat,2023-12-04,neha.mehta.2347@example.com
2348,Rohan,Sharma,New Delhi,Delhi,2023-05-05,rohan.sharma.2348@example.com
2349,Rahul,Reddy,Noida,Uttar Pradesh,2024-11-23,rahul.reddy.2349@example.com
2350,Meera,Kapoor,Hyderabad,Telangana,2023-04-19,meera.kapoor.2350@example.com
2351,Diya,Joshi,Lucknow,Uttar Pradesh,2024-06-25,diya.joshi.2351@example.com
2352,Tara,Gupta,Jaipur,Rajasthan,2023-08-16,tara.gupta.2352@example.com
2353,Vihaan,Khan,Lucknow,Uttar Pradesh,2022-02-03,vihaan.khan.2353@example.com
2354,Aditya,Rao,Mysuru,Karnataka,2023-11-08,aditya.rao.2354@example.com
2355,Kabir,Mishra,Pune,Maharashtra,2022-03-05,kabir.mishra.2355@example.com
2356,Diya,Mehta,Kolkata,West Bengal,2025-04-02,diya.mehta.2356@example.com
2357,Riya,Kapoor,New Delhi,Delhi,2024-02-07,riya.kapoor.2357@example.com
2358,Diya,Singh,New Delhi,Delhi,2023-04-20,diya.singh.2358@example.com
2359,Ananya,Khan,Noida,Uttar Pradesh,2023-09-13,ananya.khan.2359@example.com
2360,Arjun,Singh,Kolkata,West Bengal,2024-03-01,arjun.singh.2360@example.com
2361,Ananya,Khan,Mysuru,Karnataka,2022-11-28,ananya.khan.2361@example.com
2362,Ira,Singh,Chennai,Tamil Nadu,2023-06-19,ira.singh.2362@example.com
2363,Aanya,Joshi,Mumbai,Maharashtra,2022-11-26,aanya.joshi.2363@example.com
2364,Meera,Nair,Pune,Maharashtra,2024-08-25,meera.nair.2364@example.com
2365,Ananya,Mehta,Mumbai,Maharashtra,2022-05-13,ananya.mehta.2365@example.com
2366,Arjun,Kapoor,Jaipur,Rajasthan,2024-11-20,arjun.kapoor.2366@example.com
2367,Arjun,Khan,Surat,Gujarat,2023-03-21,arjun.khan.2367@example.com
2368,Arjun,Verma,New Delhi,Delhi,2023-12-18,arjun.verma.2368@example.com
2369,Meera,Reddy,Chennai,Tamil Nadu,2022-07-21,meera.reddy.2369@example.com
2370,Riya,Kapoor,Surat,Gujarat,2023-05-07,riya.kapoor.2370@example.com
2371,Riya,Das,Jaipur,Rajasthan,2024-08-20,riya.das.2371@example.com
2372,Kabir,Khan,Jaipur,Rajasthan,2022-12-12,kabir.khan.2372@example.com
2373,Vihaan,Joshi,New Delhi,Delhi,2022-06-18,vihaan.joshi.2373@example.com
2374,Meera,Nair,Jaipur,Rajasthan,2023-10-28,meera.nair.2374@example.com
2375,Aarav,Gupta,New Delhi,Delhi,2022-07-27,aarav.gupta.2375@example.com
2376,Meera,Gupta,New Delhi,Delhi,2023-02-06,meera.gupta.2376@example.com
2377,Ishaan,Patel,Jaipur,Rajasthan,2023-07-29,ishaan.patel.2377@example.com
2378,Kavya,Sharma,Coimbatore,Tamil Nadu,2023-12-21,kavya.sharma.2378@example.com
2379,Meera,Khan,Chennai,Tamil Nadu,2024-03-26,meera.khan.2379@example.com
2380,Priya,Joshi,Mysuru,Karnataka,2024-05-13,priya.joshi.2380@example.com
2381,Ananya,Reddy,New Delhi,Delhi,2024-12-13,ananya.reddy.2381@example.com
2382,Kavya,Rao,New Delhi,Delhi,2022-03-26,kavya.rao.2382@example.com
2383,Ira,Patel,Kolkata,West Bengal,2023-04-08,ira.patel.2383@example.com
2384,Meera,Verma,Coimbatore,Tamil Nadu,2022-01-02,meera.verma.2384@example.com
2385,Ishaan,Das,Pune,Maharashtra,2022-01-13,ishaan.das.2385@example.com
2386,Ananya,Joshi,Jaipur,Rajasthan,2022-09-28,ananya.joshi.2386@example.com
2387,Kavya,Kapoor,Chennai,Tamil Nadu,2024-02-03,kavya.kapoor.2387@example.com
2388,Ishaan,Mehta,Lucknow,Uttar Pradesh,2025-02-15,ishaan.mehta.2388@example.com
2389,Aarav,Kapoor,Pune,Maharashtra,2024-09-14,aarav.kapoor.2389@example.com
2390,Ishaan,Das,Kolkata,West Bengal,2024-04-04,ishaan.das.2390@example.com
2391,Ishaan,Singh,New Delhi,Delhi,2024-09-19,ishaan.singh.2391@example.com
2392,Ananya,Mehta,Jaipur,Rajasthan,2022-08-08,ananya.mehta.2392@example.com
2393,Vihaan,Patel,Nagpur,Maharashtra,2024-12-07,vihaan.patel.2393@example.com
2394,Aditya,Mishra,Lucknow,Uttar Pradesh,2025-02-09,aditya.mishra.2394@example.com
2395,Kabir,Gupta,New Delhi,Delhi,2022-05-02,kabir.gupta.2395@example.com
2396,Ananya,Mehta,Kolkata,West Bengal,2023-08-23,ananya.mehta.2396@example.com
2397,Aarav,Verma,New Delhi,Delhi,2024-11-25,aarav.verma.2397@example.com
2398,Ishaan,Reddy,Nizamabad,Telangana,2023-08-31,ishaan.reddy.2398@example.com
2399,Kabir,Joshi,New Delhi,Delhi,2024-12-08,kabir.joshi.2399@example.com
2400,Aarav,Khan,Bengaluru,Karnataka,2025-04-08,aarav.khan.2400@example.com
2401,Rahul,Reddy,Chennai,Tamil Nadu,2023-08-29,rahul.reddy.2401@example.com
2402,Rahul,Reddy,Kolkata,West Bengal,2022-03-17,rahul.reddy.2402@example.com
2403,Aditya,Sharma,New Delhi,Delhi,2023-03-10,aditya.sharma.2403@example.com
2404,Nisha,Kapoor,Warangal,Telangana,2022-10-02,nisha.kapoor.2404@example.com
2405,Vihaan,Verma,Hyderabad,Telangana,2023-08-28,vihaan.verma.2405@example.com
2406,Aanya,Nair,Pune,Maharashtra,2024-01-18,aanya.nair.2406@example.com
2407,Sara,Reddy,Pune,Maharashtra,2023-08-15,sara.reddy.2407@example.com
2408,Kavya,Gupta,Kolkata,West Bengal,2022-09-07,kavya.gupta.2408@example.com
2409,Ira,Rao,Mumbai,Maharashtra,2023-01-20,ira.rao.2409@example.com
2410,Ira,Gupta,Jaipur,Rajasthan,2024-05-17,ira.gupta.2410@example.com
2411,Nisha,Nair,Nagpur,Maharashtra,2022-02-04,nisha.nair.2411@example.com
2412,Riya,Mishra,Hyderabad,Telangana,2022-10-01,riya.mishra.2412@example.com
2413,Rohan,Mehta,Jaipur,Rajasthan,2025-02-12,rohan.mehta.2413@example.com
2414,Nisha,Nair,Mysuru,Karnataka,2023-06-14,nisha.nair.2414@example.com
2415,Diya,Mishra,Coimbatore,Tamil Nadu,2022-09-22,diya.mishra.2415@example.com
2416,Vihaan,Mishra,Noida,Uttar Pradesh,2022-05-14,vihaan.mishra.2416@example.com
2417,Meera,Sharma,Lucknow,Uttar Pradesh,2023-06-24,meera.sharma.2417@example.com
2418,Tara,Patel,Surat,Gujarat,2023-10-28,tara.patel.2418@example.com
2419,Aditya,Kapoor,Hyderabad,Telangana,2022-08-13,aditya.kapoor.2419@example.com
2420,Aarav,Mishra,Kolkata,West Bengal,2022-04-10,aarav.mishra.2420@example.com
2421,Neha,Mehta,Lucknow,Uttar Pradesh,2022-06-21,neha.mehta.2421@example.com
2422,Aanya,Iyer,Noida,Uttar Pradesh,2024-04-11,aanya.iyer.2422@example.com
2423,Rohan,Rao,Warangal,Telangana,2025-01-02,rohan.rao.2423@example.com
2424,Nisha,Khan,Coimbatore,Tamil Nadu,2022-08-19,nisha.khan.2424@example.com
2425,Ishaan,Das,Bengaluru,Karnataka,2023-02-13,ishaan.das.2425@example.com
2426,Kabir,Singh,Pune,Maharashtra,2023-03-15,kabir.singh.2426@example.com
2427,Rahul,Mishra,Surat,Gujarat,2023-04-06,rahul.mishra.2427@example.com
2428,Aanya,Sharma,Mysuru,Karnataka,2022-11-08,aanya.sharma.2428@example.com
2429,Aditya,Sharma,Coimbatore,Tamil Nadu,2022-03-12,aditya.sharma.2429@example.com
2430,Ishaan,Kapoor,Nizamabad,Telangana,2023-11-02,ishaan.kapoor.2430@example.com
2431,Kabir,Reddy,New Delhi,Delhi,2023-04-02,kabir.reddy.2431@example.com
2432,Vihaan,Kapoor,Mumbai,Maharashtra,2023-03-13,vihaan.kapoor.2432@example.com
2433,Nisha,Mehta,Chennai,Tamil Nadu,2022-12-04,nisha.mehta.2433@example.com
2434,Aarav,Singh,Mumbai,Maharashtra,2025-03-31,aarav.singh.2434@example.com
2435,Tara,Sharma,Noida,Uttar Pradesh,2024-02-18,tara.sharma.2435@example.com
2436,Vihaan,Kapoor,Nagpur,Maharashtra,2023-06-19,vihaan.kapoor.2436@example.com
2437,Ishaan,Singh,New Delhi,Delhi,2022-09-20,ishaan.singh.2437@example.com
2438,Vihaan,Reddy,Nagpur,Maharashtra,2024-10-19,vihaan.reddy.2438@example.com
2439,Ishaan,Iyer,Nizamabad,Telangana,2025-02-07,ishaan.iyer.2439@example.com
2440,Meera,Reddy,Mumbai,Maharashtra,2022-02-11,meera.reddy.2440@example.com
2441,Vihaan,Das,Warangal,Telangana,2025-04-01,vihaan.das.2441@example.com
2442,Ira,Patel,Nagpur,Maharashtra,2024-06-11,ira.patel.2442@example.com
2443,Nisha,Iyer,New Delhi,Delhi,2022-05-08,nisha.iyer.2443@example.com
2444,Diya,Singh,Kolkata,West Bengal,2024-08-19,diya.singh.2444@example.com
2445,Aditya,Sharma,Hyderabad,Telangana,2022-05-18,aditya.sharma.2445@example.com
2446,Sara,Sharma,Chennai,Tamil Nadu,2022-03-06,sara.sharma.2446@example.com
2447,Arjun,Iyer,Kolkata,West Bengal,2022-05-28,arjun.iyer.2447@example.com
2448,Aarav,Singh,Mysuru,Karnataka,2023-08-10,aarav.singh.2448@example.com
2449,Ananya,Patel,Chennai,Tamil Nadu,2024-03-01,ananya.patel.2449@example.com
2450,Rahul,Reddy,Nizamabad,Telangana,2023-06-04,rahul.reddy.2450@example.com
2451,Aarav,Joshi,Pune,Maharashtra,2022-06-05,aarav.joshi.2451@example.com
2452,Nisha,Khan,New Delhi,Delhi,2022-09-12,nisha.khan.2452@example.com
2453,Aanya,Nair,Noida,Uttar Pradesh,2024-12-23,aanya.nair.2453@example.com
2454,Neha,Joshi,Noida,Uttar Pradesh,2025-05-13,neha.joshi.2454@example.com
2455,Diya,Patel,Noida,Uttar Pradesh,2024-08-20,diya.patel.2455@example.com
2456,Ananya,Khan,Coimbatore,Tamil Nadu,2022-05-12,ananya.khan.2456@example.com
2457,Kavya,Das,Nizamabad,Telangana,2024-11-12,kavya.das.2457@example.com
2458,Vihaan,Gupta,Bengaluru,Karnataka,2024-06-01,vihaan.gupta.2458@example.com
2459,Ishaan,Rao,Mysuru,Karnataka,2023-11-03,ishaan.rao.2459@example.com
2460,Nisha,Das,Warangal,Telangana,2022-07-02,nisha.das.2460@example.com
2461,Rahul,Nair,Warangal,Telangana,2025-06-25,rahul.nair.2461@example.com
2462,Riya,Gupta,New Delhi,Delhi,2023-07-19,riya.gupta.2462@example.com
2463,Rahul,Nair,Chennai,Tamil Nadu,2022-02-26,rahul.nair.2463@example.com
2464,Ananya,Das,Pune,Maharashtra,2022-09-25,ananya.das.2464@example.com
2465,Riya,Sharma,Surat,Gujarat,2023-05-28,riya.sharma.2465@example.com
2466,Rohan,Rao,Chennai,Tamil Nadu,2022-03-21,rohan.rao.2466@example.com
2467,Tara,Iyer,Jaipur,Rajasthan,2023-02-18,tara.iyer.2467@example.com
2468,Aarav,Singh,Bengaluru,Karnataka,2023-08-21,aarav.singh.2468@example.com
2469,Rahul,Sharma,New Delhi,Delhi,2025-04-25,rahul.sharma.2469@example.com
2470,Aanya,Patel,Nagpur,Maharashtra,2022-04-21,aanya.patel.2470@example.com
2471,Aanya,Das,New Delhi,Delhi,2024-01-07,aanya.das.2471@example.com
2472,Neha,Joshi,Pune,Maharashtra,2025-03-14,neha.joshi.2472@example.com
2473,Tara,Verma,Pune,Maharashtra,2024-10-25,tara.verma.2473@example.com
2474,Sara,Kapoor,Kolkata,West Bengal,2025-03-26,sara.kapoor.2474@example.com
2475,Sara,Mishra,Bengaluru,Karnataka,2022-08-06,sara.mishra.2475@example.com
2476,Kabir,Nair,Mumbai,Maharashtra,2024-10-19,kabir.nair.2476@example.com
2477,Kavya,Rao,Noida,Uttar Pradesh,2025-06-02,kavya.rao.2477@example.com
2478,Meera,Kapoor,Hyderabad,Telangana,2023-02-21,meera.kapoor.2478@example.com
2479,Aarav,Nair,Kolkata,West Bengal,2023-09-29,aarav.nair.2479@example.com
2480,Kavya,Kapoor,New Delhi,Delhi,2023-11-09,kavya.kapoor.2480@example.com
2481,Ishaan,Kapoor,Mysuru,Karnataka,2023-09-22,ishaan.kapoor.2481@example.com
2482,Diya,Reddy,New Delhi,Delhi,2025-05-23,diya.reddy.2482@example.com
2483,Diya,Nair,Nizamabad,Telangana,2023-05-01,diya.nair.2483@example.com
2484,Kavya,Khan,Ahmedabad,Gujarat,2024-10-24,kavya.khan.2484@example.com
2485,Rahul,Joshi,Nagpur,Maharashtra,2023-05-23,rahul.joshi.2485@example.com
2486,Ishaan,Singh,Pune,Maharashtra,2024-10-11,ishaan.singh.2486@example.com
2487,Aarav,Joshi,Mysuru,Karnataka,2024-01-17,aarav.joshi.2487@example.com
2488,Kabir,Iyer,Lucknow,Uttar Pradesh,2023-08-23,kabir.iyer.2488@example.com
2489,Vihaan,Singh,Jaipur,Rajasthan,2022-06-13,vihaan.singh.2489@example.com
2490,Aanya,Reddy,Lucknow,Uttar Pradesh,2024-04-15,aanya.reddy.2490@example.com
2491,Riya,Mehta,Kolkata,West Bengal,2023-02-14,riya.mehta.2491@example.com
2492,Diya,Kapoor,Kolkata,West Bengal,2022-10-04,diya.kapoor.2492@example.com
2493,Neha,Khan,New Delhi,Delhi,2022-09-04,neha.khan.2493@example.com
2494,Tara,Khan,Lucknow,Uttar Pradesh,2025-06-06,tara.khan.2494@example.com
2495,Vihaan,Mishra,New Delhi,Delhi,2022-05-12,vihaan.mishra.2495@example.com
2496,Ira,Mehta,Coimbatore,Tamil Nadu,2024-10-15,ira.mehta.2496@example.com
2497,Ira,Nair,Kolkata,West Bengal,2025-01-10,ira.nair.2497@example.com
2498,Ishaan,Singh,New Delhi,Delhi,2022-02-09,ishaan.singh.2498@example.com
2499,Kavya,Joshi,Mumbai,Maharashtra,2024-01-22,kavya.joshi.2499@example.com
2500,Ishaan,Verma,Coimbatore,Tamil Nadu,2024-01-07,ishaan.verma.2500@example.com
2501,Vihaan,Joshi,Bengaluru,Karnataka,2023-04-03,vihaan.joshi.2501@example.com
2502,Ira,Das,Jaipur,Rajasthan,2024-04-30,ira.das.2502@example.com
2503,Rohan,Das,Chennai,Tamil Nadu,2023-06-06,rohan.das.2503@example.com
2504,Ishaan,Mishra,Jaipur,Rajasthan,2023-07-16,ishaan.mishra.2504@example.com
2505,Ira,Das,Coimbatore,Tamil Nadu,2023-07-05,ira.das.2505@example.com
2506,Priya,Mehta,Ahmedabad,Gujarat,2024-10-18,priya.mehta.2506@example.com
2507,Rahul,Iyer,Pune,Maharashtra,2024-03-18,rahul.iyer.2507@example.com
2508,Ishaan,Iyer,Noida,Uttar Pradesh,2023-04-29,ishaan.iyer.2508@example.com
2509,Vihaan,Sharma,New Delhi,Delhi,2025-03-28,vihaan.sharma.2509@example.com
2510,Ishaan,Rao,Mysuru,Karnataka,2024-10-20,ishaan.rao.2510@example.com
2511,Aanya,Verma,Bengaluru,Karnataka,2025-04-05,aanya.verma.2511@example.com
2512,Meera,Singh,Mysuru,Karnataka,2024-07-21,meera.singh.2512@example.com
2513,Rahul,Patel,Coimbatore,Tamil Nadu,2023-05-15,rahul.patel.2513@example.com
2514,Vihaan,Iyer,Ahmedabad,Gujarat,2024-09-13,vihaan.iyer.2514@example.com
2515,Aanya,Rao,Noida,Uttar Pradesh,2023-02-25,aanya.rao.2515@example.com
2516,Sara,Patel,Surat,Gujarat,2022-12-12,sara.patel.2516@example.com
2517,Vihaan,Nair,New Delhi,Delhi,2023-07-30,vihaan.nair.2517@example.com
2518,Ira,Reddy,New Delhi,Delhi,2025-05-21,ira.reddy.2518@example.com
2519,Vihaan,Reddy,Jaipur,Rajasthan,2023-12-26,vihaan.reddy.2519@example.com
2520,Diya,Verma,Jaipur,Rajasthan,2023-05-05,diya.verma.2520@example.com
2521,Meera,Singh,Mysuru,Karnataka,2023-08-13,meera.singh.2521@example.com
2522,Priya,Mishra,Lucknow,Uttar Pradesh,2023-01-07,priya.mishra.2522@example.com
2523,Priya,Patel,Chennai,Tamil Nadu,2024-04-20,priya.patel.2523@example.com
2524,Nisha,Singh,Jaipur,Rajasthan,2023-03-24,nisha.singh.2524@example.com
2525,Rohan,Das,Noida,Uttar Pradesh,2023-12-09,rohan.das.2525@example.com
2526,Kavya,Gupta,Surat,Gujarat,2023-04-17,kavya.gupta.2526@example.com
2527,Kabir,Kapoor,Mumbai,Maharashtra,2023-02-14,kabir.kapoor.2527@example.com
2528,Ishaan,Das,Kolkata,West Bengal,2025-05-23,ishaan.das.2528@example.com
2529,Nisha,Kapoor,Mumbai,Maharashtra,2023-03-18,nisha.kapoor.2529@example.com
2530,Kabir,Kapoor,Jaipur,Rajasthan,2022-03-31,kabir.kapoor.2530@example.com
2531,Vihaan,Patel,Mysuru,Karnataka,2023-04-29,vihaan.patel.2531@example.com
2532,Priya,Verma,Surat,Gujarat,2023-11-11,priya.verma.2532@example.com
2533,Sara,Das,Lucknow,Uttar Pradesh,2022-05-01,sara.das.2533@example.com
2534,Aanya,Sharma,Mumbai,Maharashtra,2023-01-26,aanya.sharma.2534@example.com
2535,Aditya,Verma,Coimbatore,Tamil Nadu,2022-07-31,aditya.verma.2535@example.com
2536,Meera,Khan,Kolkata,West Bengal,2023-10-01,meera.khan.2536@example.com
2537,Arjun,Das,Coimbatore,Tamil Nadu,2024-07-11,arjun.das.2537@example.com
2538,Aanya,Verma,Nagpur,Maharashtra,2025-05-20,aanya.verma.2538@example.com
2539,Ira,Joshi,Nizamabad,Telangana,2023-05-12,ira.joshi.2539@example.com
2540,Nisha,Khan,Coimbatore,Tamil Nadu,2025-01-06,nisha.khan.2540@example.com
2541,Tara,Sharma,Kolkata,West Bengal,2022-10-01,tara.sharma.2541@example.com
2542,Arjun,Mehta,Kolkata,West Bengal,2024-09-22,arjun.mehta.2542@example.com
2543,Aditya,Kapoor,Mumbai,Maharashtra,2023-12-19,aditya.kapoor.2543@example.com
2544,Aanya,Sharma,New Delhi,Delhi,2024-08-25,aanya.sharma.2544@example.com
2545,Tara,Patel,Chennai,Tamil Nadu,2024-08-22,tara.patel.2545@example.com
2546,Arjun,Singh,Bengaluru,Karnataka,2023-11-11,arjun.singh.2546@example.com
2547,Diya,Kapoor,Ahmedabad,Gujarat,2022-11-25,diya.kapoor.2547@example.com
2548,Ananya,Khan,Mysuru,Karnataka,2023-11-03,ananya.khan.2548@example.com
2549,Kabir,Reddy,New Delhi,Delhi,2024-11-20,kabir.reddy.2549@example.com
2550,Sara,Singh,Noida,Uttar Pradesh,2025-05-23,sara.singh.2550@example.com
2551,Rahul,Kapoor,New Delhi,Delhi,2025-03-29,rahul.kapoor.2551@example.com
2552,Diya,Gupta,Kolkata,West Bengal,2022-08-20,diya.gupta.2552@example.com
2553,Kavya,Rao,Hyderabad,Telangana,2024-02-02,kavya.rao.2553@example.com
2554,Ishaan,Verma,Mumbai,Maharashtra,2022-05-14,ishaan.verma.2554@example.com
2555,Aarav,Das,Hyderabad,Telangana,2024-05-03,aarav.das.2555@example.com
2556,Riya,Das,Ahmedabad,Gujarat,2025-06-20,riya.das.2556@example.com
2557,Rahul,Joshi,Jaipur,Rajasthan,2022-03-09,rahul.joshi.2557@example.com
2558,Nisha,Patel,Pune,Maharashtra,2024-04-17,nisha.patel.2558@example.com
2559,Nisha,Verma,Mumbai,Maharashtra,2025-04-21,nisha.verma.2559@example.com
2560,Ira,Khan,Mysuru,Karnataka,2024-12-17,ira.khan.2560@example.com
2561,Vihaan,Verma,Kolkata,West Bengal,2023-05-16,vihaan.verma.2561@example.com
2562,Tara,Khan,Kolkata,West Bengal,2022-05-13,tara.khan.2562@example.com
2563,Sara,Nair,Ahmedabad,Gujarat,2025-03-24,sara.nair.2563@example.com
2564,Ananya,Singh,Noida,Uttar Pradesh,2025-03-21,ananya.singh.2564@example.com
2565,Riya,Patel,Bengaluru,Karnataka,2024-01-09,riya.patel.2565@example.com
2566,Nisha,Kapoor,Kolkata,West Bengal,2025-06-03,nisha.kapoor.2566@example.com
2567,Nisha,Joshi,Kolkata,West Bengal,2022-01-06,nisha.joshi.2567@example.com
2568,Arjun,Mishra,Bengaluru,Karnataka,2024-02-26,arjun.mishra.2568@example.com
2569,Meera,Mehta,Noida,Uttar Pradesh,2022-02-19,meera.mehta.2569@example.com
2570,Rahul,Mehta,Nizamabad,Telangana,2025-04-08,rahul.mehta.2570@example.com
2571,Vihaan,Mehta,Ahmedabad,Gujarat,2024-05-18,vihaan.mehta.2571@example.com
2572,Kabir,Sharma,Ahmedabad,Gujarat,2025-03-11,kabir.sharma.2572@example.com
2573,Aditya,Reddy,Lucknow,Uttar Pradesh,2023-12-19,aditya.reddy.2573@example.com
2574,Aditya,Mehta,New Delhi,Delhi,2022-04-17,aditya.mehta.2574@example.com
2575,Priya,Kapoor,Bengaluru,Karnataka,2022-02-03,priya.kapoor.2575@example.com
2576,Ira,Gupta,Jaipur,Rajasthan,2023-03-05,ira.gupta.2576@example.com
2577,Ishaan,Iyer,Surat,Gujarat,2024-08-06,ishaan.iyer.2577@example.com
2578,Arjun,Rao,New Delhi,Delhi,2022-07-12,arjun.rao.2578@example.com
2579,Nisha,Singh,Ahmedabad,Gujarat,2024-12-23,nisha.singh.2579@example.com
2580,Meera,Mishra,Bengaluru,Karnataka,2022-11-02,meera.mishra.2580@example.com
2581,Aanya,Patel,Kolkata,West Bengal,2023-09-26,aanya.patel.2581@example.com
2582,Arjun,Mishra,Jaipur,Rajasthan,2022-09-17,arjun.mishra.2582@example.com
2583,Aditya,Das,Bengaluru,Karnataka,2023-08-18,aditya.das.2583@example.com
2584,Aditya,Mehta,New Delhi,Delhi,2023-07-31,aditya.mehta.2584@example.com
2585,Aarav,Das,Lucknow,Uttar Pradesh,2022-01-07,aarav.das.2585@example.com
2586,Tara,Verma,Jaipur,Rajasthan,2023-12-26,tara.verma.2586@example.com
2587,Ishaan,Kapoor,Jaipur,Rajasthan,2024-09-30,ishaan.kapoor.2587@example.com
2588,Sara,Sharma,Chennai,Tamil Nadu,2025-04-09,sara.sharma.2588@example.com
2589,Tara,Sharma,Lucknow,Uttar Pradesh,2023-02-26,tara.sharma.2589@example.com
2590,Neha,Rao,Nagpur,Maharashtra,2025-01-28,neha.rao.2590@example.com
2591,Kabir,Mishra,New Delhi,Delhi,2025-01-26,kabir.mishra.2591@example.com
2592,Diya,Sharma,New Delhi,Delhi,2025-06-15,diya.sharma.2592@example.com
2593,Diya,Das,Jaipur,Rajasthan,2023-04-22,diya.das.2593@example.com
2594,Aarav,Kapoor,Lucknow,Uttar Pradesh,2024-12-21,aarav.kapoor.2594@example.com
2595,Nisha,Iyer,Ahmedabad,Gujarat,2023-12-23,nisha.iyer.2595@example.com
2596,Aanya,Mishra,Kolkata,West Bengal,2022-03-16,aanya.mishra.2596@example.com
2597,Ishaan,Das,Coimbatore,Tamil Nadu,2022-12-11,ishaan.das.2597@example.com
2598,Aanya,Gupta,New Delhi,Delhi,2024-05-07,aanya.gupta.2598@example.com
2599,Priya,Joshi,New Delhi,Delhi,2022-07-24,priya.joshi.2599@example.com
2600,Aarav,Khan,Nizamabad,Telangana,2023-07-09,aarav.khan.2600@example.com
2601,Meera,Sharma,New Delhi,Delhi,2024-09-15,meera.sharma.2601@example.com
2602,Riya,Rao,Jaipur,Rajasthan,2022-07-11,riya.rao.2602@example.com
2603,Priya,Nair,Ahmedabad,Gujarat,2023-09-26,priya.nair.2603@example.com
2604,Meera,Joshi,Jaipur,Rajasthan,2022-10-02,meera.joshi.2604@example.com
2605,Vihaan,Das,Chennai,Tamil Nadu,2023-11-16,vihaan.das.2605@example.com
2606,Priya,Iyer,New Delhi,Delhi,2022-11-04,priya.iyer.2606@example.com
2607,Nisha,Mehta,Warangal,Telangana,2025-05-16,nisha.mehta.2607@example.com
2608,Diya,Reddy,Chennai,Tamil Nadu,2022-04-08,diya.reddy.2608@example.com
2609,Aanya,Patel,New Delhi,Delhi,2025-05-14,aanya.patel.2609@example.com
2610,Meera,Nair,Mysuru,Karnataka,2024-10-07,meera.nair.2610@example.com
2611,Aditya,Kapoor,Hyderabad,Telangana,2024-12-27,aditya.kapoor.2611@example.com
2612,Rahul,Patel,Ahmedabad,Gujarat,2024-12-22,rahul.patel.2612@example.com
2613,Nisha,Khan,Coimbatore,Tamil Nadu,2022-08-28,nisha.khan.2613@example.com
2614,Tara,Rao,Chennai,Tamil Nadu,2025-04-03,tara.rao.2614@example.com
2615,Rahul,Reddy,Mysuru,Karnataka,2024-01-29,rahul.reddy.2615@example.com
2616,Ananya,Gupta,New Delhi,Delhi,2025-05-12,ananya.gupta.2616@example.com
2617,Neha,Mehta,Coimbatore,Tamil Nadu,2025-01-25,neha.mehta.2617@example.com
2618,Arjun,Khan,New Delhi,Delhi,2024-01-10,arjun.khan.2618@example.com
2619,Rahul,Mehta,Kolkata,West Bengal,2023-04-23,rahul.mehta.2619@example.com
2620,Vihaan,Joshi,Warangal,Telangana,2022-05-30,vihaan.joshi.2620@example.com
2621,Rohan,Singh,Lucknow,Uttar Pradesh,2022-05-10,rohan.singh.2621@example.com
2622,Meera,Patel,Hyderabad,Telangana,2023-05-13,meera.patel.2622@example.com
2623,Kabir,Patel,New Delhi,Delhi,2024-10-31,kabir.patel.2623@example.com
2624,Tara,Verma,Nagpur,Maharashtra,2023-10-07,tara.verma.2624@example.com
2625,Riya,Verma,New Delhi,Delhi,2023-09-07,riya.verma.2625@example.com
2626,Riya,Das,Bengaluru,Karnataka,2022-11-08,riya.das.2626@example.com
2627,Priya,Iyer,Jaipur,Rajasthan,2023-12-22,priya.iyer.2627@example.com
2628,Priya,Reddy,Coimbatore,Tamil Nadu,2024-03-25,priya.reddy.2628@example.com
2629,Ira,Gupta,Kolkata,West Bengal,2025-06-07,ira.gupta.2629@example.com
2630,Tara,Rao,Mysuru,Karnataka,2024-07-19,tara.rao.2630@example.com
2631,Vihaan,Singh,Nizamabad,Telangana,2024-02-14,vihaan.singh.2631@example.com
2632,Priya,Khan,Chennai,Tamil Nadu,2025-03-07,priya.khan.2632@example.com
2633,Aditya,Mishra,New Delhi,Delhi,2023-06-27,aditya.mishra.2633@example.com
2634,Kabir,Singh,New Delhi,Delhi,2025-04-07,kabir.singh.2634@example.com
2635,Rahul,Rao,Lucknow,Uttar Pradesh,2023-04-18,rahul.rao.2635@example.com
2636,Meera,Joshi,Surat,Gujarat,2022-06-13,meera.joshi.2636@example.com
2637,Nisha,Gupta,Noida,Uttar Pradesh,2023-06-17,nisha.gupta.2637@example.com
2638,Vihaan,Iyer,Bengaluru,Karnataka,2022-06-14,vihaan.iyer.2638@example.com
2639,Meera,Mehta,Jaipur,Rajasthan,2022-06-01,meera.mehta.2639@example.com
2640,Rohan,Nair,Kolkata,West Bengal,2025-01-29,rohan.nair.2640@example.com
2641,Vihaan,Das,Kolkata,West Bengal,2024-10-11,vihaan.das.2641@example.com
2642,Ananya,Reddy,Noida,Uttar Pradesh,2022-10-10,ananya.reddy.2642@example.com
2643,Aanya,Reddy,Kolkata,West Bengal,2024-12-04,aanya.reddy.2643@example.com
2644,Rohan,Sharma,Lucknow,Uttar Pradesh,2022-03-29,rohan.sharma.2644@example.com
2645,Ishaan,Sharma,Surat,Gujarat,2022-12-29,ishaan.sharma.2645@example.com
2646,Tara,Sharma,Nagpur,Maharashtra,2024-06-19,tara.sharma.2646@example.com
2647,Kabir,Khan,Ahmedabad,Gujarat,2023-01-23,kabir.khan.2647@example.com
2648,Tara,Mishra,New Delhi,Delhi,2024-07-21,tara.mishra.2648@example.com
2649,Kavya,Verma,Lucknow,Uttar Pradesh,2025-01-20,kavya.verma.2649@example.com
2650,Ishaan,Mishra,Jaipur,Rajasthan,2022-03-26,ishaan.mishra.2650@example.com
2651,Aanya,Khan,Warangal,Telangana,2022-01-31,aanya.khan.2651@example.com
2652,Priya,Joshi,Mumbai,Maharashtra,2025-04-14,priya.joshi.2652@example.com
2653,Diya,Das,Hyderabad,Telangana,2023-10-27,diya.das.2653@example.com
2654,Ananya,Reddy,New Delhi,Delhi,2023-10-09,ananya.reddy.2654@example.com
2655,Kabir,Iyer,Nizamabad,Telangana,2023-08-15,kabir.iyer.2655@example.com
2656,Aditya,Iyer,Ahmedabad,Gujarat,2023-07-08,aditya.iyer.2656@example.com
2657,Aarav,Nair,New Delhi,Delhi,2024-05-30,aarav.nair.2657@example.com
2658,Kabir,Das,Jaipur,Rajasthan,2024-01-10,kabir.das.2658@example.com
2659,Nisha,Patel,Bengaluru,Karnataka,2022-07-28,nisha.patel.2659@example.com
2660,Rohan,Khan,New Delhi,Delhi,2024-03-10,rohan.khan.2660@example.com
2661,Arjun,Joshi,Mumbai,Maharashtra,2024-05-02,arjun.joshi.2661@example.com
2662,Kabir,Patel,Jaipur,Rajasthan,2022-05-25,kabir.patel.2662@example.com
2663,Aanya,Verma,Pune,Maharashtra,2023-04-26,aanya.verma.2663@example.com
2664,Rohan,Mishra,Nizamabad,Telangana,2024-10-05,rohan.mishra.2664@example.com
2665,Rohan,Sharma,Pune,Maharashtra,2024-02-29,rohan.sharma.2665@example.com
2666,Aditya,Reddy,Jaipur,Rajasthan,2022-06-24,aditya.reddy.2666@example.com
2667,Kabir,Joshi,Nizamabad,Telangana,2022-02-21,kabir.joshi.2667@example.com
2668,Rohan,Reddy,Kolkata,West Bengal,2024-01-12,rohan.reddy.2668@example.com
2669,Kavya,Khan,Ahmedabad,Gujarat,2023-08-13,kavya.khan.2669@example.com
2670,Neha,Mishra,Surat,Gujarat,2025-05-11,neha.mishra.2670@example.com
2671,Ishaan,Iyer,Nagpur,Maharashtra,2023-10-29,ishaan.iyer.2671@example.com
2672,Vihaan,Iyer,Hyderabad,Telangana,2025-04-03,vihaan.iyer.2672@example.com
2673,Vihaan,Verma,New Delhi,Delhi,2022-10-01,vihaan.verma.2673@example.com
2674,Kabir,Singh,Mumbai,Maharashtra,2023-07-25,kabir.singh.2674@example.com
2675,Diya,Singh,Surat,Gujarat,2022-06-28,diya.singh.2675@example.com
2676,Ira,Rao,Coimbatore,Tamil Nadu,2024-01-03,ira.rao.2676@example.com
2677,Kabir,Mishra,New Delhi,Delhi,2022-08-29,kabir.mishra.2677@example.com
2678,Ishaan,Kapoor,Mumbai,Maharashtra,2023-09-21,ishaan.kapoor.2678@example.com
2679,Rahul,Joshi,Kolkata,West Bengal,2023-03-16,rahul.joshi.2679@example.com
2680,Ira,Patel,Pune,Maharashtra,2022-08-25,ira.patel.2680@example.com
2681,Sara,Mehta,Surat,Gujarat,2022-05-04,sara.mehta.2681@example.com
2682,Aarav,Das,Nizamabad,Telangana,2023-10-16,aarav.das.2682@example.com
2683,Diya,Rao,Lucknow,Uttar Pradesh,2025-04-23,diya.rao.2683@example.com
2684,Meera,Singh,Surat,Gujarat,2022-09-11,meera.singh.2684@example.com
2685,Sara,Mehta,Pune,Maharashtra,2023-06-01,sara.mehta.2685@example.com
2686,Aanya,Patel,Nizamabad,Telangana,2022-10-14,aanya.patel.2686@example.com
2687,Ira,Mehta,Chennai,Tamil Nadu,2024-10-29,ira.mehta.2687@example.com
2688,Sara,Verma,Pune,Maharashtra,2023-06-14,sara.verma.2688@example.com
2689,Ishaan,Verma,Mumbai,Maharashtra,2025-05-28,ishaan.verma.2689@example.com
2690,Aanya,Rao,Jaipur,Rajasthan,2022-11-09,aanya.rao.2690@example.com
2691,Kabir,Mehta,Kolkata,West Bengal,2022-04-14,kabir.mehta.2691@example.com
2692,Ananya,Gupta,Pune,Maharashtra,2024-01-14,ananya.gupta.2692@example.com
2693,Aditya,Mishra,Kolkata,West Bengal,2024-04-11,aditya.mishra.2693@example.com
2694,Ishaan,Verma,Bengaluru,Karnataka,2025-06-18,ishaan.verma.2694@example.com
2695,Aditya,Gupta,Lucknow,Uttar Pradesh,2025-01-16,aditya.gupta.2695@example.com
2696,Rohan,Nair,Nizamabad,Telangana,2025-02-02,rohan.nair.2696@example.com
2697,Ananya,Rao,Surat,Gujarat,2024-03-20,ananya.rao.2697@example.com
2698,Ira,Rao,Ahmedabad,Gujarat,2023-04-05,ira.rao.2698@example.com
2699,Neha,Gupta,Warangal,Telangana,2023-07-02,neha.gupta.2699@example.com
2700,Aarav,Khan,Pune,Maharashtra,2022-06-20,aarav.khan.2700@example.com
2701,Riya,Reddy,Coimbatore,Tamil Nadu,2023-07-05,riya.reddy.2701@example.com
2702,Kabir,Joshi,Jaipur,Rajasthan,2023-04-11,kabir.joshi.2702@example.com
2703,Priya,Verma,New Delhi,Delhi,2022-02-15,priya.verma.2703@example.com
2704,Sara,Verma,Kolkata,West Bengal,2022-09-18,sara.verma.2704@example.com
2705,Tara,Singh,Jaipur,Rajasthan,2023-11-14,tara.singh.2705@example.com
2706,Aditya,Verma,Jaipur,Rajasthan,2023-04-17,aditya.verma.2706@example.com
2707,Tara,Nair,New Delhi,Delhi,2025-06-21,tara.nair.2707@example.com
2708,Vihaan,Iyer,New Delhi,Delhi,2023-09-03,vihaan.iyer.2708@example.com
2709,Riya,Patel,Ahmedabad,Gujarat,2025-05-08,riya.patel.2709@example.com
2710,Sara,Rao,Bengaluru,Karnataka,2024-04-23,sara.rao.2710@example.com
2711,Diya,Mehta,Jaipur,Rajasthan,2022-02-21,diya.mehta.2711@example.com
2712,Ishaan,Patel,Warangal,Telangana,2022-09-17,ishaan.patel.2712@example.com
2713,Vihaan,Joshi,Nagpur,Maharashtra,2024-06-19,vihaan.joshi.2713@example.com
2714,Kavya,Mehta,Jaipur,Rajasthan,2023-11-27,kavya.mehta.2714@example.com
2715,Priya,Rao,Chennai,Tamil Nadu,2023-01-21,priya.rao.2715@example.com
2716,Neha,Reddy,Mumbai,Maharashtra,2023-10-29,neha.reddy.2716@example.com
2717,Priya,Singh,Mumbai,Maharashtra,2025-02-26,priya.singh.2717@example.com
2718,Tara,Singh,New Delhi,Delhi,2023-05-11,tara.singh.2718@example.com
2719,Riya,Reddy,Jaipur,Rajasthan,2022-02-27,riya.reddy.2719@example.com
2720,Ananya,Kapoor,Nizamabad,Telangana,2023-02-01,ananya.kapoor.2720@example.com
2721,Priya,Mehta,Nizamabad,Telangana,2025-04-09,priya.mehta.2721@example.com
2722,Rahul,Rao,New Delhi,Delhi,2024-08-30,rahul.rao.2722@example.com
2723,Nisha,Rao,Lucknow,Uttar Pradesh,2024-12-04,nisha.rao.2723@example.com
2724,Meera,Verma,Bengaluru,Karnataka,2025-03-09,meera.verma.2724@example.com
2725,Ananya,Rao,Lucknow,Uttar Pradesh,2022-05-30,ananya.rao.2725@example.com
2726,Meera,Rao,Jaipur,Rajasthan,2022-12-27,meera.rao.2726@example.com
2727,Rahul,Patel,Bengaluru,Karnataka,2022-03-18,rahul.patel.2727@example.com
2728,Meera,Khan,Jaipur,Rajasthan,2022-01-07,meera.khan.2728@example.com
2729,Diya,Patel,Surat,Gujarat,2024-12-01,diya.patel.2729@example.com
2730,Kabir,Verma,New Delhi,Delhi,2025-04-10,kabir.verma.2730@example.com
2731,Tara,Singh,Chennai,Tamil Nadu,2022-07-18,tara.singh.2731@example.com
2732,Vihaan,Verma,Jaipur,Rajasthan,2024-07-10,vihaan.verma.2732@example.com
2733,Nisha,Patel,Jaipur,Rajasthan,2023-11-14,nisha.patel.2733@example.com
2734,Rohan,Khan,Surat,Gujarat,2022-03-30,rohan.khan.2734@example.com
2735,Rohan,Verma,Lucknow,Uttar Pradesh,2025-03-14,rohan.verma.2735@example.com
2736,Arjun,Sharma,New Delhi,Delhi,2025-01-16,arjun.sharma.2736@example.com
2737,Aditya,Sharma,Jaipur,Rajasthan,2023-12-26,aditya.sharma.2737@example.com
2738,Aditya,Rao,Jaipur,Rajasthan,2024-06-22,aditya.rao.2738@example.com
2739,Kavya,Nair,Nagpur,Maharashtra,2023-05-22,kavya.nair.2739@example.com
2740,Neha,Rao,Hyderabad,Telangana,2024-10-08,neha.rao.2740@example.com
2741,Aanya,Khan,Coimbatore,Tamil Nadu,2023-07-22,aanya.khan.2741@example.com
2742,Aarav,Das,Jaipur,Rajasthan,2025-06-16,aarav.das.2742@example.com
2743,Riya,Mishra,Bengaluru,Karnataka,2022-03-22,riya.mishra.2743@example.com
2744,Meera,Kapoor,Ahmedabad,Gujarat,2022-08-08,meera.kapoor.2744@example.com
2745,Ira,Mishra,Hyderabad,Telangana,2025-05-21,ira.mishra.2745@example.com
2746,Neha,Das,Coimbatore,Tamil Nadu,2023-01-04,neha.das.2746@example.com
2747,Ananya,Verma,Kolkata,West Bengal,2023-02-01,ananya.verma.2747@example.com
2748,Ishaan,Iyer,Pune,Maharashtra,2024-10-06,ishaan.iyer.2748@example.com
2749,Nisha,Nair,Lucknow,Uttar Pradesh,2022-08-30,nisha.nair.2749@example.com
2750,Ira,Reddy,Nagpur,Maharashtra,2023-10-18,ira.reddy.2750@example.com
2751,Priya,Khan,Noida,Uttar Pradesh,2022-12-31,priya.khan.2751@example.com
2752,Sara,Rao,Pune,Maharashtra,2022-09-10,sara.rao.2752@example.com
2753,Kavya,Iyer,Lucknow,Uttar Pradesh,2025-05-15,kavya.iyer.2753@example.com
2754,Kabir,Joshi,Kolkata,West Bengal,2022-09-13,kabir.joshi.2754@example.com
2755,Vihaan,Khan,Hyderabad,Telangana,2022-05-01,vihaan.khan.2755@example.com
2756,Diya,Mishra,Hyderabad,Telangana,2024-05-09,diya.mishra.2756@example.com
2757,Meera,Kapoor,Hyderabad,Telangana,2025-01-11,meera.kapoor.2757@example.com
2758,Kavya,Joshi,Kolkata,West Bengal,2022-06-12,kavya.joshi.2758@example.com
2759,Rahul,Mehta,Jaipur,Rajasthan,2024-06-22,rahul.mehta.2759@example.com
2760,Priya,Reddy,Coimbatore,Tamil Nadu,2023-11-22,priya.reddy.2760@example.com
2761,Kavya,Mehta,New Delhi,Delhi,2024-11-25,kavya.mehta.2761@example.com
2762,Kavya,Khan,Kolkata,West Bengal,2022-06-11,kavya.khan.2762@example.com
2763,Kavya,Joshi,New Delhi,Delhi,2025-05-30,kavya.joshi.2763@example.com
2764,Tara,Mishra,Surat,Gujarat,2024-02-29,tara.mishra.2764@example.com
2765,Sara,Khan,New Delhi,Delhi,2024-12-10,sara.khan.2765@example.com
2766,Ishaan,Khan,Surat,Gujarat,2023-04-07,ishaan.khan.2766@example.com
2767,Ananya,Kapoor,Noida,Uttar Pradesh,2025-04-18,ananya.kapoor.2767@example.com
2768,Priya,Khan,Chennai,Tamil Nadu,2024-03-10,priya.khan.2768@example.com
2769,Rohan,Reddy,Nizamabad,Telangana,2022-06-11,rohan.reddy.2769@example.com
2770,Meera,Iyer,Nagpur,Maharashtra,2025-03-23,meera.iyer.2770@example.com
2771,Aanya,Singh,New Delhi,Delhi,2024-10-12,aanya.singh.2771@example.com
2772,Sara,Nair,Coimbatore,Tamil Nadu,2023-01-19,sara.nair.2772@example.com
2773,Ananya,Nair,Noida,Uttar Pradesh,2023-11-28,ananya.nair.2773@example.com
2774,Priya,Mehta,Kolkata,West Bengal,2023-05-11,priya.mehta.2774@example.com
2775,Vihaan,Mehta,New Delhi,Delhi,2023-11-25,vihaan.mehta.2775@example.com
2776,Priya,Patel,Jaipur,Rajasthan,2025-05-16,priya.patel.2776@example.com
2777,Kavya,Mehta,Bengaluru,Karnataka,2025-02-21,kavya.mehta.2777@example.com
2778,Riya,Joshi,Jaipur,Rajasthan,2022-10-03,riya.joshi.2778@example.com
2779,Neha,Nair,Hyderabad,Telangana,2025-05-25,neha.nair.2779@example.com
2780,Kabir,Kapoor,Kolkata,West Bengal,2023-07-13,kabir.kapoor.2780@example.com
2781,Aarav,Mishra,Lucknow,Uttar Pradesh,2024-06-18,aarav.mishra.2781@example.com
2782,Sara,Joshi,Jaipur,Rajasthan,2024-09-02,sara.joshi.2782@example.com
2783,Vihaan,Reddy,Jaipur,Rajasthan,2023-09-09,vihaan.reddy.2783@example.com
2784,Rahul,Singh,Coimbatore,Tamil Nadu,2023-08-06,rahul.singh.2784@example.com
2785,Priya,Sharma,Jaipur,Rajasthan,2023-08-06,priya.sharma.2785@example.com
2786,Aanya,Patel,New Delhi,Delhi,2025-01-05,aanya.patel.2786@example.com
2787,Meera,Gupta,Kolkata,West Bengal,2023-05-08,meera.gupta.2787@example.com
2788,Nisha,Mehta,Warangal,Telangana,2022-12-24,nisha.mehta.2788@example.com
2789,Arjun,Sharma,Mumbai,Maharashtra,2023-04-07,arjun.sharma.2789@example.com
2790,Nisha,Joshi,New Delhi,Delhi,2022-09-06,nisha.joshi.2790@example.com
2791,Aanya,Iyer,Hyderabad,Telangana,2023-05-15,aanya.iyer.2791@example.com
2792,Ananya,Nair,Ahmedabad,Gujarat,2022-05-26,ananya.nair.2792@example.com
2793,Diya,Nair,Jaipur,Rajasthan,2022-04-25,diya.nair.2793@example.com
2794,Ira,Kapoor,Noida,Uttar Pradesh,2024-07-12,ira.kapoor.2794@example.com
2795,Aanya,Reddy,Nizamabad,Telangana,2022-04-09,aanya.reddy.2795@example.com
2796,Kabir,Singh,Noida,Uttar Pradesh,2023-12-27,kabir.singh.2796@example.com
2797,Rohan,Mehta,Hyderabad,Telangana,2024-09-22,rohan.mehta.2797@example.com
2798,Arjun,Rao,New Delhi,Delhi,2024-07-13,arjun.rao.2798@example.com
2799,Kabir,Iyer,Jaipur,Rajasthan,2023-07-24,kabir.iyer.2799@example.com
2800,Rahul,Das,Hyderabad,Telangana,2022-09-05,rahul.das.2800@example.com
2801,Ira,Rao,Hyderabad,Telangana,2025-04-02,ira.rao.2801@example.com
2802,Neha,Gupta,Nizamabad,Telangana,2024-12-01,neha.gupta.2802@example.com
2803,Aditya,Rao,New Delhi,Delhi,2024-02-21,aditya.rao.2803@example.com
2804,Kabir,Kapoor,Jaipur,Rajasthan,2022-04-21,kabir.kapoor.2804@example.com
2805,Aarav,Rao,Nagpur,Maharashtra,2022-02-14,aarav.rao.2805@example.com
2806,Tara,Rao,Mumbai,Maharashtra,2023-02-07,tara.rao.2806@example.com
2807,Priya,Reddy,Kolkata,West Bengal,2022-07-20,priya.reddy.2807@example.com
2808,Rohan,Sharma,Bengaluru,Karnataka,2025-01-02,rohan.sharma.2808@example.com
2809,Ananya,Gupta,Ahmedabad,Gujarat,2022-09-20,ananya.gupta.2809@example.com
2810,Priya,Sharma,Noida,Uttar Pradesh,2022-12-27,priya.sharma.2810@example.com
2811,Tara,Verma,Ahmedabad,Gujarat,2025-05-30,tara.verma.2811@example.com
2812,Aanya,Mishra,Jaipur,Rajasthan,2022-10-07,aanya.mishra.2812@example.com
2813,Rahul,Verma,New Delhi,Delhi,2023-05-05,rahul.verma.2813@example.com
2814,Sara,Nair,Jaipur,Rajasthan,2023-10-21,sara.nair.2814@example.com
2815,Sara,Joshi,Nagpur,Maharashtra,2024-04-27,sara.joshi.2815@example.com
2816,Meera,Das,Warangal,Telangana,2025-04-09,meera.das.2816@example.com
2817,Aarav,Nair,Kolkata,West Bengal,2025-01-16,aarav.nair.2817@example.com
2818,Priya,Das,Hyderabad,Telangana,2025-05-31,priya.das.2818@example.com
2819,Aarav,Mehta,Noida,Uttar Pradesh,2022-02-21,aarav.mehta.2819@example.com
2820,Neha,Verma,Surat,Gujarat,2022-10-29,neha.verma.2820@example.com
2821,Riya,Singh,Noida,Uttar Pradesh,2022-03-04,riya.singh.2821@example.com
2822,Aanya,Das,Bengaluru,Karnataka,2023-03-30,aanya.das.2822@example.com
2823,Meera,Verma,New Delhi,Delhi,2022-07-15,meera.verma.2823@example.com
2824,Vihaan,Kapoor,Ahmedabad,Gujarat,2025-04-05,vihaan.kapoor.2824@example.com
2825,Riya,Reddy,Mysuru,Karnataka,2022-03-22,riya.reddy.2825@example.com
2826,Rahul,Reddy,New Delhi,Delhi,2022-07-09,rahul.reddy.2826@example.com
2827,Rahul,Khan,Kolkata,West Bengal,2022-09-06,rahul.khan.2827@example.com
2828,Priya,Das,Noida,Uttar Pradesh,2022-07-09,priya.das.2828@example.com
2829,Neha,Khan,Ahmedabad,Gujarat,2023-12-27,neha.khan.2829@example.com
2830,Diya,Mehta,Pune,Maharashtra,2023-04-10,diya.mehta.2830@example.com
2831,Ira,Sharma,New Delhi,Delhi,2025-03-10,ira.sharma.2831@example.com
2832,Ira,Mehta,Kolkata,West Bengal,2022-11-29,ira.mehta.2832@example.com
2833,Rahul,Verma,Nagpur,Maharashtra,2023-11-17,rahul.verma.2833@example.com
2834,Aanya,Verma,Coimbatore,Tamil Nadu,2024-04-22,aanya.verma.2834@example.com
2835,Tara,Mishra,Bengaluru,Karnataka,2024-03-09,tara.mishra.2835@example.com
2836,Ishaan,Joshi,Nagpur,Maharashtra,2024-10-13,ishaan.joshi.2836@example.com
2837,Nisha,Das,New Delhi,Delhi,2022-09-15,nisha.das.2837@example.com
2838,Nisha,Sharma,Nagpur,Maharashtra,2023-10-10,nisha.sharma.2838@example.com
2839,Riya,Patel,Kolkata,West Bengal,2024-10-18,riya.patel.2839@example.com
2840,Priya,Verma,Mumbai,Maharashtra,2025-01-06,priya.verma.2840@example.com
2841,Neha,Nair,Ahmedabad,Gujarat,2024-02-28,neha.nair.2841@example.com
2842,Priya,Khan,Nagpur,Maharashtra,2024-04-11,priya.khan.2842@example.com
2843,Tara,Mehta,Lucknow,Uttar Pradesh,2025-01-07,tara.mehta.2843@example.com
2844,Priya,Patel,Hyderabad,Telangana,2024-03-08,priya.patel.2844@example.com
2845,Kavya,Mehta,New Delhi,Delhi,2025-04-25,kavya.mehta.2845@example.com
2846,Riya,Das,Bengaluru,Karnataka,2022-06-12,riya.das.2846@example.com
2847,Tara,Kapoor,Mysuru,Karnataka,2023-03-20,tara.kapoor.2847@example.com
2848,Aanya,Kapoor,New Delhi,Delhi,2022-05-24,aanya.kapoor.2848@example.com
2849,Priya,Rao,Jaipur,Rajasthan,2022-04-26,priya.rao.2849@example.com
2850,Tara,Patel,Noida,Uttar Pradesh,2023-08-26,tara.patel.2850@example.com
2851,Ishaan,Kapoor,Mysuru,Karnataka,2022-10-16,ishaan.kapoor.2851@example.com
2852,Aditya,Reddy,Nagpur,Maharashtra,2023-06-04,aditya.reddy.2852@example.com
2853,Riya,Mehta,Surat,Gujarat,2023-07-13,riya.mehta.2853@example.com
2854,Meera,Kapoor,Kolkata,West Bengal,2024-03-03,meera.kapoor.2854@example.com
2855,Ananya,Iyer,Mumbai,Maharashtra,2025-04-21,ananya.iyer.2855@example.com
2856,Priya,Reddy,Ahmedabad,Gujarat,2024-12-19,priya.reddy.2856@example.com
2857,Aarav,Iyer,New Delhi,Delhi,2023-04-28,aarav.iyer.2857@example.com
2858,Diya,Patel,Kolkata,West Bengal,2023-02-20,diya.patel.2858@example.com
2859,Rahul,Mehta,Chennai,Tamil Nadu,2022-06-07,rahul.mehta.2859@example.com
2860,Rahul,Kapoor,Chennai,Tamil Nadu,2023-11-21,rahul.kapoor.2860@example.com
2861,Tara,Mehta,Pune,Maharashtra,2023-06-24,tara.mehta.2861@example.com
2862,Aanya,Mishra,Surat,Gujarat,2022-08-22,aanya.mishra.2862@example.com
2863,Aditya,Rao,Pune,Maharashtra,2024-02-26,aditya.rao.2863@example.com
2864,Ishaan,Nair,Jaipur,Rajasthan,2023-02-14,ishaan.nair.2864@example.com
2865,Rohan,Khan,Jaipur,Rajasthan,2022-08-25,rohan.khan.2865@example.com
2866,Neha,Rao,Ahmedabad,Gujarat,2024-04-13,neha.rao.2866@example.com
2867,Rahul,Sharma,Nizamabad,Telangana,2022-08-11,rahul.sharma.2867@example.com
2868,Ishaan,Mishra,Bengaluru,Karnataka,2024-05-08,ishaan.mishra.2868@example.com
2869,Kabir,Iyer,New Delhi,Delhi,2022-07-26,kabir.iyer.2869@example.com
2870,Arjun,Nair,Kolkata,West Bengal,2023-07-09,arjun.nair.2870@example.com
2871,Nisha,Rao,Noida,Uttar Pradesh,2022-10-19,nisha.rao.2871@example.com
2872,Aanya,Nair,Coimbatore,Tamil Nadu,2024-09-06,aanya.nair.2872@example.com
2873,Ananya,Singh,Jaipur,Rajasthan,2024-07-10,ananya.singh.2873@example.com
2874,Ishaan,Joshi,Nagpur,Maharashtra,2025-02-25,ishaan.joshi.2874@example.com
2875,Sara,Gupta,Coimbatore,Tamil Nadu,2022-08-04,sara.gupta.2875@example.com
2876,Vihaan,Nair,Hyderabad,Telangana,2024-07-01,vihaan.nair.2876@example.com
2877,Neha,Rao,Surat,Gujarat,2025-04-10,neha.rao.2877@example.com
2878,Aanya,Iyer,Pune,Maharashtra,2024-08-31,aanya.iyer.2878@example.com
2879,Rohan,Sharma,Mysuru,Karnataka,2022-08-28,rohan.sharma.2879@example.com
2880,Ira,Singh,Surat,Gujarat,2024-11-15,ira.singh.2880@example.com
2881,Riya,Sharma,New Delhi,Delhi,2022-05-17,riya.sharma.2881@example.com
2882,Arjun,Iyer,Warangal,Telangana,2024-01-22,arjun.iyer.2882@example.com
2883,Ira,Khan,Hyderabad,Telangana,2023-09-27,ira.khan.2883@example.com
2884,Aanya,Iyer,New Delhi,Delhi,2023-11-09,aanya.iyer.2884@example.com
2885,Kavya,Das,Mysuru,Karnataka,2023-10-25,kavya.das.2885@example.com
2886,Aanya,Singh,Pune,Maharashtra,2022-02-10,aanya.singh.2886@example.com
2887,Priya,Mehta,Kolkata,West Bengal,2023-10-11,priya.mehta.2887@example.com
2888,Nisha,Verma,Mysuru,Karnataka,2025-04-10,nisha.verma.2888@example.com
2889,Riya,Gupta,Kolkata,West Bengal,2023-07-12,riya.gupta.2889@example.com
2890,Ishaan,Joshi,Chennai,Tamil Nadu,2022-12-20,ishaan.joshi.2890@example.com
2891,Priya,Joshi,Nagpur,Maharashtra,2025-06-23,priya.joshi.2891@example.com
2892,Rohan,Verma,Mumbai,Maharashtra,2022-05-07,rohan.verma.2892@example.com
2893,Kavya,Das,Bengaluru,Karnataka,2023-09-13,kavya.das.2893@example.com
2894,Tara,Sharma,Nizamabad,Telangana,2023-10-17,tara.sharma.2894@example.com
2895,Rahul,Reddy,Bengaluru,Karnataka,2023-09-02,rahul.reddy.2895@example.com
2896,Aanya,Mehta,Lucknow,Uttar Pradesh,2025-03-22,aanya.mehta.2896@example.com
2897,Kavya,Singh,Jaipur,Rajasthan,2023-06-23,kavya.singh.2897@example.com
2898,Aarav,Gupta,Coimbatore,Tamil Nadu,2025-05-26,aarav.gupta.2898@example.com
2899,Priya,Iyer,Kolkata,West Bengal,2022-03-27,priya.iyer.2899@example.com
2900,Kavya,Das,Kolkata,West Bengal,2024-07-25,kavya.das.2900@example.com
2901,Riya,Verma,Jaipur,Rajasthan,2024-01-27,riya.verma.2901@example.com
2902,Arjun,Verma,Mysuru,Karnataka,2022-11-03,arjun.verma.2902@example.com
2903,Nisha,Sharma,Bengaluru,Karnataka,2022-10-18,nisha.sharma.2903@example.com
2904,Nisha,Mehta,Bengaluru,Karnataka,2024-07-07,nisha.mehta.2904@example.com
2905,Aarav,Joshi,Hyderabad,Telangana,2024-03-24,aarav.joshi.2905@example.com
2906,Priya,Joshi,Bengaluru,Karnataka,2024-02-19,priya.joshi.2906@example.com
2907,Meera,Patel,Jaipur,Rajasthan,2022-03-06,meera.patel.2907@example.com
2908,Tara,Sharma,Noida,Uttar Pradesh,2025-06-06,tara.sharma.2908@example.com
2909,Aarav,Joshi,Hyderabad,Telangana,2022-01-23,aarav.joshi.2909@example.com
2910,Tara,Reddy,New Delhi,Delhi,2023-08-22,tara.reddy.2910@example.com
2911,Aanya,Rao,Coimbatore,Tamil Nadu,2023-09-23,aanya.rao.2911@example.com
2912,Rahul,Joshi,New Delhi,Delhi,2025-02-18,rahul.joshi.2912@example.com
2913,Ishaan,Das,New Delhi,Delhi,2022-12-27,ishaan.das.2913@example.com
2914,Nisha,Rao,Hyderabad,Telangana,2023-08-30,nisha.rao.2914@example.com
2915,Tara,Singh,Jaipur,Rajasthan,2024-07-04,tara.singh.2915@example.com
2916,Kabir,Das,Noida,Uttar Pradesh,2022-03-18,kabir.das.2916@example.com
2917,Tara,Khan,Kolkata,West Bengal,2024-10-19,tara.khan.2917@example.com
2918,Meera,Joshi,Kolkata,West Bengal,2024-11-15,meera.joshi.2918@example.com
2919,Arjun,Iyer,New Delhi,Delhi,2024-07-07,arjun.iyer.2919@example.com
2920,Aanya,Kapoor,Coimbatore,Tamil Nadu,2024-04-07,aanya.kapoor.2920@example.com
2921,Kavya,Das,Pune,Maharashtra,2024-08-11,kavya.das.2921@example.com
2922,Vihaan,Sharma,Kolkata,West Bengal,2024-09-24,vihaan.sharma.2922@example.com
2923,Vihaan,Mehta,Hyderabad,Telangana,2025-02-26,vihaan.mehta.2923@example.com
2924,Aarav,Das,Jaipur,Rajasthan,2023-08-05,aarav.das.2924@example.com
2925,Aanya,Patel,Chennai,Tamil Nadu,2024-03-25,aanya.patel.2925@example.com
2926,Vihaan,Khan,Coimbatore,Tamil Nadu,2022-09-04,vihaan.khan.2926@example.com
2927,Neha,Singh,Bengaluru,Karnataka,2024-12-28,neha.singh.2927@example.com
2928,Aditya,Gupta,Noida,Uttar Pradesh,2024-09-10,aditya.gupta.2928@example.com
2929,Vihaan,Rao,Pune,Maharashtra,2024-03-16,vihaan.rao.2929@example.com
2930,Rahul,Mishra,Pune,Maharashtra,2023-01-20,rahul.mishra.2930@example.com
2931,Nisha,Mishra,Mumbai,Maharashtra,2023-03-20,nisha.mishra.2931@example.com
2932,Neha,Verma,Kolkata,West Bengal,2023-07-10,neha.verma.2932@example.com
2933,Rahul,Sharma,Lucknow,Uttar Pradesh,2024-04-25,rahul.sharma.2933@example.com
2934,Ira,Mishra,Bengaluru,Karnataka,2024-09-19,ira.mishra.2934@example.com
2935,Nisha,Mishra,Lucknow,Uttar Pradesh,2024-05-07,nisha.mishra.2935@example.com
2936,Nisha,Nair,Mysuru,Karnataka,2025-04-01,nisha.nair.2936@example.com
2937,Arjun,Nair,Kolkata,West Bengal,2025-05-10,arjun.nair.2937@example.com
2938,Kavya,Iyer,Nizamabad,Telangana,2024-06-18,kavya.iyer.2938@example.com
2939,Riya,Sharma,New Delhi,Delhi,2023-04-19,riya.sharma.2939@example.com
2940,Priya,Reddy,Kolkata,West Bengal,2024-02-04,priya.reddy.2940@example.com
2941,Ira,Reddy,New Delhi,Delhi,2023-06-27,ira.reddy.2941@example.com
2942,Ishaan,Mishra,Bengaluru,Karnataka,2024-03-13,ishaan.mishra.2942@example.com
2943,Riya,Sharma,Jaipur,Rajasthan,2024-11-02,riya.sharma.2943@example.com
2944,Riya,Rao,Noida,Uttar Pradesh,2023-04-17,riya.rao.2944@example.com
2945,Ira,Singh,New Delhi,Delhi,2023-10-08,ira.singh.2945@example.com
2946,Priya,Sharma,Kolkata,West Bengal,2024-07-28,priya.sharma.2946@example.com
2947,Ishaan,Mishra,Jaipur,Rajasthan,2023-09-18,ishaan.mishra.2947@example.com
2948,Priya,Sharma,Bengaluru,Karnataka,2023-08-10,priya.sharma.2948@example.com
2949,Vihaan,Joshi,Jaipur,Rajasthan,2023-11-11,vihaan.joshi.2949@example.com
2950,Neha,Das,Bengaluru,Karnataka,2022-10-02,neha.das.2950@example.com
2951,Ira,Das,Surat,Gujarat,2024-02-03,ira.das.2951@example.com
2952,Aanya,Reddy,Pune,Maharashtra,2024-08-08,aanya.reddy.2952@example.com
2953,Arjun,Mishra,Bengaluru,Karnataka,2023-03-23,arjun.mishra.2953@example.com
2954,Ira,Rao,New Delhi,Delhi,2022-06-17,ira.rao.2954@example.com
2955,Aarav,Verma,New Delhi,Delhi,2023-05-09,aarav.verma.2955@example.com
2956,Riya,Khan,Jaipur,Rajasthan,2022-09-11,riya.khan.2956@example.com
2957,Priya,Singh,Lucknow,Uttar Pradesh,2023-04-23,priya.singh.2957@example.com
2958,Diya,Mehta,Nizamabad,Telangana,2024-03-10,diya.mehta.2958@example.com
2959,Kavya,Mehta,Bengaluru,Karnataka,2022-05-25,kavya.mehta.2959@example.com
2960,Kavya,Rao,Chennai,Tamil Nadu,2024-08-11,kavya.rao.2960@example.com
2961,Aditya,Nair,New Delhi,Delhi,2022-10-14,aditya.nair.2961@example.com
2962,Vihaan,Gupta,New Delhi,Delhi,2025-02-15,vihaan.gupta.2962@example.com
2963,Rahul,Gupta,Jaipur,Rajasthan,2024-07-23,rahul.gupta.2963@example.com
2964,Aarav,Kapoor,Ahmedabad,Gujarat,2023-12-20,aarav.kapoor.2964@example.com
2965,Aanya,Iyer,Hyderabad,Telangana,2022-05-22,aanya.iyer.2965@example.com
2966,Ira,Joshi,New Delhi,Delhi,2022-05-08,ira.joshi.2966@example.com
2967,Ira,Mehta,Kolkata,West Bengal,2025-05-04,ira.mehta.2967@example.com
2968,Vihaan,Mehta,New Delhi,Delhi,2024-10-20,vihaan.mehta.2968@example.com
2969,Neha,Mehta,Nagpur,Maharashtra,2022-07-17,neha.mehta.2969@example.com
2970,Tara,Iyer,Coimbatore,Tamil Nadu,2022-12-27,tara.iyer.2970@example.com
2971,Aanya,Das,Chennai,Tamil Nadu,2022-09-10,aanya.das.2971@example.com
2972,Aarav,Iyer,Pune,Maharashtra,2023-05-20,aarav.iyer.2972@example.com
2973,Ishaan,Mehta,Ahmedabad,Gujarat,2023-01-07,ishaan.mehta.2973@example.com
2974,Priya,Kapoor,Bengaluru,Karnataka,2023-02-23,priya.kapoor.2974@example.com
2975,Priya,Rao,Kolkata,West Bengal,2023-11-07,priya.rao.2975@example.com
2976,Rohan,Singh,New Delhi,Delhi,2022-08-30,rohan.singh.2976@example.com
2977,Kavya,Sharma,Jaipur,Rajasthan,2025-01-31,kavya.sharma.2977@example.com
2978,Tara,Rao,Mumbai,Maharashtra,2024-07-17,tara.rao.2978@example.com
2979,Ira,Nair,Pune,Maharashtra,2022-08-05,ira.nair.2979@example.com
2980,Ishaan,Mishra,Mysuru,Karnataka,2024-06-22,ishaan.mishra.2980@example.com
2981,Ira,Gupta,Coimbatore,Tamil Nadu,2024-12-03,ira.gupta.2981@example.com
2982,Aarav,Reddy,Bengaluru,Karnataka,2022-08-12,aarav.reddy.2982@example.com
2983,Ira,Kapoor,Ahmedabad,Gujarat,2023-04-02,ira.kapoor.2983@example.com
2984,Aarav,Rao,Bengaluru,Karnataka,2024-10-01,aarav.rao.2984@example.com
2985,Aarav,Sharma,Hyderabad,Telangana,2023-09-03,aarav.sharma.2985@example.com
2986,Aanya,Patel,Chennai,Tamil Nadu,2024-10-20,aanya.patel.2986@example.com
2987,Ira,Iyer,Ahmedabad,Gujarat,2022-07-08,ira.iyer.2987@example.com
2988,Tara,Nair,Jaipur,Rajasthan,2023-05-12,tara.nair.2988@example.com
2989,Ira,Gupta,Surat,Gujarat,2022-12-15,ira.gupta.2989@example.com
2990,Tara,Singh,Kolkata,West Bengal,2022-11-13,tara.singh.2990@example.com
2991,Kavya,Das,Ahmedabad,Gujarat,2023-01-29,kavya.das.2991@example.com
2992,Kabir,Kapoor,Ahmedabad,Gujarat,2023-05-03,kabir.kapoor.2992@example.com
2993,Neha,Iyer,Mysuru,Karnataka,2022-06-12,neha.iyer.2993@example.com
2994,Diya,Verma,New Delhi,Delhi,2024-06-21,diya.verma.2994@example.com
2995,Aanya,Singh,Surat,Gujarat,2023-12-04,aanya.singh.2995@example.com
2996,Aditya,Reddy,Mysuru,Karnataka,2024-11-24,aditya.reddy.2996@example.com
2997,Rohan,Sharma,Kolkata,West Bengal,2024-06-18,rohan.sharma.2997@example.com
2998,Ira,Joshi,New Delhi,Delhi,2022-07-10,ira.joshi.2998@example.com
2999,Rahul,Sharma,New Delhi,Delhi,2022-03-31,rahul.sharma.2999@example.com
3000,Aanya,Joshi,Hyderabad,Telangana,2023-06-24,aanya.joshi.3000@example.com
