order_item_id,order_id,product_id,quantity,unit_price
1,1,284,2,7098.29
2,1,128,2,5888.22
3,2,39,1,7041.97
4,2,290,4,2755.76
5,3,226,1,5756.11
6,4,166,1,50026.9
7,4,285,2,358.11
8,4,173,1,29583.02
9,5,258,1,5460.16
10,6,36,2,2721.62
11,7,133,2,5077.02
12,8,155,1,4847.44
13,8,160,1,2902.98
14,8,114,1,5126.21
15,9,9,1,8745.96
16,10,84,2,22291.9
17,10,242,1,7574.41
18,11,290,2,2730.73
19,12,24,3,18835.07
20,13,279,3,909.98
21,14,293,1,1154.41
22,15,294,1,1266.14
23,15,77,1,1215.23
24,16,105,1,10734.46
25,17,59,2,6020.99
26,18,196,2,324.69
27,19,47,1,5657.11
28,19,93,1,4400.09
29,20,168,1,7285.63
30,20,134,1,2623.17
31,20,120,2,3447.44
32,21,80,2,81446.47
33,22,69,2,5209.69
34,23,176,1,60719.57
35,24,53,2,44509.18
36,24,87,1,39841.02
37,24,22,1,4037.32
38,25,88,2,57775.59
39,25,87,1,38918.23
40,25,127,3,36029.72
41,26,82,1,4585.15
42,27,7,2,451.18
43,28,109,3,11798.36
44,29,270,1,17052.0
45,30,174,1,6867.45
46,31,67,1,5144.49
47,32,283,2,1294.74
48,33,190,1,16135.01
49,34,203,3,5323.48
50,35,21,1,20668.82
51,36,80,2,76752.62
52,37,115,2,1501.48
53,37,207,2,16672.78
54,37,14,1,34001.86
55,38,69,2,5855.35
56,39,300,2,926.78
57,40,88,1,59370.42
58,40,261,2,1422.79
59,40,52,1,1492.97
60,41,256,1,1782.24
61,42,118,1,5466.12
62,43,62,2,14878.62
63,43,198,3,8597.15
64,44,171,1,3955.5
65,45,41,1,8339.66
66,45,261,1,1428.32
67,46,227,3,2325.8
68,46,114,1,5373.78
69,47,272,3,41364.9
70,47,11,2,991.56
71,48,292,1,1055.9
72,48,127,3,35048.56
73,48,242,2,7511.2
74,49,268,3,14161.61
75,50,252,1,8498.55
76,51,34,2,1835.94
77,52,121,1,61593.03
78,53,27,1,3281.73
79,53,73,1,470.88
80,54,180,1,15106.67
81,54,209,1,2174.31
82,55,69,3,6129.64
83,56,18,1,1499.45
84,56,117,1,1835.55
85,56,177,4,5427.97
86,57,120,1,3540.63
87,58,287,1,1170.45
88,58,210,1,15426.89
89,58,192,4,12710.46
90,58,9,3,8452.08
91,59,279,2,875.48
92,60,198,2,9238.84
93,60,295,1,5132.26
94,61,148,1,50263.25
95,61,204,1,80743.3
96,62,154,1,38527.0
97,62,259,2,26226.31
98,63,213,3,4923.52
99,63,118,2,5872.57
100,64,193,1,16500.68
101,64,33,1,1101.77
102,65,204,4,78309.55
103,65,139,1,3090.34
104,66,90,1,15993.88
105,66,256,1,1821.68
106,66,256,1,1725.0
107,67,17,1,289.95
108,68,185,1,2733.53
109,68,14,1,32230.05
110,69,139,1,3310.03
111,69,286,1,1649.14
112,70,151,2,2870.0
113,71,42,1,4853.12
114,72,74,1,17782.9
115,73,10,2,70326.25
116,74,237,2,4511.26
117,74,269,1,7260.61
118,75,84,1,23068.56
119,75,83,3,6272.02
120,76,174,1,7596.29
121,77,238,1,1682.48
122,78,281,1,6321.69
123,79,291,1,7337.24
124,79,166,1,55047.41
125,79,194,3,6835.05
126,80,12,1,30873.08
127,80,21,1,24281.51
128,81,291,2,7849.94
129,82,73,1,441.87
130,83,170,3,45321.38
131,83,86,1,3711.5
132,83,55,1,590.85
133,84,244,4,68212.29
134,84,150,2,1494.92
135,85,34,1,2107.3
136,86,111,2,6145.07
137,86,129,1,47236.4
138,87,126,1,963.43
139,88,231,1,14909.2
140,88,146,3,1052.37
141,88,184,1,4978.04
142,89,249,1,42055.42
143,89,279,1,913.49
144,89,73,3,450.0
145,90,190,1,17033.73
146,91,199,1,1682.0
147,91,204,4,81142.77
148,92,216,3,74178.45
149,92,33,1,1253.38
150,92,295,2,5179.8
151,93,221,1,1215.32
152,94,95,1,2402.06
153,94,121,1,65603.08
154,94,61,3,4032.51
155,95,184,2,5089.2
156,96,281,4,6546.63
157,97,124,2,5363.66
158,97,286,2,1840.75
159,97,220,2,670.43
160,97,234,1,15097.47
161,98,19,2,9868.26
162,98,117,1,1906.63
163,99,147,1,16573.83
164,100,292,1,952.52
165,100,241,2,672.8
166,101,176,3,63355.19
167,101,256,1,1822.47
168,102,66,3,1417.19
169,102,47,2,5622.19
170,103,248,1,671.45
171,104,238,2,1626.26
172,104,145,1,542.45
173,105,96,1,52228.38
174,105,18,1,1584.81
175,105,43,1,1149.62
176,106,234,1,13466.78
177,106,185,1,2630.55
178,106,245,2,1175.8
179,107,16,1,5502.14
180,108,257,2,3779.7
181,108,166,1,59129.76
182,108,49,1,13144.72
183,108,288,3,1277.36
184,109,101,2,434.32
185,110,108,2,34309.07
186,110,238,1,1657.0
187,111,141,3,4250.79
188,112,229,1,49370.79
189,112,173,1,27932.69
190,112,266,2,3815.18
191,113,78,1,3699.48
192,113,165,1,7457.99
193,113,59,3,5950.67
194,114,94,1,1466.04
195,114,298,2,226.02
196,114,124,1,5476.58
197,115,211,1,3820.49
198,116,89,1,1524.38
199,116,12,1,31520.91
200,117,193,1,16845.76
201,118,66,2,1473.89
202,119,149,1,4220.5
203,119,230,1,4806.36
204,119,171,1,3996.41
205,120,17,1,271.8
206,120,202,1,24284.21
207,121,122,1,19514.23
208,121,72,2,5128.83
209,122,206,2,7455.02
210,123,269,1,6664.73
211,123,69,1,6183.26
212,124,15,1,70943.69
213,125,253,2,19955.44
214,126,74,1,19348.37
215,126,92,1,62874.59
216,126,38,2,1627.78
217,127,23,1,755.52
218,127,124,1,5676.73
219,128,181,1,15184.41
220,129,284,1,6069.76
221,130,142,1,12773.18
222,131,249,1,45538.35
223,132,278,1,1801.19
224,132,149,1,4574.18
225,132,167,1,25349.76
226,133,121,2,63210.17
227,134,230,1,4451.11
228,135,12,2,30132.06
229,136,283,3,1266.67
230,136,148,1,49152.03
231,137,38,2,1496.44
232,138,77,2,1333.91
233,139,165,2,7621.98
234,139,1,1,491.17
235,139,234,1,13283.16
236,140,254,1,13559.71
237,140,175,1,6578.1
238,141,217,1,3431.55
239,142,27,3,3219.82
240,142,282,2,890.75
241,142,123,1,4151.53
242,143,141,1,4012.83
243,143,82,1,4562.9
244,144,150,1,1640.17
245,144,8,1,3039.78
246,144,169,2,6559.92
247,145,84,3,23341.67
248,146,265,1,9410.38
249,147,57,1,43867.94
250,148,62,1,14998.13
251,149,193,3,18507.64
252,150,21,1,23336.6
253,151,197,1,1149.31
254,152,200,1,981.24
255,153,158,1,62887.22
256,154,153,1,5240.86
257,155,233,1,6086.12
258,155,178,1,13409.71
259,156,241,2,717.75
260,156,267,1,3226.35
261,156,85,1,2752.08
262,157,272,1,40752.55
263,157,171,1,4211.48
264,157,114,1,4669.38
265,157,249,1,47884.15
266,158,207,2,15159.5
267,159,214,4,31120.98
268,160,148,3,47592.56
269,161,16,1,5367.87
270,161,167,2,21929.44
271,162,232,2,5287.69
272,163,244,2,69947.19
273,163,23,1,752.09
274,163,84,1,20774.18
275,164,217,1,3781.57
276,164,28,1,424.68
277,164,264,2,1824.04
278,165,205,2,9260.66
279,166,236,1,2093.6
280,167,92,1,60838.99
281,167,183,1,8176.76
282,168,90,1,15616.09
283,168,37,1,48205.74
284,169,38,1,1686.8
285,169,51,1,710.34
286,170,286,2,1744.68
287,171,28,1,408.86
288,172,251,1,1053.43
289,172,159,2,40976.4
290,173,220,1,645.98
291,174,200,1,969.58
292,174,163,2,1827.53
293,175,277,1,7892.19
294,176,9,1,7892.07
295,177,155,3,5522.73
296,178,292,2,1012.77
297,178,183,1,6907.86
298,179,59,1,6959.57
299,180,74,1,18283.46
300,181,215,1,5887.92
301,182,188,1,76522.11
302,182,165,1,7637.15
303,182,13,1,947.43
304,183,85,3,2888.78
305,184,134,1,2822.89
306,184,137,3,1545.57
307,184,179,1,1422.06
308,185,173,1,26762.29
309,185,140,2,9651.12
310,185,211,1,4207.46
311,186,199,2,1773.64
312,187,224,1,4128.6
313,187,94,1,1632.13
314,187,11,2,955.29
315,188,300,1,1065.1
316,189,262,2,5580.7
317,189,76,1,2774.34
318,190,216,2,64890.24
319,191,96,1,54974.98
320,191,235,1,35514.44
321,192,50,1,42435.67
322,192,105,2,10288.51
323,193,164,2,12891.29
324,194,209,1,2151.83
325,195,87,1,39802.94
326,196,184,1,4666.4
327,197,124,2,5263.1
328,197,102,1,2826.83
329,198,249,4,46050.9
330,198,51,1,673.57
331,199,219,1,1410.87
332,200,175,1,6431.03
333,201,203,3,5925.56
334,201,231,1,14127.71
335,201,243,1,11058.49
336,201,104,2,11469.97
337,202,122,1,19070.45
338,203,261,1,1544.05
339,203,158,1,59534.25
340,204,261,2,1516.96
341,205,296,2,2412.08
342,205,229,2,44539.11
343,206,248,1,711.87
344,206,39,1,7181.47
345,207,225,3,4847.45
346,208,154,1,41483.87
347,208,160,1,2834.73
348,209,295,1,5280.91
349,210,78,2,3718.33
350,211,78,2,3978.49
351,211,58,1,5998.13
352,212,11,1,1128.27
353,212,51,1,767.15
354,213,156,3,5578.66
355,213,110,2,7389.61
356,214,80,3,81992.87
357,214,299,1,1001.95
358,215,223,1,5497.05
359,216,58,1,6349.53
360,217,283,1,1287.64
361,218,192,1,12460.09
362,219,130,2,35107.96
363,220,110,1,7444.3
364,220,240,1,8653.65
365,220,130,2,37326.01
366,221,215,1,5481.21
367,222,143,3,1787.5
368,223,202,1,23931.08
369,223,227,1,2208.93
370,224,10,1,71159.44
371,224,38,1,1545.62
372,225,218,3,2454.11
373,225,88,2,60638.54
374,226,234,1,14014.84
375,226,114,1,5353.36
376,227,23,1,733.35
377,228,132,2,17404.93
378,229,273,1,1296.2
379,229,296,1,2484.81
380,229,139,2,3247.87
381,230,197,1,987.26
382,230,232,1,5432.14
383,230,124,1,5300.9
384,231,210,2,16624.6
385,231,263,1,1211.17
386,231,240,3,9164.29
387,232,168,1,6770.67
388,232,7,1,451.42
389,232,213,1,5575.85
390,233,193,2,19528.43
391,234,143,1,1813.57
392,235,96,1,50340.01
393,235,140,1,10582.89
394,236,113,1,1608.2
395,236,43,1,1185.11
396,237,41,1,8695.71
397,238,99,1,17613.82
398,238,172,2,19413.21
399,239,6,1,39356.69
400,239,217,2,3497.72
401,239,9,1,9053.77
402,239,74,1,17398.49
403,240,275,3,1075.73
404,241,47,1,5428.79
405,242,73,3,464.36
406,243,286,3,1648.06
407,244,22,1,4105.54
408,244,73,1,428.34
409,245,167,1,22225.38
410,245,99,1,18178.23
411,246,177,1,5105.31
412,247,265,2,9058.13
413,247,138,4,72337.87
414,247,126,1,970.99
415,248,93,1,4189.26
416,249,100,4,8286.45
417,249,174,1,7386.21
418,250,21,1,21542.8
419,250,44,1,16649.17
420,251,237,2,4655.38
421,251,133,1,5474.81
422,251,221,1,1300.92
423,252,257,1,3936.62
424,253,82,1,4745.83
425,253,114,1,4765.43
426,254,183,1,7444.25
427,254,209,1,2030.78
428,255,18,1,1573.35
429,255,170,1,40457.75
430,255,70,1,2355.88
431,256,137,1,1717.64
432,256,244,1,70274.71
433,257,47,1,5656.08
434,257,285,1,337.23
435,257,103,2,1829.08
436,258,232,3,5592.04
437,259,55,1,637.23
438,260,217,2,3799.61
439,261,253,1,20066.65
440,262,201,1,6264.89
441,262,280,3,26817.47
442,262,23,3,750.29
443,263,275,1,1201.59
444,264,167,2,22399.73
445,265,75,1,36827.55
446,265,203,1,5685.64
447,266,147,1,16818.11
448,267,229,1,52118.21
449,268,220,1,635.96
450,268,214,2,30461.74
451,269,253,1,22331.04
452,269,99,1,17273.16
453,269,70,1,2290.1
454,270,174,1,7882.67
455,271,70,1,2412.89
456,271,243,1,10984.84
457,272,274,1,75363.58
458,272,149,3,4938.3
459,273,238,1,1537.72
460,274,124,2,4997.15
461,274,264,1,1748.95
462,275,28,1,421.79
463,276,296,1,2663.04
464,276,165,2,7907.86
465,276,288,1,1083.16
466,277,213,1,5066.44
467,277,219,1,1381.83
468,278,107,2,5221.34
469,279,200,2,970.69
470,280,226,2,6426.34
471,281,221,1,1373.85
472,281,299,1,1061.99
473,281,17,1,283.27
474,281,63,1,2037.37
475,282,130,1,38012.53
476,282,187,1,1006.11
477,282,177,2,5179.3
478,283,101,1,409.5
479,283,41,1,7756.37
480,283,73,1,477.51
481,284,234,1,14578.01
482,285,168,1,7052.48
483,285,5,1,75605.34
484,285,116,1,44002.31
485,286,120,1,3426.38
486,286,186,1,2741.33
487,287,244,1,66182.38
488,288,199,1,1681.86
489,289,298,1,236.31
490,290,124,2,5329.48
491,291,247,1,5224.63
492,292,5,4,76783.28
493,293,92,1,57807.04
494,293,274,1,66417.4
495,294,17,2,293.21
496,295,289,1,4126.28
497,296,155,1,5075.29
498,296,83,1,5671.82
499,297,8,1,2970.18
500,297,259,3,30272.07
501,298,53,2,44530.37
502,299,274,3,71327.62
503,299,298,1,244.98
504,299,67,1,5242.05
505,300,210,1,14519.31
506,301,146,2,1126.96
507,302,173,1,26701.71
508,303,25,1,2437.71
509,304,133,1,4772.4
510,305,134,3,3036.6
511,305,168,2,7479.59
512,305,92,2,61555.46
513,306,131,2,3518.62
514,306,49,2,13950.14
515,306,99,1,17096.39
516,307,167,1,25096.18
517,308,187,1,1104.21
518,309,39,1,7068.16
519,310,184,1,4671.79
520,310,106,1,40050.67
521,311,73,1,456.92
522,311,259,2,29393.15
523,311,234,1,14280.16
524,312,204,1,69388.53
525,313,127,3,36614.78
526,313,242,2,7805.56
527,313,125,2,1190.24
528,314,70,1,2285.19
529,315,144,2,4637.66
530,315,169,1,6815.46
531,316,187,1,1109.24
532,317,88,1,59001.34
533,317,165,1,7358.18
534,318,136,3,529.44
535,318,72,2,5703.37
536,319,183,1,8046.79
537,319,93,2,4529.76
538,320,115,1,1607.11
539,320,290,1,2476.13
540,321,159,1,44695.41
541,322,165,1,7894.21
542,323,177,1,5673.92
543,323,41,3,7770.49
544,324,39,2,7391.02
545,324,129,3,44139.91
546,325,7,1,412.44
547,325,89,1,1704.03
548,325,27,1,3671.22
549,326,190,1,17236.3
550,326,265,2,9047.63
551,327,10,1,65411.87
552,328,296,1,2574.3
553,328,145,2,498.52
554,329,44,2,18564.11
555,329,95,2,2211.11
556,330,106,2,35189.43
557,331,105,1,9878.24
558,332,100,1,7378.89
559,333,289,3,4622.83
560,334,179,2,1358.14
561,334,54,1,14027.42
562,334,93,1,4423.54
563,335,105,1,10622.5
564,335,287,1,1071.34
565,336,262,1,5626.61
566,336,55,2,635.01
567,336,212,1,9329.08
568,337,145,1,586.95
569,337,67,1,5218.25
570,337,67,1,5539.02
571,338,197,1,980.29
572,338,121,1,70944.26
573,338,5,3,73729.97
574,339,61,1,4237.23
575,339,1,2,425.4
576,340,27,1,3306.53
577,341,54,4,15293.0
578,342,271,2,17452.63
579,342,102,3,2754.98
580,343,175,3,6851.2
581,344,275,1,1166.84
582,345,202,1,24322.82
583,345,286,1,1792.79
584,345,122,1,19791.54
585,346,10,1,61944.73
586,346,48,1,931.26
587,347,282,1,899.22
588,348,291,1,7888.46
589,348,183,2,6862.3
590,349,102,2,2614.82
591,349,47,2,5427.05
592,350,222,1,9251.26
593,350,112,3,5798.73
594,350,272,1,38810.0
595,351,208,1,7798.02
596,351,169,1,7190.53
597,352,252,1,8365.28
598,353,124,1,5329.04
599,353,191,4,44885.74
600,354,77,2,1329.98
601,354,297,1,4065.65
602,355,16,1,5685.27
603,356,72,1,5495.56
604,356,22,1,4156.19
605,357,285,3,367.41
606,357,202,1,26902.79
607,358,78,1,3738.76
608,358,277,1,8090.42
609,358,220,2,584.62
610,359,228,1,48108.06
611,359,160,2,2739.43
612,359,93,1,4857.61
613,360,280,1,29867.82
614,361,35,1,42480.01
615,362,71,2,5074.2
616,363,61,1,4348.67
617,364,229,1,47804.98
618,365,258,1,5680.97
619,365,253,1,19482.28
620,366,76,1,2694.53
621,367,162,1,38390.54
622,367,163,1,2007.55
623,368,290,1,2522.55
624,369,299,1,1079.27
625,370,96,1,50983.68
626,371,300,1,1038.06
627,372,268,1,15809.95
628,373,65,1,1183.2
629,373,221,1,1366.48
630,373,288,1,1169.67
631,374,77,1,1199.43
632,375,93,1,4635.09
633,375,265,1,8412.34
634,375,250,1,4269.93
635,376,245,2,1104.12
636,377,71,1,5175.97
637,378,78,1,3892.62
638,378,12,2,32254.83
639,378,218,3,2135.58
640,379,242,1,8145.93
641,380,245,1,1206.24
642,381,137,2,1695.69
643,382,26,1,2397.87
644,382,296,2,2611.72
645,382,260,1,21869.23
646,383,107,1,5737.6
647,384,219,1,1518.15
648,385,110,1,6558.25
649,385,257,1,4280.19
650,385,170,1,42618.83
651,386,300,2,930.65
652,386,239,1,7805.09
653,387,195,2,2888.58
654,387,7,2,408.33
655,388,132,1,15614.92
656,389,191,2,45652.17
657,389,151,1,2684.05
658,390,73,1,419.85
659,390,180,1,17775.43
660,391,68,1,46067.65
661,392,287,1,1229.11
662,392,27,1,3535.41
663,393,81,1,4149.55
664,393,3,1,6623.14
665,393,64,1,1544.4
666,394,92,1,63907.59
667,395,284,1,6059.29
668,396,195,1,2551.53
669,397,45,1,563.91
670,397,129,1,47645.53
671,398,46,2,1652.82
672,398,35,3,45196.77
673,399,177,1,5041.63
674,400,148,3,47029.88
675,401,53,1,49118.1
676,402,247,1,4737.87
677,403,293,1,1090.79
678,403,251,1,1024.72
679,404,265,1,9249.65
680,405,175,1,6865.52
681,406,70,2,2633.02
682,407,166,1,57928.97
683,408,57,1,45313.5
684,408,110,2,7477.2
685,409,120,1,3482.2
686,409,147,1,17720.99
687,410,245,3,1239.08
688,410,232,4,5513.45
689,411,204,1,68457.42
690,412,130,1,39083.8
691,412,11,2,1118.41
692,413,253,1,19135.15
693,414,59,1,6519.44
694,415,185,1,2542.19
695,415,44,2,17651.87
696,416,123,1,4069.62
697,417,50,1,37470.02
698,418,277,1,9365.92
699,419,122,1,17711.15
700,419,267,1,3056.52
701,420,133,1,5030.12
702,421,120,2,3172.55
703,421,114,1,4682.31
704,421,223,1,5049.92
705,422,232,1,5896.4
706,423,279,2,813.65
707,424,17,1,287.35
708,424,177,1,5097.55
709,425,74,1,20299.21
710,425,282,1,1005.76
711,426,78,2,3902.48
712,426,24,1,19549.57
713,427,109,1,11779.14
714,428,282,1,930.93
715,428,179,3,1242.04
716,429,205,1,9093.82
717,429,180,1,15150.28
718,430,48,1,893.5
719,430,273,2,1412.98
720,430,37,3,46909.84
721,430,93,3,4175.17
722,431,220,1,674.42
723,431,279,1,889.07
724,432,75,1,37743.89
725,433,289,1,4101.18
726,433,11,2,1063.35
727,434,152,3,6914.77
728,435,61,1,4078.41
729,435,264,1,1657.93
730,436,32,1,2634.39
731,436,174,2,7762.47
732,437,52,3,1532.71
733,438,32,2,2812.37
734,439,159,1,44314.47
735,440,84,1,20924.34
736,441,160,1,3002.92
737,442,89,2,1670.36
738,442,135,2,3034.08
739,443,64,1,1732.95
740,444,225,1,4788.86
741,445,272,1,37361.35
742,445,5,1,72075.84
743,445,127,1,36699.81
744,446,267,1,3146.97
745,447,283,1,1289.86
746,447,297,1,3942.47
747,447,23,2,669.65
748,448,284,1,6731.6
749,449,24,2,19487.88
750,449,80,3,79794.91
751,449,141,1,4169.81
752,450,264,1,1570.75
753,450,131,1,3638.15
754,451,223,2,5274.6
755,452,171,1,4218.05
756,453,146,1,990.0
757,454,34,2,1874.84
758,455,297,1,4579.68
759,456,28,1,387.55
760,456,69,1,6020.77
761,457,257,3,4094.92
762,457,176,1,65072.74
763,458,96,1,50772.6
764,459,65,2,1109.54
765,459,45,2,543.85
766,460,77,1,1334.67
767,461,241,1,682.32
768,462,250,3,3732.68
769,463,203,1,6127.11
770,464,191,3,44582.39
771,465,87,4,38486.43
772,466,215,1,5378.54
773,467,284,2,6565.36
774,467,108,3,36434.58
775,467,167,1,24700.69
776,468,277,1,8277.82
777,468,45,1,560.26
778,469,137,2,1690.36
779,469,214,2,30866.48
780,469,99,1,16795.36
781,470,26,1,2453.41
782,471,56,1,9655.42
783,471,265,1,9948.07
784,471,80,1,70284.82
785,472,262,1,5261.12
786,473,237,1,5032.97
787,474,188,2,71646.29
788,475,100,3,7511.54
789,476,126,2,995.35
790,477,97,1,5124.26
791,477,114,1,4555.93
792,478,117,1,1759.27
793,478,119,1,5562.85
794,479,99,1,15982.85
795,480,118,2,5976.28
796,480,157,1,4463.38
797,481,159,1,40842.16
798,482,294,1,1127.23
799,483,51,1,711.56
800,484,285,1,373.58
801,485,255,1,52111.59
802,486,281,2,6322.84
803,487,241,1,697.39
804,488,181,1,13979.75
805,488,128,3,5826.97
806,488,296,2,2323.1
807,489,249,2,42230.58
808,489,110,4,6982.21
809,489,86,1,3802.89
810,490,60,3,33925.21
811,490,207,1,14626.87
812,490,272,1,44486.13
813,490,265,1,9878.78
814,491,246,3,381.16
815,492,255,1,47680.46
816,493,117,1,1954.45
817,493,241,1,722.53
818,494,73,1,479.36
819,494,169,4,6919.27
820,495,111,2,6414.6
821,496,76,1,2654.58
822,496,130,1,38525.71
823,497,228,3,41392.82
824,497,251,1,1017.25
825,497,179,1,1393.0
826,497,117,1,1962.05
827,498,191,1,47513.64
828,499,145,3,535.82
829,499,104,2,10745.97
830,499,56,1,9914.05
831,500,137,2,1586.66
832,501,220,2,576.18
833,502,173,1,28093.6
834,503,189,1,20120.83
835,503,227,1,2377.16
836,504,45,2,638.55
837,505,250,3,3831.73
838,505,85,3,2907.26
839,506,83,1,5665.27
840,507,94,1,1637.57
841,508,234,1,14824.02
842,508,185,3,2638.04
843,509,17,2,288.18
844,510,7,2,413.3
845,510,205,1,8096.87
846,511,176,1,59675.76
847,511,103,2,2012.15
848,511,78,1,3894.13
849,511,224,1,3938.89
850,512,273,1,1374.33
851,512,262,1,5541.36
852,512,247,3,4714.17
853,513,10,2,71586.79
854,513,168,3,6558.74
855,513,85,1,2606.05
856,513,90,1,16780.41
857,514,264,1,1612.23
858,515,80,1,79934.45
859,516,202,1,25396.23
860,516,18,1,1509.81
861,517,219,1,1452.08
862,517,115,1,1570.63
863,517,34,3,1958.24
864,518,45,1,643.97
865,519,110,1,7359.42
866,519,189,2,18916.1
867,519,249,2,47079.18
868,519,259,1,25650.37
869,520,246,1,391.38
870,521,24,1,17661.01
871,521,239,2,7007.02
872,522,269,1,6775.98
873,522,184,1,4689.98
874,523,122,3,18704.39
875,524,251,2,1058.4
876,525,9,1,8990.98
877,526,3,2,6811.09
878,526,26,1,2428.0
879,527,211,3,4285.54
880,527,1,1,418.31
881,528,29,1,37107.87
882,529,178,1,12916.49
883,529,176,4,63036.94
884,530,81,1,4060.25
885,530,253,1,21748.48
886,531,141,3,4122.73
887,532,186,1,2983.13
888,533,219,1,1417.23
889,534,208,1,6662.64
890,535,126,1,944.83
891,535,170,1,38963.75
892,535,60,1,35336.44
893,536,200,2,942.43
894,536,252,4,7237.87
895,536,203,1,5821.83
896,537,62,1,14607.03
897,537,292,3,1059.03
898,538,218,1,2480.53
899,539,285,3,382.66
900,539,207,1,15045.75
901,540,199,1,1735.64
902,541,241,2,741.12
903,542,256,1,1692.83
904,542,134,1,2751.84
905,542,193,1,16769.83
906,542,279,1,809.34
907,543,234,1,15566.98
908,543,37,1,45175.84
909,543,273,1,1365.33
910,544,161,2,5735.98
911,544,53,3,44491.78
912,544,213,3,5164.54
913,545,292,1,1058.48
914,546,260,2,21398.74
915,547,49,3,11941.24
916,547,195,1,2790.76
917,548,50,2,41095.01
918,549,199,1,1707.38
919,549,143,2,1650.16
920,550,289,1,4813.57
921,551,7,1,411.69
922,551,124,3,5612.71
923,551,234,1,13347.94
924,552,161,3,5560.75
925,553,146,2,1057.65
926,554,203,1,5294.56
927,554,89,2,1775.43
928,554,81,3,3867.24
929,555,107,1,5531.9
930,555,117,2,1906.33
931,556,75,3,40181.6
932,557,207,1,15785.1
933,557,106,3,41318.15
934,557,119,1,5329.08
935,557,55,2,642.56
936,558,273,1,1292.08
937,558,42,1,4555.45
938,559,171,1,4258.6
939,559,282,4,950.59
940,560,209,2,2193.82
941,561,294,2,1246.09
942,561,49,3,13528.15
943,561,147,2,17393.12
944,562,292,1,1021.85
945,562,21,4,20915.96
946,563,299,1,1046.68
947,563,31,3,5088.46
948,564,201,2,5847.27
949,564,244,1,75769.11
950,564,63,2,1796.84
951,565,251,1,1114.61
952,566,163,1,1899.98
953,566,190,1,16869.21
954,567,30,4,4644.09
955,567,20,1,706.76
956,567,17,2,289.89
957,568,103,2,1945.71
958,569,91,2,5134.11
959,569,189,1,18364.8
960,570,67,1,5104.05
961,570,134,2,2914.58
962,570,288,1,1113.71
963,571,291,2,7190.36
964,571,225,1,5290.57
965,572,172,2,19605.59
966,573,215,2,5929.59
967,574,218,2,2174.04
968,575,229,1,45911.86
969,576,114,2,4576.23
970,576,108,1,40237.78
971,577,171,1,4440.62
972,577,299,1,1114.65
973,578,208,1,7861.28
974,578,175,1,6012.67
975,579,291,1,8413.15
976,580,63,2,2024.96
977,580,233,2,6147.98
978,581,203,1,5629.74
979,581,79,4,2617.54
980,581,166,1,52462.67
981,582,160,1,2804.96
982,582,183,2,7908.63
983,582,285,2,358.23
984,583,81,1,3746.61
985,583,123,2,4237.05
986,584,176,2,65909.05
987,585,27,1,3179.22
988,585,23,2,677.03
989,585,125,1,1150.04
990,586,245,1,1181.56
991,586,110,1,6693.45
992,586,182,1,45231.74
993,587,229,1,44373.13
994,587,199,1,1679.42
995,587,178,2,12517.13
996,588,173,1,26634.35
997,588,159,1,39841.91
998,589,297,2,4209.01
999,590,120,4,3424.48
1000,591,25,1,2217.63
1001,592,264,1,1589.47
1002,593,141,2,4235.19
1003,594,295,2,4967.06
1004,594,202,1,24872.71
1005,594,175,2,6634.79
1006,595,181,2,15616.11
1007,596,108,2,38058.02
1008,597,217,1,3433.01
1009,597,93,2,4503.12
1010,598,295,1,5481.07
1011,599,179,2,1392.48
1012,600,146,1,1114.77
1013,600,78,1,4338.92
1014,601,240,2,9152.26
1015,602,139,3,3265.92
1016,603,150,2,1605.17
1017,603,47,1,5291.08
1018,604,223,2,5463.99
1019,605,21,1,22764.98
1020,606,150,1,1675.46
1021,606,235,1,36084.02
1022,607,136,3,531.27
1023,607,47,1,5333.69
1024,607,290,1,2611.47
1025,607,11,3,1071.69
1026,608,206,1,7737.84
1027,609,1,1,475.22
1028,610,205,1,8631.64
1029,610,291,1,8040.39
1030,611,156,2,6228.15
1031,611,3,1,7011.13
1032,612,21,1,21113.68
1033,612,70,3,2534.58
1034,613,108,1,38947.11
1035,613,266,2,3584.11
1036,614,15,4,63383.66
1037,614,154,1,37677.37
1038,614,223,1,5734.9
1039,615,200,2,1059.2
1040,616,240,1,8313.98
1041,616,206,1,7334.35
1042,616,10,2,63868.11
1043,617,267,2,3058.07
1044,618,150,1,1515.64
1045,618,148,1,46893.83
1046,618,271,2,15921.19
1047,619,231,1,14947.35
1048,619,32,1,2868.53
1049,620,91,1,4365.77
1050,620,108,1,36663.53
1051,621,286,1,1849.47
1052,622,36,2,2569.22
1053,622,143,3,1816.05
1054,623,150,2,1462.15
1055,624,55,1,660.23
1056,625,160,2,2888.67
1057,625,70,1,2534.17
1058,626,118,1,5821.87
1059,627,237,1,4452.12
1060,628,252,1,8400.7
1061,629,11,1,1109.11
1062,629,123,3,4090.89
1063,629,6,1,36435.04
1064,630,33,2,1105.65
1065,631,8,1,2713.11
1066,631,240,1,8966.2
1067,632,159,2,41285.17
1068,632,64,2,1698.29
1069,632,142,1,13639.98
1070,632,218,1,2329.22
1071,633,85,1,2759.62
1072,634,131,1,3261.49
1073,635,43,2,1165.97
1074,635,66,1,1457.88
1075,635,66,1,1493.4
1076,636,30,1,4975.07
1077,636,244,1,70023.23
1078,637,249,1,40941.83
1079,638,159,1,43370.93
1080,639,66,2,1459.94
1081,639,14,1,32666.38
1082,640,297,1,3975.15
1083,640,133,1,5533.25
1084,641,157,1,4889.88
1085,642,151,3,2774.86
1086,642,219,1,1442.76
1087,642,131,4,3429.74
1088,643,170,2,42405.17
1089,644,230,3,4725.72
1090,645,300,3,992.58
1091,646,211,2,4079.67
1092,646,72,1,5722.43
1093,647,58,2,6349.9
1094,647,118,1,6065.3
1095,647,246,2,382.82
1096,648,265,1,9373.26
1097,649,138,1,65054.77
1098,649,58,3,6720.64
1099,650,197,2,1091.67
1100,651,189,2,19793.45
1101,652,41,3,8221.52
1102,653,270,3,15721.79
1103,653,285,2,337.37
1104,654,298,1,229.56
1105,654,160,1,3037.77
1106,654,241,2,737.5
1107,654,10,1,69687.73
1108,655,22,1,3717.43
1109,656,3,2,7758.79
1110,657,171,2,3847.47
1111,658,133,1,4724.63
1112,658,207,1,16253.81
1113,659,66,1,1415.46
1114,660,92,2,55798.56
1115,660,103,1,1851.02
1116,660,204,1,68198.52
1117,660,99,1,17626.53
1118,661,274,2,70324.13
1119,661,74,1,17857.66
1120,662,194,4,6894.4
1121,662,74,1,19588.65
1122,663,149,1,4711.15
1123,664,179,1,1411.25
1124,665,228,1,43447.18
1125,665,282,1,940.51
1126,665,90,1,17831.43
1127,666,234,1,13668.51
1128,666,201,1,6368.48
1129,667,230,4,4323.6
1130,667,153,1,4573.08
1131,668,70,2,2398.14
1132,668,184,2,4679.23
1133,669,118,1,5962.17
1134,669,148,1,49127.88
1135,669,52,2,1566.14
1136,670,125,1,1162.25
1137,671,185,1,2788.18
1138,671,16,1,5520.98
1139,671,106,1,38120.32
1140,672,187,1,1062.75
1141,673,142,1,13744.3
1142,673,294,1,1083.76
1143,674,278,3,1672.08
1144,674,107,3,5376.59
1145,675,294,2,1137.41
1146,676,188,1,72307.77
1147,677,99,1,17244.25
1148,678,218,4,2137.09
1149,679,34,2,1957.37
1150,680,182,1,48737.4
1151,681,276,1,51139.69
1152,682,271,1,16293.35
1153,683,33,1,1076.18
1154,684,280,1,28015.91
1155,684,116,3,41588.07
1156,685,262,1,5144.85
1157,686,161,3,5667.56
1158,686,127,1,39259.73
1159,687,138,1,72092.75
1160,687,43,1,1124.77
1161,687,212,2,8835.05
1162,688,121,1,71047.58
1163,688,91,1,4994.43
1164,688,157,2,4757.78
1165,689,96,1,54534.81
1166,689,13,1,876.81
1167,690,233,1,5912.84
1168,691,252,1,8512.19
1169,691,259,1,29745.58
1170,692,266,1,3488.65
1171,693,18,1,1396.84
1172,694,190,2,16051.3
1173,695,60,1,35716.18
1174,695,175,4,6285.44
1175,695,290,1,2754.64
1176,696,117,1,1883.05
1177,697,151,2,2659.58
1178,698,294,1,1229.22
1179,699,191,2,52064.58
1180,700,131,2,3547.89
1181,701,290,1,2794.11
1182,702,62,1,13861.83
1183,702,135,1,2721.92
1184,703,289,2,4134.44
1185,703,211,2,3870.54
1186,703,251,1,1113.98
1187,704,79,1,2501.51
1188,704,99,1,16518.07
1189,705,137,1,1791.99
1190,705,168,2,7417.84
1191,705,177,2,4827.1
1192,706,176,1,63586.64
1193,706,63,2,1899.48
1194,707,264,1,1648.07
1195,708,247,1,4995.48
1196,708,165,2,7453.51
1197,708,39,1,7758.08
1198,709,126,1,991.22
1199,710,106,1,40606.91
1200,710,178,1,12240.26
1201,711,113,1,1694.72
1202,712,292,1,1056.92
1203,713,186,1,2779.41
1204,714,16,1,5218.31
1205,715,78,1,4282.84
1206,715,195,1,2462.04
1207,716,50,4,41845.59
1208,716,25,1,2203.95
1209,716,155,1,5068.7
1210,717,79,1,2810.78
1211,717,7,2,432.63
1212,717,209,2,2311.55
1213,718,218,2,2330.54
1214,718,214,1,32781.07
1215,718,29,1,34769.11
1216,719,251,1,1044.88
1217,719,27,1,3300.07
1218,719,163,1,1900.47
1219,720,287,1,1144.3
1220,720,241,1,657.71
1221,720,283,1,1242.34
1222,721,151,2,2479.03
1223,721,128,2,5320.82
1224,722,61,1,4419.89
1225,722,298,2,245.79
1226,723,134,1,2982.96
1227,724,183,1,7230.88
1228,724,52,1,1744.67
1229,724,93,1,4153.4
1230,724,164,3,12593.94
1231,725,250,1,3852.17
1232,725,155,1,5151.55
1233,726,59,2,6868.41
1234,727,79,1,2753.46
1235,728,178,3,13127.02
1236,728,146,2,1035.78
1237,728,66,3,1365.88
1238,729,182,2,43666.33
1239,729,201,2,5914.85
1240,730,131,1,3197.71
1241,731,270,1,16801.08
1242,732,68,1,51616.62
1243,732,112,1,5679.97
1244,733,287,1,1154.1
1245,733,22,1,3798.91
1246,734,241,1,717.02
1247,735,51,1,676.38
1248,735,64,1,1713.92
1249,736,50,1,41701.33
1250,736,144,1,4822.66
1251,737,65,1,1081.72
1252,738,114,1,5279.45
1253,739,57,1,47000.57
1254,740,299,1,1114.62
1255,740,192,1,14615.79
1256,741,217,1,3778.51
1257,741,18,1,1349.19
1258,741,195,1,2866.43
1259,741,231,1,15192.71
1260,742,45,1,548.38
1261,742,281,2,6373.42
1262,742,58,3,6753.12
1263,742,277,1,8582.68
1264,743,280,1,29943.44
1265,743,79,1,2755.94
1266,744,135,1,2912.22
1267,745,44,1,18130.01
1268,746,5,1,79853.92
1269,746,139,2,3039.9
1270,747,150,1,1670.03
1271,748,51,1,679.87
1272,748,186,1,2944.29
1273,749,274,1,68397.0
1274,749,88,1,63803.36
1275,749,229,1,52704.39
1276,749,128,3,5225.54
1277,750,134,1,2875.64
1278,751,83,1,5597.86
1279,752,297,3,4548.66
1280,752,133,4,5509.75
1281,753,277,1,8576.17
1282,754,296,1,2456.09
1283,755,57,2,48690.57
1284,755,138,1,69738.44
1285,756,23,1,778.76
1286,757,242,3,7521.53
1287,758,108,3,36699.48
1288,758,39,3,7293.56
1289,758,67,1,4869.03
1290,758,237,1,4306.76
1291,759,29,1,38704.29
1292,760,152,2,6668.34
1293,761,287,2,1178.7
1294,761,110,1,7212.64
1295,761,58,2,6315.54
1296,762,173,1,26813.91
1297,763,190,2,17520.77
1298,764,106,1,40458.28
1299,764,218,1,2439.39
1300,764,243,1,10565.69
1301,764,193,2,17203.41
1302,765,237,2,5089.86
1303,765,105,1,10228.77
1304,766,69,1,5232.36
1305,767,268,1,15436.95
1306,767,130,4,35101.98
1307,768,33,1,1140.36
1308,769,42,1,4434.19
1309,769,294,1,1145.72
1310,769,2,1,2037.66
1311,770,259,4,26170.37
1312,770,89,1,1560.81
1313,771,299,2,1020.24
1314,771,169,3,7670.53
1315,772,226,3,5712.02
1316,773,228,3,47498.21
1317,774,135,3,3176.8
1318,775,285,1,336.09
1319,775,217,2,3326.28
1320,776,127,2,33396.48
1321,776,107,4,5431.68
1322,777,2,3,2103.27
1323,778,69,1,6028.47
1324,779,195,1,2741.5
1325,780,207,4,16753.31
1326,781,63,1,1926.49
1327,781,138,3,72184.35
1328,781,173,1,25931.66
1329,782,59,1,6782.82
1330,782,136,3,496.91
1331,782,242,1,6963.16
1332,783,84,1,22111.52
1333,783,231,3,15764.91
1334,784,90,1,15694.13
1335,784,29,2,38217.43
1336,784,103,1,2045.13
1337,785,126,1,901.56
1338,785,53,1,43263.47
1339,786,219,3,1567.79
1340,787,212,2,8684.34
1341,787,166,3,51411.64
1342,788,119,2,5289.98
1343,789,18,1,1505.63
1344,790,216,2,65856.33
1345,790,102,1,2799.25
1346,791,175,3,5969.68
1347,792,96,1,49552.34
1348,792,69,1,5261.97
1349,792,177,2,5161.8
1350,793,97,3,5300.47
1351,794,128,4,5696.28
1352,795,278,1,1670.5
1353,796,77,2,1325.88
1354,797,127,1,33745.64
1355,798,100,1,8271.42
1356,799,34,1,2101.84
1357,800,128,2,5431.04
1358,801,193,1,17836.81
1359,802,99,2,17214.75
1360,802,103,3,1876.45
1361,803,202,2,24946.54
1362,803,140,1,9919.03
1363,803,175,3,6471.35
1364,804,62,2,14003.02
1365,804,138,1,63574.72
1366,804,4,4,5609.02
1367,805,171,1,4067.24
1368,806,176,1,57561.99
1369,806,52,1,1578.64
1370,807,131,1,3447.78
1371,807,206,1,7385.42
1372,807,122,1,20622.86
1373,807,289,1,4731.91
1374,808,277,1,8270.29
1375,809,45,1,636.97
1376,809,79,1,2470.58
1377,809,96,1,57181.04
1378,810,176,1,58820.3
1379,810,180,3,15963.69
1380,811,249,1,46927.63
1381,812,108,1,37502.73
1382,813,137,1,1576.55
1383,813,147,2,17489.53
1384,813,226,1,6188.76
1385,814,137,1,1697.37
1386,815,168,1,7361.18
1387,816,29,2,35649.77
1388,817,106,1,36924.88
1389,818,137,1,1811.32
1390,819,273,1,1283.23
1391,820,35,2,44023.92
1392,820,114,1,4876.28
1393,821,193,1,17307.2
1394,822,138,2,61580.56
1395,822,91,1,5069.09
1396,822,195,1,2795.44
1397,823,10,4,67376.61
1398,823,179,2,1387.01
1399,823,263,3,1111.47
1400,823,154,1,41900.89
1401,824,238,1,1497.94
1402,825,208,1,7886.03
1403,825,187,2,1153.9
1404,825,209,1,2327.33
1405,825,294,1,1100.49
1406,826,159,1,42004.66
1407,826,84,1,23179.09
1408,827,152,1,6750.15
1409,828,144,1,5253.2
1410,829,50,2,40691.65
1411,829,287,1,1076.05
1412,830,214,1,29602.85
1413,830,109,3,13480.66
1414,830,298,1,222.94
1415,831,95,2,2367.37
1416,832,88,1,62283.8
1417,832,61,1,4634.86
1418,833,61,1,4235.61
1419,833,181,1,13529.05
1420,833,282,1,908.04
1421,834,165,1,7839.11
1422,834,124,1,5274.41
1423,834,247,1,4964.92
1424,834,208,1,7173.88
1425,835,45,1,616.85
1426,835,142,1,12379.36
1427,835,190,1,16626.34
1428,836,169,1,7010.47
1429,837,5,1,74854.93
1430,838,101,1,426.22
1431,839,297,1,4348.91
1432,840,232,1,5665.95
1433,840,223,1,5643.62
1434,840,152,1,6547.59
1435,841,168,1,6644.58
1436,841,145,1,547.33
1437,842,73,1,446.92
1438,842,169,1,7604.53
1439,842,254,3,13545.85
1440,843,282,3,965.1
1441,844,106,1,40657.12
1442,845,246,2,400.03
1443,846,96,1,53529.52
1444,847,18,2,1514.56
1445,847,90,2,16592.62
1446,848,108,1,37212.93
1447,848,299,1,1037.25
1448,849,47,2,5121.09
1449,849,132,2,17979.35
1450,850,274,1,66923.72
1451,850,68,1,51878.59
1452,850,74,2,17613.53
1453,851,184,2,5411.96
1454,852,230,2,4831.08
1455,853,80,1,73551.6
1456,853,185,1,2859.13
1457,854,191,1,45829.2
1458,855,231,1,14863.68
1459,856,174,1,7409.25
1460,857,201,2,6408.66
1461,857,108,1,36633.91
1462,857,87,2,37682.03
1463,858,125,1,1290.86
1464,858,150,1,1535.22
1465,858,166,1,57602.39
1466,859,52,1,1737.63
1467,860,246,1,394.34
1468,860,70,1,2313.29
1469,861,77,1,1193.08
1470,862,38,2,1680.24
1471,863,80,2,81594.27
1472,864,263,1,1070.88
1473,865,263,1,1148.24
1474,865,86,1,3436.11
1475,865,74,2,19089.88
1476,865,40,1,1617.31
1477,866,100,2,7403.13
1478,867,73,1,433.51
1479,867,24,1,18685.21
1480,868,79,1,2810.67
1481,868,70,1,2247.44
1482,868,38,1,1502.57
1483,869,101,1,386.07
1484,870,210,1,15641.16
1485,870,300,1,1083.85
1486,871,200,3,1090.48
1487,872,224,1,4153.78
1488,873,177,1,4792.76
1489,874,187,3,992.1
1490,874,261,2,1460.94
1491,874,268,1,15331.7
1492,875,17,2,275.48
1493,876,151,2,2726.11
1494,877,183,1,7986.06
1495,878,296,1,2336.12
1496,878,177,2,5141.73
1497,878,79,1,2606.43
1498,879,216,1,73134.66
1499,879,293,2,1183.56
1500,880,98,3,4929.75
1501,880,93,3,4414.37
1502,880,128,1,5396.11
1503,880,185,1,2526.9
1504,881,102,1,2718.56
1505,881,207,1,15120.1
1506,882,118,3,5746.93
1507,883,149,1,4712.47
1508,884,193,1,16566.04
1509,885,70,1,2624.89
1510,886,78,2,3790.29
1511,886,83,1,6649.04
1512,887,261,1,1459.56
1513,887,181,1,13697.98
1514,888,299,3,1069.41
1515,889,85,4,2556.82
1516,889,128,1,5653.58
1517,889,127,2,38234.43
1518,889,298,1,236.94
1519,890,197,1,1129.2
1520,891,145,1,521.64
1521,891,169,2,7245.22
1522,892,6,1,36586.17
1523,893,106,2,37405.18
1524,893,271,1,17964.52
1525,894,83,2,6027.43
1526,894,101,1,399.34
1527,894,121,1,72220.51
1528,894,19,1,9479.54
1529,895,150,1,1693.88
1530,896,56,1,9278.8
1531,897,211,2,4067.62
1532,897,218,1,2496.73
1533,898,129,1,50154.9
1534,898,70,3,2294.12
1535,898,227,1,2154.91
1536,899,220,3,612.5
1537,899,97,1,5806.45
1538,900,250,1,4134.9
1539,901,162,1,40809.26
1540,901,274,3,73268.71
1541,902,205,2,8308.17
1542,902,272,2,41744.17
1543,903,86,2,3676.03
1544,904,55,1,694.17
1545,904,233,1,6541.64
1546,905,168,1,6671.09
1547,905,232,3,6117.17
1548,906,266,3,3293.02
1549,907,109,1,12739.57
1550,908,73,2,478.11
1551,908,55,2,651.92
1552,909,300,1,1069.46
1553,910,168,1,6816.97
1554,911,221,3,1378.27
1555,911,287,1,1112.02
1556,912,281,1,6583.58
1557,913,298,1,229.54
1558,914,94,1,1433.54
1559,914,204,1,76554.84
1560,914,61,2,4414.75
1561,914,140,2,9531.64
1562,915,285,2,378.51
1563,915,85,1,2813.21
1564,916,85,1,2549.67
1565,917,171,1,4381.24
1566,918,272,1,43742.1
1567,919,191,1,51602.5
1568,919,52,3,1485.45
1569,920,290,2,2800.46
1570,921,108,4,35752.13
1571,922,137,1,1746.38
1572,922,189,1,18539.89
1573,922,207,3,16579.03
1574,923,274,1,69055.44
1575,923,69,1,6131.34
1576,924,139,1,3347.23
1577,924,98,3,4577.96
1578,924,180,2,16657.29
1579,925,84,3,21476.11
1580,925,98,1,4852.32
1581,926,201,2,5540.48
1582,926,59,1,6546.23
1583,926,133,1,5115.44
1584,927,223,3,5402.11
1585,928,141,1,4386.95
1586,929,221,2,1276.89
1587,930,136,1,529.67
1588,931,260,3,22182.97
1589,931,255,1,50538.58
1590,931,46,1,1618.61
1591,932,265,2,8902.46
1592,932,18,1,1554.86
1593,933,275,3,1231.84
1594,934,188,1,72004.35
1595,935,44,1,17006.36
1596,935,147,2,15320.47
1597,936,288,1,1201.5
1598,937,188,1,71731.75
1599,937,157,2,4430.4
1600,938,72,2,5817.06
1601,938,111,2,5920.74
1602,938,248,1,653.43
1603,939,257,2,4121.2
1604,939,134,2,2641.93
1605,940,167,2,21619.84
1606,941,204,1,75627.5
1607,941,293,3,1104.0
1608,942,59,2,6202.18
1609,942,20,3,788.85
1610,943,15,1,70506.89
1611,943,163,1,2101.26
1612,943,108,1,36152.66
1613,944,32,1,2586.84
1614,945,128,2,5250.26
1615,945,185,1,2682.96
1616,946,129,1,45159.96
1617,946,207,1,15802.0
1618,947,72,2,5696.17
1619,948,296,3,2742.99
1620,949,141,1,4325.56
1621,950,150,1,1567.03
1622,950,152,1,6293.39
1623,950,282,2,1041.61
1624,951,86,2,3513.52
1625,952,150,4,1444.94
1626,953,100,1,7327.95
1627,954,179,1,1372.75
1628,955,168,3,7233.92
1629,955,279,1,806.15
1630,956,14,1,29271.65
1631,957,224,1,4309.37
1632,957,13,1,911.55
1633,958,171,1,4204.91
1634,959,130,1,36985.12
1635,960,27,2,3226.11
1636,960,19,4,8877.43
1637,961,238,3,1699.08
1638,961,224,2,4220.04
1639,961,178,2,12184.87
1640,962,177,1,5355.32
1641,963,29,1,33819.43
1642,964,8,1,2789.73
1643,965,245,3,1225.57
1644,966,99,1,18029.56
1645,967,237,1,4463.72
1646,967,27,1,3308.17
1647,967,200,1,1071.93
1648,968,272,3,41199.89
1649,969,113,3,1650.16
1650,970,94,1,1520.24
1651,970,225,1,5398.62
1652,970,115,1,1411.22
1653,970,99,1,17118.05
1654,971,237,2,4527.49
1655,971,205,2,9369.25
1656,972,65,1,1149.16
1657,973,135,3,2958.92
1658,973,63,1,1783.27
1659,974,147,1,16822.39
1660,974,243,2,11370.79
1661,975,195,1,2697.73
1662,975,160,1,2827.68
1663,975,93,1,4256.78
1664,976,77,2,1191.08
1665,977,189,1,18859.67
1666,977,48,1,818.96
1667,978,267,2,3227.47
1668,978,238,1,1487.55
1669,979,230,1,4827.44
1670,979,62,1,13584.33
1671,979,104,2,10580.0
1672,979,148,1,47966.17
1673,980,248,1,697.63
1674,980,58,1,5984.96
1675,981,250,2,3884.23
1676,982,113,2,1691.83
1677,982,265,1,9426.58
1678,982,26,1,2492.13
1679,982,224,1,3825.65
1680,983,4,1,5962.8
1681,984,100,1,7486.65
1682,985,173,1,25169.78
1683,986,227,2,2269.17
1684,986,171,3,4019.47
1685,986,107,2,5176.66
1686,987,57,1,47815.82
1687,987,108,1,34408.55
1688,988,60,4,32529.05
1689,988,12,2,32993.91
1690,988,232,1,5823.35
1691,988,296,3,2679.58
1692,989,134,1,2604.16
1693,989,102,1,2760.37
1694,990,182,1,47538.72
1695,991,1,1,445.02
1696,991,84,1,21042.45
1697,992,137,1,1531.11
1698,993,176,2,56839.29
1699,994,90,3,16082.1
1700,994,126,4,1051.26
1701,994,71,1,4922.27
1702,995,83,2,5898.12
1703,995,101,1,437.18
1704,995,167,2,23643.02
1705,995,274,1,73572.95
1706,996,21,1,21638.36
1707,996,60,1,33730.68
1708,997,39,2,7832.08
1709,998,52,1,1673.01
1710,998,134,1,2697.43
1711,999,285,1,388.04
1712,999,93,1,4268.55
1713,1000,213,1,5094.54
1714,1001,243,1,10776.65
1715,1002,58,1,6953.01
1716,1003,59,2,6171.73
1717,1004,212,1,9463.9
1718,1004,41,1,8618.74
1719,1005,247,2,4626.22
1720,1006,21,1,21928.11
1721,1006,176,1,60045.54
1722,1006,245,1,1148.03
1723,1007,283,2,1139.59
1724,1007,259,1,26002.75
1725,1007,193,1,16854.08
1726,1008,271,3,16400.84
1727,1009,154,1,36603.79
1728,1009,267,1,2919.72
1729,1009,297,1,4258.55
1730,1010,263,1,1069.17
1731,1010,204,1,68818.35
1732,1011,293,2,1205.25
1733,1011,300,2,930.01
1734,1011,120,2,3570.6
1735,1012,90,1,16350.29
1736,1012,198,1,9836.77
1737,1012,146,1,1040.11
1738,1013,13,1,899.33
1739,1014,93,1,4359.15
1740,1014,260,2,19067.7
1741,1014,269,1,7310.64
1742,1015,44,3,17355.43
1743,1016,209,1,2189.27
1744,1016,205,2,9312.56
1745,1016,236,1,1996.14
1746,1016,98,1,4264.46
1747,1017,230,3,4417.86
1748,1017,177,1,5221.79
1749,1018,52,1,1728.85
1750,1018,238,4,1555.06
1751,1019,291,1,8293.54
1752,1020,153,2,4667.96
1753,1021,35,1,43866.05
1754,1022,286,1,1704.41
1755,1023,47,1,5686.84
1756,1024,93,2,4441.57
1757,1025,86,1,3764.81
1758,1025,169,1,7545.09
1759,1025,75,1,42365.1
1760,1026,258,2,5465.05
1761,1026,98,1,4461.51
1762,1026,166,1,59054.93
1763,1027,47,1,5703.83
1764,1027,161,1,5733.31
1765,1028,70,2,2451.6
1766,1028,116,3,41415.82
1767,1028,151,1,2593.59
1768,1029,234,2,14736.22
1769,1029,248,1,665.75
1770,1030,108,1,35765.59
1771,1030,105,1,10384.89
1772,1030,75,3,37902.48
1773,1031,269,2,7145.99
1774,1031,39,1,7641.36
1775,1032,28,1,413.78
1776,1032,129,1,46613.29
1777,1033,119,2,5423.81
1778,1034,86,4,3652.4
1779,1034,133,3,5531.23
1780,1035,297,1,4455.53
1781,1035,81,1,3831.72
1782,1036,184,1,5094.68
1783,1037,219,1,1488.4
1784,1038,298,1,228.31
1785,1038,256,1,1558.38
1786,1038,209,1,2126.97
1787,1039,249,1,42695.89
1788,1039,255,2,48829.4
1789,1039,237,2,4543.03
1790,1039,34,1,2118.93
1791,1040,101,3,396.54
1792,1040,208,2,7759.85
1793,1041,266,1,3590.1
1794,1042,36,2,2777.55
1795,1043,298,2,241.99
1796,1044,44,1,17361.58
1797,1044,59,1,6059.48
1798,1044,24,1,20440.73
1799,1045,195,1,2566.46
1800,1046,188,3,71925.71
1801,1047,263,3,1110.97
1802,1047,196,2,281.83
1803,1048,26,1,2509.1
1804,1048,88,1,59467.53
1805,1049,103,1,2020.15
1806,1049,269,1,6389.77
1807,1049,216,2,73370.93
1808,1050,278,1,1649.8
1809,1051,247,4,5362.87
1810,1052,242,1,8131.6
1811,1053,132,1,17109.24
1812,1053,188,1,80333.11
1813,1054,231,1,14087.51
1814,1055,180,1,17501.23
1815,1055,125,1,1273.89
1816,1056,118,2,5860.62
1817,1057,273,2,1421.71
1818,1058,137,2,1747.81
1819,1059,119,4,5722.75
1820,1059,43,1,1166.33
1821,1059,176,2,61581.79
1822,1060,287,1,1106.94
1823,1060,234,1,13644.33
1824,1061,177,2,5042.94
1825,1061,102,2,2868.88
1826,1062,115,1,1369.23
1827,1063,137,1,1737.16
1828,1064,61,3,4707.63
1829,1065,223,3,5176.51
1830,1065,123,2,3771.42
1831,1065,245,1,1224.07
1832,1066,51,1,790.52
1833,1067,15,1,69889.17
1834,1068,240,1,8149.39
1835,1068,23,1,723.79
1836,1068,217,1,3707.8
1837,1069,95,2,2426.47
1838,1069,224,1,3861.47
1839,1070,230,1,4156.52
1840,1071,206,1,7570.63
1841,1072,122,2,20004.65
1842,1073,269,1,6344.36
1843,1073,144,1,4862.81
1844,1074,55,1,673.28
1845,1074,188,1,78266.06
1846,1074,158,2,54665.47
1847,1075,5,1,78675.81
1848,1076,186,2,2619.85
1849,1077,28,1,438.29
1850,1078,295,1,4704.0
1851,1079,31,1,4980.92
1852,1079,109,1,12477.22
1853,1080,116,1,39833.73
1854,1081,84,4,23088.74
1855,1081,130,1,39877.18
1856,1081,18,1,1352.39
1857,1082,287,1,1136.3
1858,1083,292,2,952.96
1859,1083,33,3,1190.99
1860,1084,77,1,1211.62
1861,1084,140,3,10602.95
1862,1085,34,3,2015.4
1863,1085,89,3,1806.02
1864,1086,270,1,15327.51
1865,1086,176,2,57197.47
1866,1086,280,1,27066.7
1867,1087,77,1,1409.43
1868,1087,163,1,2007.7
1869,1088,297,1,3857.31
1870,1088,82,1,5111.73
1871,1089,227,1,2261.06
1872,1089,149,1,4316.01
1873,1090,95,1,2338.64
1874,1090,34,2,2053.38
1875,1091,286,2,1776.33
1876,1092,40,1,1466.74
1877,1092,38,1,1440.58
1878,1093,144,1,4765.26
1879,1093,30,1,5059.76
1880,1093,254,1,12615.05
1881,1094,224,2,3901.85
1882,1094,44,2,18885.73
1883,1095,272,1,44362.54
1884,1095,194,1,6082.94
1885,1095,209,1,2278.64
1886,1096,100,1,7763.59
1887,1096,252,2,7901.2
1888,1096,17,2,263.35
1889,1096,294,1,1288.47
1890,1097,76,1,2727.86
1891,1098,47,1,5785.89
1892,1098,21,3,23384.69
1893,1099,25,1,2391.47
1894,1099,57,1,46280.94
1895,1099,160,1,2881.34
1896,1100,92,1,62756.98
1897,1101,162,1,43280.13
1898,1102,53,1,45289.55
1899,1103,246,1,364.98
1900,1103,122,3,17539.83
1901,1103,171,1,4369.54
1902,1104,1,1,472.64
1903,1104,101,1,440.55
1904,1104,9,2,8000.94
1905,1104,105,3,9464.56
1906,1105,230,2,4702.32
1907,1105,138,1,62819.0
1908,1105,234,1,14528.18
1909,1106,24,1,18811.67
1910,1107,116,4,42818.15
1911,1107,1,3,468.3
1912,1108,295,2,5511.05
1913,1109,290,3,2628.58
1914,1109,82,1,4990.81
1915,1109,225,1,5446.89
1916,1109,225,2,4931.96
1917,1110,114,1,5139.74
1918,1110,133,2,5164.9
1919,1110,299,1,948.42
1920,1111,103,3,1795.79
1921,1111,131,1,3370.5
1922,1112,87,1,39252.64
1923,1113,124,1,4823.51
1924,1113,69,1,6012.14
1925,1113,10,2,63898.58
1926,1114,199,2,1637.01
1927,1114,88,3,59351.88
1928,1114,9,1,7875.26
1929,1115,32,1,2624.13
1930,1115,272,1,42458.59
1931,1115,137,3,1642.06
1932,1115,77,1,1324.6
1933,1116,98,1,4535.17
1934,1116,145,3,555.22
1935,1117,92,1,61624.24
1936,1118,118,2,5308.77
1937,1119,126,1,1026.49
1938,1120,285,1,391.98
1939,1120,100,1,8035.28
1940,1120,51,1,715.66
1941,1121,143,2,1600.2
1942,1122,110,1,7388.76
1943,1122,191,1,47182.42
1944,1123,199,1,1735.01
1945,1123,138,2,71098.71
1946,1123,85,2,2539.16
1947,1124,213,1,4940.58
1948,1125,164,1,12587.68
1949,1125,96,1,58557.09
1950,1126,9,1,8841.79
1951,1126,9,1,9132.79
1952,1127,271,1,17306.13
1953,1127,190,1,16869.44
1954,1128,252,1,8270.61
1955,1128,125,4,1116.12
1956,1129,38,1,1461.67
1957,1129,297,1,3985.14
1958,1130,219,1,1383.26
1959,1131,201,1,5547.52
1960,1131,19,1,10234.37
1961,1132,19,3,9693.73
1962,1132,277,1,8151.27
1963,1132,255,3,53254.67
1964,1133,36,1,2648.57
1965,1134,168,1,7469.8
1966,1135,108,2,34980.32
1967,1136,191,1,44169.52
1968,1136,258,2,5670.1
1969,1137,190,1,15592.07
1970,1138,63,1,1953.96
1971,1139,120,1,3277.1
1972,1139,279,1,942.57
1973,1140,20,2,700.71
1974,1140,201,2,5737.67
1975,1141,150,3,1595.61
1976,1141,143,1,1844.13
1977,1142,8,1,2714.54
1978,1142,37,2,40697.67
1979,1142,135,1,3078.98
1980,1143,198,1,8729.16
1981,1144,50,1,39602.32
1982,1144,177,1,5546.15
1983,1144,270,1,16043.08
1984,1145,127,1,37373.84
1985,1145,215,2,5235.89
1986,1146,122,1,19740.89
1987,1147,24,1,19588.14
1988,1148,177,1,5369.93
1989,1148,24,1,19855.8
1990,1149,124,1,5212.25
1991,1149,90,2,16153.3
1992,1150,205,1,8890.3
1993,1150,11,1,955.26
1994,1150,131,1,3577.7
1995,1151,31,1,5728.41
1996,1151,294,4,1098.74
1997,1152,209,3,2187.33
1998,1152,167,1,22839.85
1999,1152,265,1,8962.65
2000,1153,43,1,1124.64
2001,1154,196,2,295.91
2002,1154,291,1,8389.25
2003,1155,143,1,1736.0
2004,1156,296,2,2752.91
2005,1157,256,1,1646.68
2006,1157,298,4,237.69
2007,1158,46,2,1459.63
2008,1159,92,2,57612.2
2009,1160,235,1,34544.89
2010,1161,103,1,1917.12
2011,1161,216,2,68230.07
2012,1161,2,1,2087.08
2013,1161,187,2,1080.38
2014,1162,267,1,3347.17
2015,1162,81,3,3488.62
2016,1162,213,2,5584.73
2017,1163,30,2,4602.22
2018,1163,85,1,2737.72
2019,1163,54,2,15624.88
2020,1163,56,1,10044.45
2021,1164,147,1,15745.02
2022,1165,267,3,2985.51
2023,1166,32,2,3026.98
2024,1167,107,3,5247.37
2025,1167,14,2,33068.41
2026,1168,169,1,6542.85
2027,1168,190,3,14863.32
2028,1168,48,1,937.25
2029,1168,71,1,4447.77
2030,1169,53,1,45329.39
2031,1170,21,2,21287.42
2032,1170,117,1,1903.04
2033,1171,91,1,4601.79
2034,1172,76,2,2753.42
2035,1172,255,2,52788.36
2036,1173,67,1,4705.28
2037,1173,79,2,2463.45
2038,1173,123,1,4009.0
2039,1174,259,3,25856.31
2040,1174,63,1,2020.18
2041,1175,180,1,17325.55
2042,1175,284,1,7133.35
2043,1176,251,1,1126.48
2044,1177,176,2,65066.58
2045,1178,221,2,1220.45
2046,1179,14,1,29118.51
2047,1179,210,2,15629.64
2048,1179,67,1,5361.75
2049,1180,85,1,2496.32
2050,1180,135,1,3158.73
2051,1181,242,3,7708.77
2052,1182,130,1,36532.1
2053,1182,63,3,2039.62
2054,1183,207,1,14577.27
2055,1184,180,1,15010.89
2056,1185,232,2,5450.84
2057,1186,151,2,2719.01
2058,1186,172,1,20385.93
2059,1186,24,4,18441.86
2060,1187,107,1,4912.69
2061,1188,12,1,32212.5
2062,1188,57,1,47650.1
2063,1188,245,1,1136.38
2064,1188,12,1,32145.22
2065,1189,86,3,3638.08
2066,1190,19,1,10408.38
2067,1191,132,2,18215.81
2068,1191,124,1,5278.28
2069,1191,223,1,5242.35
2070,1192,1,1,429.36
2071,1193,41,1,8440.83
2072,1193,102,2,2894.51
2073,1193,18,1,1478.95
2074,1194,3,2,7730.22
2075,1194,175,1,6111.59
2076,1195,259,1,26406.13
2077,1196,22,1,3936.45
2078,1196,64,1,1617.47
2079,1196,265,1,9099.2
2080,1196,200,1,1072.12
2081,1197,88,1,56415.19
2082,1198,268,1,14776.16
2083,1199,168,1,7431.89
2084,1199,267,1,2973.71
2085,1199,138,2,68961.74
2086,1200,247,1,5044.55
2087,1201,110,2,6729.66
2088,1201,191,2,46509.36
2089,1202,71,2,4699.4
2090,1203,67,1,5322.97
2091,1203,32,2,2901.29
2092,1203,128,2,5080.68
2093,1204,56,3,9510.03
2094,1205,123,2,4040.09
2095,1206,139,1,3408.3
2096,1206,178,1,13121.14
2097,1206,31,1,5067.23
2098,1206,117,3,1843.6
2099,1207,271,1,16246.61
2100,1207,28,1,395.87
2101,1208,278,2,1684.27
2102,1208,14,1,29869.5
2103,1209,289,1,4321.07
2104,1209,123,2,4091.3
2105,1210,209,1,2264.63
2106,1210,262,1,5924.0
2107,1211,231,1,15820.2
2108,1212,212,1,8675.32
2109,1212,22,3,3680.95
2110,1213,92,4,58507.78
2111,1214,261,1,1604.48
2112,1215,281,1,5737.19
2113,1216,88,1,61967.56
2114,1216,197,3,1125.73
2115,1216,137,3,1696.39
2116,1217,252,1,7300.98
2117,1218,263,2,1130.06
2118,1219,248,1,650.27
2119,1219,230,2,4378.04
2120,1220,187,1,1049.41
2121,1221,299,2,947.43
2122,1222,282,2,928.53
2123,1223,118,1,5809.4
2124,1224,135,1,2855.93
2125,1224,115,1,1570.88
2126,1224,236,3,2284.4
2127,1225,266,1,3321.54
2128,1225,62,1,14937.03
2129,1226,148,2,50594.23
2130,1227,283,3,1183.8
2131,1228,66,1,1441.32
2132,1228,220,3,632.0
2133,1229,246,1,360.31
2134,1230,82,1,5197.09
2135,1231,66,3,1529.9
2136,1231,177,1,4807.23
2137,1232,245,4,1147.21
2138,1232,7,3,402.96
2139,1233,293,1,1164.01
2140,1234,158,2,62500.64
2141,1235,36,2,2632.03
2142,1235,229,1,44632.67
2143,1236,155,1,5189.54
2144,1237,110,3,6652.81
2145,1238,100,1,7363.41
2146,1238,222,1,9066.86
2147,1238,127,1,34107.37
2148,1238,219,1,1608.92
2149,1239,246,1,379.22
2150,1240,281,1,5803.57
2151,1240,273,2,1447.14
2152,1241,289,4,4268.15
2153,1241,199,1,1714.02
2154,1241,63,2,2048.47
2155,1242,9,1,8679.56
2156,1243,98,2,4293.23
2157,1244,148,1,50598.65
2158,1244,68,1,49937.62
2159,1245,233,1,6816.37
2160,1246,117,2,1803.83
2161,1247,280,1,28190.73
2162,1247,12,1,31899.93
2163,1247,36,1,2446.66
2164,1247,145,2,549.2
2165,1248,86,1,3836.53
2166,1249,266,1,3499.87
2167,1249,152,1,6762.4
2168,1249,218,1,2437.21
2169,1250,210,1,16961.77
2170,1250,170,1,39512.44
2171,1251,197,1,1142.6
2172,1251,75,3,38978.03
2173,1252,123,1,3790.33
2174,1253,75,2,40332.2
2175,1253,266,2,3518.82
2176,1254,25,1,2418.76
2177,1254,258,1,5614.92
2178,1255,25,1,2446.43
2179,1256,133,1,4856.43
2180,1256,230,3,4193.93
2181,1256,139,4,3530.88
2182,1257,283,3,1296.2
2183,1257,260,1,21781.11
2184,1257,255,1,45528.06
2185,1258,215,2,5321.57
2186,1259,282,1,892.8
2187,1260,103,1,1869.89
2188,1260,25,1,2096.29
2189,1260,158,1,64960.85
2190,1261,107,1,5271.12
2191,1262,22,1,3763.69
2192,1262,72,1,5644.68
2193,1262,17,1,295.94
2194,1263,30,1,4493.76
2195,1264,240,1,8844.59
2196,1265,71,1,4770.75
2197,1266,162,1,38057.9
2198,1267,193,2,16673.32
2199,1267,91,1,5017.34
2200,1268,146,1,1117.07
2201,1269,140,2,10185.92
2202,1269,273,1,1464.25
2203,1269,288,1,1164.97
2204,1270,40,1,1426.31
2205,1271,214,1,33205.92
2206,1271,205,1,9432.95
2207,1272,284,3,6532.09
2208,1272,177,1,4976.71
2209,1273,132,1,16470.7
2210,1274,223,2,5326.44
2211,1274,206,3,8231.41
2212,1274,141,1,4003.22
2213,1275,215,1,5953.08
2214,1276,11,1,1107.59
2215,1276,284,1,6953.71
2216,1277,118,1,6169.44
2217,1278,91,1,4725.37
2218,1279,64,1,1714.47
2219,1280,39,1,6869.43
2220,1281,93,2,4311.23
2221,1281,6,2,37898.98
2222,1281,68,2,48367.75
2223,1282,212,2,9926.81
2224,1282,191,3,46490.39
2225,1282,148,1,43787.52
2226,1283,277,2,8989.65
2227,1283,229,3,45870.68
2228,1283,45,1,570.04
2229,1284,168,1,7223.92
2230,1284,117,2,1760.84
2231,1285,144,1,4999.2
2232,1285,86,1,3650.8
2233,1286,295,2,5265.19
2234,1286,35,1,46627.96
2235,1286,32,1,2643.75
2236,1287,120,2,3518.45
2237,1287,259,1,30141.61
2238,1288,239,1,6807.35
2239,1288,108,1,36203.92
2240,1288,83,1,6339.3
2241,1289,98,2,4707.65
2242,1290,79,2,2775.9
2243,1290,177,1,5601.99
2244,1291,279,1,948.67
2245,1292,181,2,14130.33
2246,1293,194,1,7086.46
2247,1294,102,2,2560.17
2248,1294,86,3,3687.62
2249,1294,33,1,1129.24
2250,1295,10,1,62045.0
2251,1295,133,1,5382.64
2252,1296,298,1,217.98
2253,1297,231,1,15601.28
2254,1297,293,1,1072.16
2255,1297,88,1,63644.42
2256,1297,201,1,6265.74
2257,1298,181,2,15486.0
2258,1298,38,1,1620.94
2259,1298,7,1,404.11
2260,1299,218,2,2332.28
2261,1299,76,1,2794.93
2262,1300,136,1,504.92
2263,1301,241,1,698.56
2264,1302,15,1,71906.04
2265,1302,51,3,765.05
2266,1302,40,1,1565.44
2267,1303,182,1,44279.77
2268,1304,13,1,884.74
2269,1305,205,1,9647.78
2270,1306,35,1,41242.78
2271,1306,164,1,13078.2
2272,1307,167,1,24929.39
2273,1308,233,1,6391.48
2274,1308,221,1,1329.2
2275,1308,133,1,5038.22
2276,1309,294,1,1085.83
2277,1309,75,1,37194.74
2278,1309,296,1,2591.81
2279,1310,297,2,4143.99
2280,1310,244,3,65334.3
2281,1310,162,3,43119.66
2282,1310,15,1,69062.96
2283,1311,136,1,573.53
2284,1312,136,1,545.86
2285,1313,119,3,5470.03
2286,1313,15,2,68431.18
2287,1314,276,1,45435.24
2288,1314,192,2,12895.27
2289,1314,16,1,5093.51
2290,1314,47,1,5381.62
2291,1315,244,3,69660.66
2292,1316,198,3,8642.74
2293,1317,52,2,1599.15
2294,1317,76,1,2790.68
2295,1318,38,1,1700.65
2296,1318,196,1,317.63
2297,1319,21,1,24428.37
2298,1320,220,1,671.46
2299,1321,115,1,1565.44
2300,1322,87,1,38344.14
2301,1323,118,3,6147.24
2302,1324,298,1,233.4
2303,1324,128,1,5588.7
2304,1325,70,1,2535.11
2305,1326,293,2,1175.69
2306,1327,30,1,4990.68
2307,1328,83,2,6225.93
2308,1329,176,2,64920.15
2309,1329,170,1,43279.32
2310,1330,124,2,5446.65
2311,1330,104,1,11744.58
2312,1331,250,2,3813.53
2313,1331,18,3,1522.18
2314,1332,155,1,5744.68
2315,1333,205,1,8439.02
2316,1334,77,4,1306.98
2317,1334,237,4,4662.68
2318,1335,158,1,59259.57
2319,1336,128,1,5808.55
2320,1337,260,1,19717.47
2321,1337,33,1,1258.96
2322,1338,72,1,5457.64
2323,1339,245,2,1196.6
2324,1340,37,1,42155.95
2325,1341,8,2,3107.15
2326,1342,262,1,5480.95
2327,1342,3,1,7068.15
2328,1342,259,1,26416.64
2329,1343,241,1,764.42
2330,1343,256,1,1791.15
2331,1344,16,1,5682.12
2332,1345,83,2,6302.04
2333,1346,56,1,9500.34
2334,1347,239,1,7137.81
2335,1347,81,1,3979.26
2336,1348,78,1,3768.04
2337,1348,176,1,61588.07
2338,1349,187,4,1132.88
2339,1350,150,1,1575.51
2340,1350,37,1,47645.98
2341,1350,126,1,1015.62
2342,1351,126,1,950.87
2343,1351,157,2,4562.23
2344,1351,273,2,1395.97
2345,1352,108,1,36122.47
2346,1352,6,2,38680.66
2347,1353,32,1,2945.93
2348,1353,47,2,5521.82
2349,1353,261,2,1529.15
2350,1354,192,1,14354.24
2351,1355,89,1,1626.93
2352,1356,239,2,7503.66
2353,1357,294,2,1228.05
2354,1358,132,1,16409.48
2355,1359,236,2,2213.89
2356,1359,229,1,45883.42
2357,1359,81,1,3707.36
2358,1360,292,2,1012.06
2359,1360,282,1,967.78
2360,1360,209,3,2209.63
2361,1361,292,1,1048.59
2362,1361,133,2,5266.83
2363,1362,211,1,3890.09
2364,1362,190,1,15606.6
2365,1363,180,1,16565.77
2366,1364,92,1,63749.36
2367,1365,106,2,35175.14
2368,1366,29,1,36015.32
2369,1366,150,2,1473.99
2370,1367,44,2,16927.09
2371,1367,151,1,2748.54
2372,1368,132,2,17193.35
2373,1368,41,3,8533.04
2374,1369,85,1,2523.08
2375,1369,267,1,2869.16
2376,1369,14,1,30925.28
2377,1370,64,4,1729.25
2378,1371,114,3,4578.79
2379,1372,221,2,1239.49
2380,1373,256,1,1578.92
2381,1373,233,1,6457.52
2382,1373,25,3,2405.07
2383,1374,112,1,6085.23
2384,1375,271,1,17611.94
2385,1376,221,1,1272.07
2386,1376,48,3,969.38
2387,1376,121,1,65325.75
2388,1376,138,1,60920.16
2389,1377,65,1,1163.71
2390,1378,268,1,15650.06
2391,1379,223,2,5437.71
2392,1380,24,1,17529.0
2393,1381,68,2,47235.93
2394,1381,176,1,62018.83
2395,1382,217,1,3309.46
2396,1382,226,1,6228.44
2397,1382,283,1,1223.27
2398,1383,173,1,25130.69
2399,1384,57,1,44366.07
2400,1384,13,1,866.18
2401,1385,21,1,23774.8
2402,1386,164,1,13853.24
2403,1386,191,3,49657.23
2404,1386,45,1,559.23
2405,1387,119,1,5096.93
2406,1388,122,4,20440.64
2407,1389,103,1,1980.46
2408,1390,68,1,52344.88
2409,1390,92,2,60478.08
2410,1390,227,3,2115.09
2411,1391,205,4,9315.55
2412,1392,243,1,11326.02
2413,1393,268,1,14239.22
2414,1394,62,1,14817.24
2415,1394,112,1,6160.38
2416,1394,193,1,17713.2
2417,1394,167,1,22989.16
2418,1395,243,1,10687.89
2419,1396,280,1,27373.01
2420,1396,131,1,3317.39
2421,1396,192,1,14426.7
2422,1397,276,1,51163.53
2423,1398,161,1,5684.41
2424,1399,66,2,1604.34
2425,1400,241,3,759.26
2426,1401,38,1,1648.37
2427,1402,207,1,15002.77
2428,1403,46,1,1519.49
2429,1404,81,2,4039.07
2430,1405,274,1,66606.38
2431,1405,66,2,1517.01
2432,1406,187,2,1065.95
2433,1407,150,1,1690.53
2434,1408,36,1,2781.37
2435,1408,183,2,7688.09
2436,1408,117,1,1985.67
2437,1409,288,1,1263.1
2438,1409,92,1,63883.05
2439,1410,180,1,15355.01
2440,1410,264,1,1715.36
2441,1411,143,1,1761.46
2442,1412,107,1,5362.29
2443,1412,117,1,1939.2
2444,1413,26,1,2551.08
2445,1414,226,1,5789.77
2446,1415,4,1,5534.82
2447,1416,236,1,1983.08
2448,1416,172,1,20839.23
2449,1416,3,1,6600.84
2450,1417,46,1,1676.98
2451,1418,28,2,393.76
2452,1419,298,1,233.94
2453,1420,24,1,20239.46
2454,1421,273,1,1485.45
2455,1422,8,1,2908.4
2456,1423,156,1,5346.64
2457,1423,171,1,4275.35
2458,1423,210,1,15754.84
2459,1424,137,2,1575.8
2460,1425,60,1,31511.63
2461,1425,81,2,4062.72
2462,1426,7,1,430.04
2463,1427,251,2,1045.71
2464,1428,8,1,3067.84
2465,1429,186,1,2918.71
2466,1430,171,3,4028.74
2467,1431,90,3,17421.97
2468,1432,51,2,713.79
2469,1433,178,2,13684.36
2470,1433,215,1,5564.11
2471,1434,143,1,1554.94
2472,1434,211,1,3933.67
2473,1434,185,2,2806.43
2474,1435,289,1,4289.81
2475,1436,84,4,21024.31
2476,1437,232,1,5961.7
2477,1438,115,1,1615.65
2478,1438,170,1,38912.36
2479,1439,146,1,977.97
2480,1440,104,1,10731.87
2481,1441,206,3,7181.83
2482,1441,288,4,1109.6
2483,1442,131,2,3101.92
2484,1442,56,1,8969.14
2485,1443,134,4,2732.83
2486,1444,60,3,32712.25
2487,1444,156,2,5516.07
2488,1445,190,1,15569.37
2489,1446,142,1,11902.95
2490,1447,297,1,4522.17
2491,1447,74,1,17553.23
2492,1448,25,1,2145.72
2493,1448,210,1,15002.13
2494,1449,297,4,4470.89
2495,1450,16,1,5483.96
2496,1451,118,1,5634.25
2497,1452,169,1,6859.63
2498,1452,192,1,13626.65
2499,1452,262,1,5159.13
2500,1453,206,2,8281.83
2501,1454,272,2,40170.33
2502,1454,168,2,6765.74
2503,1454,65,1,1122.76
2504,1455,276,2,46589.92
2505,1455,115,1,1517.25
2506,1455,97,1,5894.49
2507,1456,205,1,9244.16
2508,1456,221,1,1298.44
2509,1457,210,1,15269.27
2510,1457,164,1,13969.42
2511,1457,210,1,16360.12
2512,1458,231,1,14412.98
2513,1459,64,2,1556.25
2514,1460,260,1,21301.23
2515,1461,165,1,6906.39
2516,1461,118,1,5663.44
2517,1462,108,1,35374.53
2518,1462,4,2,5467.48
2519,1462,142,1,13162.76
2520,1462,237,2,4662.6
2521,1463,282,2,912.11
2522,1464,40,2,1434.85
2523,1465,213,1,5034.94
2524,1466,85,1,2555.75
2525,1467,32,1,2961.08
2526,1467,173,3,26328.67
2527,1468,11,4,1011.6
2528,1468,57,1,46724.05
2529,1469,77,1,1348.58
2530,1469,257,1,3951.03
2531,1469,48,1,845.61
2532,1470,85,2,2541.89
2533,1471,292,3,964.98
2534,1471,99,1,17165.3
2535,1472,85,2,2630.41
2536,1473,217,3,3551.06
2537,1473,14,2,32966.65
2538,1474,35,2,45511.67
2539,1474,115,1,1462.84
2540,1475,198,2,8981.81
2541,1475,5,1,82688.03
2542,1476,9,2,8774.02
2543,1477,13,3,896.31
2544,1478,207,1,15759.61
2545,1478,217,1,3222.35
2546,1478,120,1,3119.83
2547,1479,37,1,42686.89
2548,1479,230,1,4793.7
2549,1480,215,2,5453.75
2550,1480,16,3,5685.37
2551,1480,220,1,587.23
2552,1481,273,2,1384.52
2553,1482,201,1,6226.85
2554,1483,105,1,11175.17
2555,1484,67,1,4719.52
2556,1484,117,3,1805.85
2557,1485,102,1,2689.16
2558,1486,52,4,1585.85
2559,1487,285,2,384.71
2560,1488,39,2,6709.47
2561,1489,86,1,4006.75
2562,1490,17,1,293.27
2563,1490,176,1,57322.68
2564,1491,33,1,1134.12
2565,1491,226,4,6205.43
2566,1492,167,1,23909.12
2567,1493,152,1,6903.28
2568,1493,219,1,1485.05
2569,1493,275,1,1204.22
2570,1493,31,1,5807.38
2571,1494,203,1,5534.8
2572,1494,39,1,7373.66
2573,1494,30,1,5232.98
2574,1494,28,1,435.94
2575,1495,79,1,2487.74
2576,1495,147,1,14971.58
2577,1496,61,1,4459.42
2578,1496,67,1,5059.54
2579,1497,287,1,1044.21
2580,1497,44,2,16423.37
2581,1498,27,1,3626.25
2582,1499,127,1,33618.49
2583,1500,205,1,9376.42
2584,1501,178,1,13582.05
2585,1502,195,2,2719.5
2586,1502,54,3,15996.87
2587,1502,121,1,68128.53
2588,1503,234,1,14484.23
2589,1503,104,2,10525.78
2590,1503,179,1,1229.67
2591,1503,40,2,1613.16
2592,1504,229,2,50195.8
2593,1504,294,2,1222.5
2594,1505,99,1,17953.55
2595,1505,26,1,2608.99
2596,1506,118,1,6008.07
2597,1506,258,1,5297.81
2598,1506,295,4,5069.55
2599,1507,162,1,37046.1
2600,1507,182,1,47708.4
2601,1508,198,1,8842.46
2602,1509,46,1,1667.83
2603,1509,60,1,31974.43
2604,1509,215,1,5498.88
2605,1509,134,1,2992.26
2606,1510,224,1,4365.75
2607,1510,119,2,5575.19
2608,1511,290,2,2724.81
2609,1512,231,1,14312.53
2610,1513,165,3,6766.48
2611,1513,245,1,1110.1
2612,1514,177,1,4977.62
2613,1515,71,1,5138.71
2614,1515,92,1,64167.43
2615,1515,55,2,591.83
2616,1516,167,2,24476.21
2617,1516,195,1,2791.33
2618,1517,12,2,29274.59
2619,1518,133,2,5307.13
2620,1519,248,1,730.63
2621,1519,230,1,4322.08
2622,1520,209,4,2140.26
2623,1521,89,1,1602.88
2624,1521,205,3,9251.6
2625,1522,72,2,5662.26
2626,1522,205,2,8843.89
2627,1522,245,1,1119.49
2628,1522,66,1,1556.91
2629,1523,222,1,8773.43
2630,1523,14,1,34004.1
2631,1524,194,1,6465.47
2632,1525,159,3,43783.77
2633,1525,286,1,1776.6
2634,1525,163,1,2056.0
2635,1526,10,1,63034.44
2636,1526,256,1,1586.27
2637,1526,80,2,76201.7
2638,1526,204,2,76724.43
2639,1527,233,1,5994.02
2640,1527,99,2,16672.59
2641,1527,13,1,855.75
2642,1528,156,4,6078.07
2643,1529,121,2,65383.16
2644,1530,160,1,3126.68
2645,1530,271,1,16454.12
2646,1531,211,2,3827.12
2647,1532,68,2,45498.88
2648,1532,227,1,2303.85
2649,1533,87,1,41306.65
2650,1533,186,1,2964.02
2651,1533,77,1,1276.92
2652,1534,257,1,3866.27
2653,1534,146,1,958.8
2654,1534,96,1,52836.72
2655,1535,296,1,2340.95
2656,1536,246,1,376.66
2657,1536,57,1,44061.3
2658,1536,11,1,1107.57
2659,1537,258,2,5349.89
2660,1537,251,3,1125.91
2661,1538,77,1,1320.57
2662,1538,93,1,4598.48
2663,1539,202,1,26499.42
2664,1540,209,1,2013.38
2665,1541,138,2,62281.01
2666,1541,214,1,33326.12
2667,1542,91,2,4470.53
2668,1542,113,2,1893.59
2669,1543,145,2,506.82
2670,1543,69,2,5823.38
2671,1543,243,1,11895.47
2672,1544,227,1,2315.78
2673,1545,156,1,6059.9
2674,1546,93,3,4398.37
2675,1547,152,1,7239.04
2676,1547,98,2,4580.26
2677,1548,71,3,4601.57
2678,1548,194,1,7034.69
2679,1549,60,1,34863.89
2680,1550,208,1,7448.98
2681,1551,203,1,5552.59
2682,1552,2,1,2061.04
2683,1553,55,1,671.75
2684,1554,151,1,2670.61
2685,1554,8,1,2792.39
2686,1554,247,2,5273.02
2687,1555,171,3,4447.2
2688,1556,121,3,63013.96
2689,1557,125,1,1122.83
2690,1557,106,2,40095.75
2691,1558,199,2,1805.26
2692,1558,187,3,1036.41
2693,1558,17,1,280.52
2694,1558,58,1,6001.42
2695,1559,249,1,46814.2
2696,1559,278,2,1747.22
2697,1560,254,1,12465.87
2698,1561,70,1,2536.04
2699,1562,255,1,48621.73
2700,1563,209,4,2171.15
2701,1564,64,2,1783.44
2702,1564,203,3,5992.96
2703,1565,232,2,5592.02
2704,1565,214,1,32939.74
2705,1565,287,2,1092.74
2706,1566,252,2,7427.18
2707,1567,213,1,5146.7
2708,1567,157,1,4538.94
2709,1568,184,1,5151.37
2710,1568,271,1,16016.38
2711,1569,121,1,66455.26
2712,1569,184,1,4820.76
2713,1570,107,1,5260.48
2714,1571,289,1,4495.77
2715,1571,268,2,14217.81
2716,1571,28,1,378.73
2717,1571,48,3,920.83
2718,1572,254,1,13247.26
2719,1573,184,2,4775.03
2720,1574,189,1,17402.49
2721,1575,50,1,39742.52
2722,1575,267,1,3367.42
2723,1576,230,1,4421.39
2724,1576,106,1,41543.43
2725,1576,266,2,3715.96
2726,1577,196,1,326.59
2727,1578,261,3,1608.08
2728,1579,154,1,40851.03
2729,1579,121,4,62944.58
2730,1579,229,1,46981.52
2731,1580,21,3,23273.95
2732,1580,198,1,8777.34
2733,1581,284,1,6704.2
2734,1581,268,1,13537.02
2735,1581,91,2,4755.82
2736,1581,129,1,49469.21
2737,1582,67,1,5383.75
2738,1582,175,1,6207.71
2739,1583,199,1,1764.81
2740,1583,256,1,1694.55
2741,1584,255,1,48231.44
2742,1585,168,2,6409.95
2743,1586,86,1,3429.26
2744,1586,129,1,44541.67
2745,1587,114,1,5225.19
2746,1588,141,1,4020.19
2747,1589,82,1,4765.42
2748,1589,232,2,5261.03
2749,1590,202,2,26253.88
2750,1591,282,1,902.54
2751,1591,19,2,9909.19
2752,1592,62,1,14541.25
2753,1593,3,2,6761.83
2754,1593,75,1,37576.83
2755,1593,34,1,2137.02
2756,1594,58,1,6002.99
2757,1595,170,1,44554.33
2758,1595,57,1,49330.95
2759,1596,174,1,6920.19
2760,1597,19,3,10340.26
2761,1598,203,4,5207.99
2762,1599,240,1,8650.85
2763,1600,248,1,632.61
2764,1600,102,1,2809.9
2765,1601,98,1,4610.55
2766,1602,128,1,5073.14
2767,1602,267,1,3287.82
2768,1602,260,1,19582.65
2769,1603,156,1,5373.78
2770,1604,275,1,1199.46
2771,1604,85,3,2536.12
2772,1605,164,4,14901.7
2773,1605,57,1,51000.4
2774,1606,30,1,4558.94
2775,1607,208,2,7361.43
2776,1608,137,3,1706.14
2777,1609,172,1,18234.44
2778,1610,275,2,1230.06
2779,1611,148,1,45405.04
2780,1611,271,1,15685.74
2781,1611,174,1,7880.11
2782,1611,98,1,4317.52
2783,1612,25,1,2201.77
2784,1613,292,3,999.36
2785,1613,240,3,8216.39
2786,1613,98,1,4839.95
2787,1614,213,2,5280.34
2788,1614,245,1,1161.16
2789,1614,7,2,441.68
2790,1615,281,1,6771.09
2791,1616,41,1,8758.65
2792,1616,39,1,6883.44
2793,1617,135,1,3069.72
2794,1617,88,1,59720.53
2795,1617,116,1,46033.72
2796,1617,169,1,7657.94
2797,1618,126,1,1057.23
2798,1619,111,2,6519.12
2799,1619,162,1,41950.46
2800,1620,294,1,1163.79
2801,1620,210,1,16564.38
2802,1621,121,2,61164.82
2803,1621,209,3,2158.12
2804,1622,252,4,8446.81
2805,1622,14,1,34241.09
2806,1622,60,2,34983.16
2807,1623,299,1,940.86
2808,1624,295,1,5312.42
2809,1625,212,2,9403.67
2810,1625,220,1,569.21
2811,1626,273,1,1336.5
2812,1627,5,3,70648.68
2813,1627,158,1,60135.68
2814,1628,52,1,1652.31
2815,1629,287,1,1182.73
2816,1630,31,1,5011.09
2817,1630,37,1,44507.05
2818,1630,178,1,12783.0
2819,1631,98,1,4564.89
2820,1631,251,1,1128.77
2821,1632,90,2,18394.25
2822,1632,236,3,1980.09
2823,1633,118,1,5565.21
2824,1633,174,1,7833.16
2825,1633,293,2,1178.07
2826,1633,186,1,2958.83
2827,1634,57,3,46918.63
2828,1635,283,2,1137.68
2829,1635,282,1,955.17
2830,1636,136,1,495.25
2831,1637,115,1,1394.17
2832,1637,226,1,6262.28
2833,1638,166,1,54583.48
2834,1638,30,2,4794.8
2835,1638,99,2,17722.58
2836,1639,26,1,2631.36
2837,1639,89,2,1721.81
2838,1639,52,2,1569.81
2839,1640,295,1,5337.55
2840,1641,288,2,1248.3
2841,1641,7,2,460.92
2842,1641,228,2,41930.67
2843,1642,245,1,1190.34
2844,1643,274,1,66266.44
2845,1643,266,1,3517.06
2846,1644,102,2,2761.7
2847,1644,146,1,969.55
2848,1644,51,2,722.72
2849,1645,260,2,19902.23
2850,1645,18,1,1430.61
2851,1646,151,3,2683.77
2852,1646,132,1,17579.29
2853,1647,102,3,2968.28
2854,1647,292,1,1038.36
2855,1647,143,1,1781.32
2856,1648,13,1,920.65
2857,1649,255,3,46057.44
2858,1649,279,1,852.44
2859,1650,105,1,10441.47
2860,1650,83,1,6008.56
2861,1651,211,1,4321.14
2862,1651,18,1,1483.67
2863,1652,197,1,978.6
2864,1652,52,1,1511.96
2865,1652,66,2,1552.97
2866,1652,30,2,5234.72
2867,1653,192,1,14778.06
2868,1654,204,1,78157.23
2869,1655,140,1,10398.87
2870,1655,287,3,1108.94
2871,1655,23,1,747.9
2872,1656,297,1,4179.44
2873,1657,243,1,11839.04
2874,1657,22,1,3524.06
2875,1658,129,1,48399.1
2876,1658,165,1,7070.79
2877,1658,183,1,7667.31
2878,1659,131,1,3625.48
2879,1659,91,1,4872.79
2880,1659,84,1,22212.58
2881,1660,179,2,1268.62
2882,1660,162,3,43393.11
2883,1661,116,1,40022.01
2884,1661,74,3,17797.28
2885,1661,153,1,5211.59
2886,1662,72,1,5716.21
2887,1663,128,1,5076.82
2888,1664,287,2,1124.99
2889,1664,223,1,5691.17
2890,1665,225,1,5431.12
2891,1665,17,1,290.4
2892,1666,230,2,4440.36
2893,1666,190,2,17091.52
2894,1666,154,2,41051.15
2895,1667,82,1,4561.41
2896,1668,128,1,5983.07
2897,1669,110,2,6711.55
2898,1670,115,1,1424.47
2899,1671,244,1,76259.85
2900,1671,41,1,8675.71
2901,1672,190,1,17149.68
2902,1672,292,1,988.36
2903,1673,53,1,47418.87
2904,1674,203,3,6104.48
2905,1675,32,1,2923.12
2906,1676,153,1,5181.55
2907,1677,99,2,18667.97
2908,1677,189,1,19093.7
2909,1677,226,1,6726.25
2910,1678,300,1,1058.26
2911,1678,29,1,35068.71
2912,1678,76,1,2892.5
2913,1678,212,2,9244.18
2914,1679,264,1,1677.04
2915,1679,115,1,1497.46
2916,1680,31,1,5670.44
2917,1681,28,1,421.93
2918,1682,2,2,2088.37
2919,1682,25,1,2293.91
2920,1683,274,1,69738.78
2921,1683,300,1,1048.69
2922,1684,26,1,2450.75
2923,1685,300,1,1012.35
2924,1686,206,1,8152.94
2925,1686,165,1,7842.73
2926,1686,144,1,4704.84
2927,1687,77,2,1389.82
2928,1687,124,1,5343.45
2929,1688,293,1,1090.83
2930,1689,297,2,3850.73
2931,1689,196,1,294.42
2932,1690,97,1,5542.99
2933,1690,106,1,36649.51
2934,1691,29,2,33171.84
2935,1692,76,2,2847.37
2936,1692,74,1,20249.73
2937,1692,291,3,8493.09
2938,1693,290,1,2585.18
2939,1694,186,1,3054.01
2940,1695,281,1,5824.47
2941,1695,172,1,20888.24
2942,1696,88,1,59695.68
2943,1697,157,3,4199.39
2944,1697,164,2,12696.92
2945,1698,89,1,1523.76
2946,1698,178,1,12629.84
2947,1698,268,1,14685.02
2948,1699,294,1,1242.31
2949,1700,280,1,29042.17
2950,1701,187,1,1072.71
2951,1702,187,2,1024.08
2952,1703,255,2,50543.58
2953,1703,94,1,1689.98
2954,1704,44,2,19349.93
2955,1705,6,1,36484.61
2956,1706,149,1,4556.42
2957,1706,44,1,17699.52
2958,1707,230,1,4580.7
2959,1707,63,1,1909.04
2960,1708,13,2,837.39
2961,1708,116,3,40774.61
2962,1708,130,1,40437.37
2963,1709,162,1,40347.38
2964,1710,284,1,6175.04
2965,1710,152,1,6792.64
2966,1711,235,3,35217.33
2967,1712,223,2,5111.96
2968,1712,42,1,4930.51
2969,1712,71,1,4567.91
2970,1713,147,2,16363.66
2971,1713,94,3,1430.57
2972,1713,138,1,70268.38
2973,1714,61,2,4068.28
2974,1714,37,2,46093.71
2975,1715,120,1,3237.8
2976,1715,93,1,4514.64
2977,1716,174,1,7637.45
2978,1716,55,1,691.42
2979,1717,190,1,15215.67
2980,1717,297,1,4464.51
2981,1718,133,1,4837.42
2982,1719,152,1,6212.64
2983,1719,24,1,20250.52
2984,1720,47,1,5150.4
2985,1720,10,1,71273.7
2986,1720,141,1,4614.45
2987,1720,150,1,1616.28
2988,1721,28,2,403.73
2989,1721,127,1,33947.78
2990,1722,253,1,19627.9
2991,1723,260,1,21207.32
2992,1723,192,1,13569.01
2993,1724,228,2,46407.04
2994,1724,157,1,4201.4
2995,1725,97,3,5377.88
2996,1726,219,1,1402.82
2997,1727,254,1,14229.89
2998,1728,93,4,4307.6
2999,1728,121,2,61461.65
3000,1729,123,1,3656.38
3001,1730,215,1,5517.08
3002,1731,28,2,379.78
3003,1731,224,1,3896.84
3004,1731,73,3,465.19
3005,1731,138,2,61740.71
3006,1732,10,2,67401.63
3007,1733,243,1,11852.63
3008,1734,32,4,2969.95
3009,1735,71,1,4601.54
3010,1735,197,1,1002.5
3011,1736,101,2,449.4
3012,1736,68,1,50916.78
3013,1736,166,2,53574.57
3014,1736,3,1,7565.0
3015,1737,110,1,6348.49
3016,1737,59,2,6091.56
3017,1738,167,3,24100.69
3018,1738,93,1,4583.56
3019,1738,201,1,6039.35
3020,1739,43,1,1226.8
3021,1740,24,1,18657.1
3022,1741,64,1,1592.07
3023,1741,260,1,21191.29
3024,1741,293,4,1246.09
3025,1742,21,1,22288.49
3026,1743,8,1,2699.79
3027,1744,49,1,13591.43
3028,1745,170,1,41617.72
3029,1745,279,2,828.66
3030,1745,236,1,1991.86
3031,1746,75,4,42153.74
3032,1747,295,1,5557.05
3033,1747,81,1,3986.37
3034,1747,108,3,36155.25
3035,1748,246,1,382.43
3036,1748,92,1,57690.03
3037,1749,223,1,5118.5
3038,1750,128,1,5869.85
3039,1751,251,1,1111.04
3040,1752,189,1,20000.43
3041,1753,279,1,931.79
3042,1754,133,1,5334.17
3043,1754,111,1,6565.6
3044,1755,99,2,15998.21
3045,1755,164,3,12888.41
3046,1756,274,1,68042.92
3047,1757,49,3,12003.26
3048,1757,124,1,4959.35
3049,1757,75,1,37175.44
3050,1757,56,1,10178.97
3051,1758,205,1,9347.72
3052,1759,299,2,948.36
3053,1759,298,1,210.06
3054,1759,170,1,43956.72
3055,1759,2,3,1859.04
3056,1760,256,2,1796.7
3057,1760,212,1,9991.51
3058,1761,97,1,5823.6
3059,1761,264,1,1658.28
3060,1761,70,2,2574.58
3061,1762,180,1,15849.33
3062,1762,58,1,6468.8
3063,1763,152,3,6215.09
3064,1764,227,3,2224.82
3065,1764,216,1,65739.09
3066,1765,290,3,2714.75
3067,1765,227,1,2269.92
3068,1765,283,1,1214.66
3069,1766,265,1,9464.61
3070,1766,213,1,5080.1
3071,1767,107,2,5011.96
3072,1767,217,2,3413.81
3073,1767,13,1,896.26
3074,1768,80,1,71242.3
3075,1769,142,1,12920.34
3076,1769,113,3,1846.36
3077,1769,86,2,4004.28
3078,1769,20,2,738.62
3079,1770,273,2,1397.07
3080,1770,169,1,6902.59
3081,1770,132,2,17359.43
3082,1771,288,1,1094.9
3083,1771,229,1,44774.03
3084,1771,200,1,1029.39
3085,1772,123,1,3826.15
3086,1772,130,2,37694.65
3087,1773,126,1,978.46
3088,1773,92,3,58614.26
3089,1773,282,2,914.57
3090,1774,149,1,4911.47
3091,1774,143,1,1602.77
3092,1775,104,1,11116.96
3093,1776,117,1,1839.62
3094,1776,278,1,1715.37
3095,1776,237,1,4383.98
3096,1777,213,1,5022.16
3097,1778,198,1,9597.61
3098,1778,79,2,2668.71
3099,1778,41,3,7682.44
3100,1779,131,1,3530.6
3101,1780,192,4,13251.85
3102,1781,4,1,5787.61
3103,1781,2,2,1812.32
3104,1782,7,1,418.33
3105,1782,6,1,37040.89
3106,1783,134,1,3032.38
3107,1784,152,1,7269.13
3108,1784,132,1,16832.64
3109,1785,29,1,36552.23
3110,1786,4,1,5427.77
3111,1786,188,2,72036.82
3112,1787,111,1,6199.11
3113,1788,38,2,1657.93
3114,1789,82,1,5099.35
3115,1790,77,4,1376.17
3116,1791,84,1,20178.44
3117,1791,46,3,1519.21
3118,1792,102,1,2870.71
3119,1793,49,1,14067.77
3120,1793,180,1,15057.23
3121,1794,122,3,17448.14
3122,1794,218,2,2195.94
3123,1795,233,1,6866.46
3124,1796,118,1,5707.49
3125,1796,267,2,3040.67
3126,1796,295,2,5094.57
3127,1797,135,1,2738.19
3128,1797,175,1,6719.53
3129,1798,134,4,2824.6
3130,1799,208,1,7281.83
3131,1799,33,1,1229.94
3132,1800,136,3,507.35
3133,1801,149,2,4378.23
3134,1802,282,1,940.28
3135,1803,252,1,7603.06
3136,1804,162,1,39242.33
3137,1805,172,1,20584.13
3138,1806,224,2,4304.86
3139,1806,20,1,706.58
3140,1807,157,1,4175.67
3141,1807,145,1,516.76
3142,1808,261,1,1617.89
3143,1809,217,1,3335.04
3144,1810,230,2,4779.74
3145,1811,24,1,17729.11
3146,1812,248,3,635.94
3147,1812,204,1,73557.15
3148,1813,19,3,9913.97
3149,1813,194,1,6532.68
3150,1814,172,4,18667.16
3151,1815,41,2,7858.35
3152,1815,157,1,4394.34
3153,1816,250,1,4199.51
3154,1817,117,2,1713.71
3155,1818,80,1,82507.0
3156,1818,84,1,20913.35
3157,1819,216,1,70328.0
3158,1819,246,1,382.16
3159,1820,235,1,34760.36
3160,1820,87,4,39430.23
3161,1821,132,1,16619.91
3162,1821,171,1,3866.12
3163,1821,211,1,4019.55
3164,1822,150,2,1523.97
3165,1823,200,1,1001.67
3166,1823,154,2,39879.93
3167,1823,14,1,30896.44
3168,1824,281,2,6308.88
3169,1824,85,3,2908.87
3170,1824,268,3,13655.52
3171,1825,144,1,5292.94
3172,1826,177,1,5037.85
3173,1826,265,3,9174.01
3174,1826,61,2,4118.89
3175,1827,31,3,5113.63
3176,1828,56,2,8742.46
3177,1828,250,2,3972.41
3178,1828,33,1,1093.91
3179,1828,192,1,13566.22
3180,1829,139,2,3545.83
3181,1829,26,2,2750.02
3182,1829,57,1,51048.65
3183,1830,246,2,369.11
3184,1831,134,1,2604.82
3185,1832,180,2,16435.29
3186,1832,105,1,10233.65
3187,1833,156,2,6269.23
3188,1834,10,1,67081.59
3189,1834,299,1,1069.72
3190,1835,237,2,5112.74
3191,1836,181,3,14931.47
3192,1836,286,1,1858.74
3193,1837,290,2,2803.33
3194,1838,122,1,20155.99
3195,1838,292,1,1038.75
3196,1839,95,1,2331.43
3197,1839,256,2,1720.55
3198,1840,15,1,72784.72
3199,1840,108,1,36232.33
3200,1841,6,1,35485.81
3201,1841,249,1,46741.39
3202,1841,191,2,44541.07
3203,1842,18,2,1530.89
3204,1842,162,4,41159.93
3205,1843,69,2,5790.11
3206,1843,236,1,2106.04
3207,1844,60,3,30320.83
3208,1845,164,2,14023.94
3209,1846,201,3,5662.94
3210,1846,59,1,6443.93
3211,1847,16,1,5666.95
3212,1848,259,2,26521.47
3213,1848,35,1,40783.62
3214,1849,267,3,3003.71
3215,1850,74,1,19265.52
3216,1851,235,1,35482.96
3217,1851,186,1,2632.23
3218,1852,286,1,1679.32
3219,1852,127,1,39045.82
3220,1853,263,1,1051.74
3221,1854,147,1,17482.82
3222,1854,141,1,3942.95
3223,1855,256,1,1691.89
3224,1855,253,1,22112.51
3225,1855,12,1,34166.56
3226,1856,220,1,617.16
3227,1857,264,4,1855.28
3228,1857,148,1,50888.79
3229,1857,184,2,4862.14
3230,1858,124,1,4814.94
3231,1858,268,1,15099.62
3232,1859,210,1,15433.6
3233,1860,239,1,7440.49
3234,1860,22,1,3522.64
3235,1861,43,1,1102.72
3236,1861,204,1,75463.47
3237,1862,28,1,398.65
3238,1862,126,3,967.18
3239,1863,275,1,1134.69
3240,1864,115,2,1525.03
3241,1865,15,3,66812.06
3242,1866,142,3,13595.8
3243,1866,43,1,1095.8
3244,1867,281,1,5825.15
3245,1867,221,3,1310.79
3246,1868,294,4,1256.12
3247,1868,132,2,18054.46
3248,1868,293,1,1101.92
3249,1869,232,1,5928.93
3250,1870,194,1,6387.86
3251,1870,113,1,1779.19
3252,1871,243,1,10460.28
3253,1871,294,1,1153.23
3254,1872,50,1,43573.99
3255,1872,236,1,2199.37
3256,1873,159,1,41954.7
3257,1873,114,1,4850.43
3258,1873,94,1,1434.48
3259,1873,64,1,1586.87
3260,1874,52,1,1655.2
3261,1874,69,1,5365.45
3262,1874,212,1,8584.65
3263,1875,89,2,1678.3
3264,1876,3,2,7152.83
3265,1876,58,2,5920.67
3266,1876,260,1,22430.11
3267,1877,120,3,3512.73
3268,1877,298,1,233.67
3269,1877,91,1,4762.87
3270,1877,97,1,5740.9
3271,1878,145,1,538.3
3272,1879,40,3,1484.75
3273,1879,47,1,5520.04
3274,1880,238,1,1730.1
3275,1880,76,1,2855.03
3276,1881,241,1,776.6
3277,1881,86,1,3629.87
3278,1882,235,1,32807.39
3279,1882,65,1,1175.05
3280,1882,212,3,9451.85
3281,1883,69,1,5647.26
3282,1883,237,2,4328.17
3283,1883,87,3,40315.14
3284,1884,259,2,27191.84
3285,1885,156,1,6064.17
3286,1886,11,1,1011.06
3287,1887,216,2,73607.15
3288,1887,298,1,243.55
3289,1887,64,1,1719.27
3290,1888,230,2,4560.77
3291,1889,85,1,2767.72
3292,1889,164,2,14057.84
3293,1890,56,1,10022.92
3294,1890,120,1,3197.26
3295,1891,217,1,3316.71
3296,1892,297,1,4342.26
3297,1893,82,2,5208.05
3298,1893,28,1,390.62
3299,1893,211,1,4335.07
3300,1894,231,1,16053.71
3301,1895,109,2,12881.77
3302,1896,41,2,8608.85
3303,1897,73,1,474.7
3304,1898,168,2,7200.74
3305,1899,39,1,6724.25
3306,1900,140,1,10728.63
3307,1901,92,1,59773.65
3308,1902,33,1,1128.45
3309,1902,15,1,66170.26
3310,1903,54,1,14815.39
3311,1904,222,1,9307.53
3312,1905,109,1,13315.53
3313,1905,95,2,2395.14
3314,1905,98,1,4256.24
3315,1906,2,1,1933.49
3316,1906,71,1,4554.92
3317,1907,247,2,4663.18
3318,1907,146,1,1024.23
3319,1907,213,2,5685.02
3320,1908,179,1,1244.2
3321,1908,8,1,2931.96
3322,1909,215,2,5208.94
3323,1910,150,1,1498.34
3324,1910,97,1,5288.71
3325,1911,24,3,20128.61
3326,1911,195,1,2756.76
3327,1911,171,2,4132.81
3328,1911,183,3,6905.17
3329,1912,179,1,1240.51
3330,1913,212,3,8667.39
3331,1914,236,2,2334.08
3332,1915,287,2,1143.16
3333,1915,291,1,7232.9
3334,1915,271,1,18117.01
3335,1916,296,1,2592.58
3336,1917,252,1,8494.55
3337,1917,119,2,4928.41
3338,1917,214,3,29703.4
3339,1918,171,3,4497.11
3340,1918,85,1,2654.9
3341,1919,3,1,7312.42
3342,1919,45,1,550.89
3343,1920,293,1,1244.11
3344,1921,209,1,2315.29
3345,1922,262,1,5653.01
3346,1923,177,1,5377.54
3347,1923,46,1,1546.11
3348,1924,171,1,4108.38
3349,1924,276,1,47163.88
3350,1925,213,1,5017.83
3351,1925,90,1,16513.78
3352,1926,189,1,18507.87
3353,1927,189,3,19863.89
3354,1927,70,1,2237.7
3355,1928,150,1,1585.75
3356,1929,275,2,1096.63
3357,1929,170,1,42776.94
3358,1929,265,3,9401.1
3359,1930,210,1,15561.24
3360,1931,38,2,1462.25
3361,1931,165,1,7199.13
3362,1931,179,4,1234.3
3363,1932,198,1,9473.02
3364,1932,273,2,1434.99
3365,1933,113,1,1836.36
3366,1933,201,1,5640.79
3367,1934,252,1,8365.77
3368,1935,157,1,4336.4
3369,1935,13,1,928.1
3370,1936,274,1,67669.49
3371,1937,66,1,1415.09
3372,1938,232,2,5732.44
3373,1939,222,1,9253.01
3374,1940,198,2,9526.96
3375,1941,234,1,14008.77
3376,1941,130,2,40316.33
3377,1941,32,1,3035.72
3378,1942,233,1,6486.08
3379,1942,166,1,55273.04
3380,1942,262,1,5857.65
3381,1943,96,1,54793.95
3382,1944,50,1,41271.22
3383,1945,52,1,1642.43
3384,1946,210,1,14955.26
3385,1946,26,1,2412.59
3386,1946,210,1,14777.43
3387,1947,72,3,5566.59
3388,1947,45,2,566.42
3389,1948,105,3,11236.05
3390,1948,255,1,46517.1
3391,1948,18,1,1555.88
3392,1949,260,4,21562.61
3393,1949,274,1,76679.4
3394,1950,41,3,8022.45
3395,1950,108,1,39401.66
3396,1951,220,2,625.98
3397,1952,139,2,3225.15
3398,1953,71,2,4879.35
3399,1953,160,1,2936.47
3400,1953,70,2,2269.53
3401,1954,3,1,7416.01
3402,1955,38,2,1479.6
3403,1956,274,1,70854.06
3404,1956,207,1,15640.99
3405,1956,246,1,341.78
3406,1957,273,1,1359.3
3407,1957,53,3,47835.88
3408,1958,173,2,25389.18
3409,1959,105,1,9727.54
3410,1959,78,1,4360.01
3411,1960,108,1,38116.24
3412,1961,57,2,50441.28
3413,1962,170,1,41954.75
3414,1963,51,1,684.55
3415,1963,35,2,44364.57
3416,1964,62,3,13057.63
3417,1965,187,1,1004.71
3418,1965,167,1,22772.97
3419,1965,249,1,45107.25
3420,1966,299,2,944.32
3421,1967,70,3,2380.87
3422,1968,281,1,6373.89
3423,1969,85,1,2694.22
3424,1969,29,2,36655.16
3425,1970,242,1,8216.48
3426,1970,61,1,4734.87
3427,1970,82,2,5078.15
3428,1970,205,1,9038.35
3429,1971,242,4,7403.71
3430,1972,207,1,15769.17
3431,1972,43,1,1230.51
3432,1973,64,3,1633.14
3433,1974,158,1,59925.48
3434,1975,287,1,1140.2
3435,1976,51,1,766.33
3436,1977,177,1,4888.92
3437,1977,300,1,1063.75
3438,1977,159,1,42470.85
3439,1978,80,1,77045.88
3440,1978,247,1,4646.48
3441,1979,52,1,1588.22
3442,1979,113,1,1773.51
3443,1979,56,1,9744.23
3444,1980,215,1,5471.11
3445,1980,295,2,5211.82
3446,1980,276,1,50249.78
3447,1981,24,1,19369.05
3448,1981,285,2,384.58
3449,1982,179,1,1373.22
3450,1983,12,1,31559.16
3451,1984,39,1,7648.16
3452,1985,22,1,3760.68
3453,1986,139,3,3568.51
3454,1987,213,1,5045.18
3455,1988,137,1,1574.01
3456,1988,2,2,1929.06
3457,1989,91,1,4408.14
3458,1990,199,1,1785.77
3459,1990,146,1,1082.59
3460,1991,247,2,5477.3
3461,1992,228,1,43980.48
3462,1993,27,1,3244.77
3463,1994,213,1,4946.43
3464,1994,8,1,2858.21
3465,1995,13,2,807.61
3466,1995,153,1,5255.04
3467,1995,295,1,5193.59
3468,1996,297,1,4062.58
3469,1996,230,1,4539.04
3470,1997,161,1,6050.31
3471,1997,223,1,5644.97
3472,1997,293,1,1119.71
3473,1998,298,2,238.87
3474,1999,211,2,4407.1
3475,1999,60,1,35804.18
3476,1999,91,1,4901.34
3477,2000,103,1,1797.24
3478,2000,73,1,441.82
3479,2001,288,2,1233.75
3480,2001,182,1,42240.41
3481,2001,123,2,4173.83
3482,2002,100,1,7823.29
3483,2003,246,1,390.47
3484,2003,72,1,5632.0
3485,2003,218,1,2131.51
3486,2004,119,1,5297.13
3487,2004,16,1,5223.17
3488,2005,160,2,2708.12
3489,2006,31,1,5454.08
3490,2007,278,2,1675.43
3491,2008,65,1,1063.63
3492,2008,287,3,1107.59
3493,2008,199,1,1576.52
3494,2009,220,2,672.89
3495,2009,36,1,2828.78
3496,2009,73,1,442.61
3497,2010,2,1,2066.23
3498,2010,139,1,3441.8
3499,2011,86,1,3503.99
3500,2012,30,1,4672.81
3501,2013,95,1,2335.44
3502,2014,172,1,20206.12
3503,2014,163,4,1959.4
3504,2015,193,1,18975.21
3505,2016,250,2,3746.16
3506,2016,120,1,3142.92
3507,2017,265,2,9453.08
3508,2018,66,3,1531.43
3509,2019,156,1,5475.58
3510,2020,297,1,4498.81
3511,2021,4,1,5709.54
3512,2021,12,4,29857.14
3513,2021,164,1,14261.39
3514,2022,220,1,593.53
3515,2022,41,1,7888.68
3516,2023,207,2,16732.91
3517,2023,11,1,959.56
3518,2024,169,1,6818.99
3519,2025,61,1,4239.96
3520,2025,57,2,48696.21
3521,2026,295,1,5535.07
3522,2027,257,2,3888.85
3523,2028,106,1,39608.11
3524,2028,184,3,4998.13
3525,2029,295,1,5463.83
3526,2030,204,3,79034.1
3527,2030,218,1,2409.86
3528,2031,213,3,5087.23
3529,2031,153,1,4569.07
3530,2031,37,1,43554.21
3531,2032,8,4,2940.07
3532,2032,140,1,9655.74
3533,2033,175,1,6090.73
3534,2034,237,1,4516.87
3535,2035,10,1,69505.89
3536,2035,120,2,3555.28
3537,2036,109,1,12625.33
3538,2037,220,2,647.0
3539,2037,169,2,6731.94
3540,2037,113,1,1637.5
3541,2038,217,3,3373.67
3542,2038,242,1,7172.88
3543,2039,189,2,17468.81
3544,2040,254,2,13411.39
3545,2041,162,1,38104.04
3546,2042,251,1,1087.78
3547,2043,220,1,636.01
3548,2043,196,1,274.92
3549,2043,146,1,1125.9
3550,2043,152,1,6259.16
3551,2044,203,1,5185.28
3552,2044,257,2,4231.24
3553,2045,217,1,3325.63
3554,2045,114,3,4978.3
3555,2046,14,1,32127.55
3556,2047,289,1,4104.83
3557,2048,77,1,1224.29
3558,2049,250,2,3980.08
3559,2049,30,2,4880.18
3560,2049,81,1,3911.55
3561,2049,8,1,3072.36
3562,2050,113,1,1765.03
3563,2050,28,4,390.26
3564,2051,269,4,7105.71
3565,2052,123,1,3950.77
3566,2052,76,1,2886.76
3567,2052,93,1,4712.64
3568,2052,25,1,2414.44
3569,2053,62,2,13755.75
3570,2054,24,1,19653.87
3571,2054,2,1,2043.68
3572,2055,260,1,19810.68
3573,2055,205,1,8997.71
3574,2055,112,1,6546.27
3575,2056,76,1,2996.52
3576,2056,64,1,1526.08
3577,2057,112,2,5992.17
3578,2057,81,2,3715.78
3579,2057,243,1,12043.66
3580,2058,178,1,12884.23
3581,2058,26,1,2402.49
3582,2058,126,4,1009.02
3583,2059,44,1,19413.45
3584,2060,43,1,1200.16
3585,2060,192,1,12711.59
3586,2061,148,1,49954.47
3587,2061,57,1,45667.48
3588,2062,197,2,1005.76
3589,2063,134,2,3005.81
3590,2063,119,2,5491.38
3591,2063,8,2,3113.63
3592,2064,186,1,2937.5
3593,2064,83,1,6341.12
3594,2064,211,1,3990.56
3595,2065,99,2,16335.42
3596,2066,196,1,279.97
3597,2067,188,1,71731.6
3598,2068,43,4,1101.25
3599,2069,28,1,438.12
3600,2069,131,1,3416.35
3601,2070,83,1,6081.02
3602,2070,273,1,1357.6
3603,2071,37,3,46355.69
3604,2072,48,1,822.97
3605,2072,143,2,1581.96
3606,2073,263,1,1206.33
3607,2074,128,1,5194.92
3608,2074,134,4,2686.17
3609,2074,275,1,1070.89
3610,2075,181,1,13507.23
3611,2075,261,1,1570.9
3612,2075,95,1,2510.64
3613,2076,52,1,1635.62
3614,2077,219,3,1459.98
3615,2078,76,2,2735.32
3616,2078,54,1,14178.06
3617,2078,184,1,5219.26
3618,2079,229,1,50343.78
3619,2080,272,1,43791.75
3620,2080,43,4,1191.95
3621,2080,266,1,3449.17
3622,2081,52,4,1531.47
3623,2082,208,1,7493.42
3624,2083,3,1,6556.86
3625,2083,156,2,5921.8
3626,2084,259,1,30087.42
3627,2085,51,1,788.52
3628,2085,254,1,13391.28
3629,2086,25,2,2241.27
3630,2086,118,1,5560.33
3631,2086,55,1,618.07
3632,2086,1,2,438.59
3633,2087,84,1,22650.49
3634,2087,280,1,26819.68
3635,2088,269,3,6439.32
3636,2089,52,1,1723.79
3637,2089,166,1,52277.83
3638,2090,45,1,599.97
3639,2090,271,1,15774.74
3640,2091,64,4,1592.88
3641,2092,266,1,3565.11
3642,2093,78,1,3927.93
3643,2094,44,1,16994.32
3644,2095,280,4,28409.31
3645,2095,42,1,4274.0
3646,2096,189,1,17705.99
3647,2096,190,1,16168.7
3648,2096,103,1,1844.57
3649,2097,214,1,31705.99
3650,2097,230,1,4385.16
3651,2097,185,1,2636.8
3652,2098,232,1,5476.95
3653,2098,83,4,6246.15
3654,2099,74,1,18201.34
3655,2099,149,2,4815.05
3656,2100,53,2,46749.33
3657,2101,34,1,1943.37
3658,2102,46,1,1439.12
3659,2102,9,2,8856.18
3660,2103,107,3,5667.67
3661,2104,88,1,63290.92
3662,2104,9,1,8298.63
3663,2104,202,1,25261.48
3664,2105,133,2,5105.71
3665,2105,91,1,4703.48
3666,2106,61,1,4104.79
3667,2107,144,1,5250.92
3668,2108,231,2,14818.28
3669,2109,10,1,72836.42
3670,2110,99,2,18288.55
3671,2110,125,1,1114.71
3672,2111,196,2,315.16
3673,2111,249,2,41355.5
3674,2111,205,2,8604.81
3675,2112,186,1,2851.96
3676,2113,239,1,6764.27
3677,2113,191,3,52050.3
3678,2114,143,2,1559.4
3679,2114,201,2,6362.63
3680,2115,120,3,3104.63
3681,2116,269,1,6798.94
3682,2117,78,1,3854.7
3683,2118,193,2,18956.95
3684,2118,3,2,7742.19
3685,2119,219,1,1473.43
3686,2119,48,2,902.05
3687,2119,175,1,6780.43
3688,2120,67,3,4956.18
3689,2120,11,1,1086.14
3690,2121,198,1,8273.74
3691,2121,206,4,7216.09
3692,2122,238,1,1632.89
3693,2122,229,1,48061.27
3694,2123,138,1,63034.3
3695,2124,280,1,27154.94
3696,2125,247,2,4685.31
3697,2125,17,2,258.5
3698,2125,113,1,1850.09
3699,2126,203,1,6102.79
3700,2127,197,1,993.31
3701,2127,260,2,20212.31
3702,2127,168,1,6680.75
3703,2128,124,1,5495.82
3704,2129,46,3,1664.43
3705,2130,292,1,936.79
3706,2130,139,2,3213.65
3707,2131,247,1,5337.11
3708,2131,291,1,8335.18
3709,2132,202,3,26208.7
3710,2132,45,1,594.96
3711,2133,158,1,55377.73
3712,2134,122,1,20098.65
3713,2135,184,2,4933.1
3714,2135,100,3,8046.77
3715,2136,44,1,18497.97
3716,2136,224,2,4386.88
3717,2137,271,1,16222.8
3718,2138,12,1,31068.77
3719,2139,66,3,1491.14
3720,2139,136,1,514.68
3721,2140,215,1,5975.88
3722,2140,80,1,73635.53
3723,2141,172,2,20338.51
3724,2142,90,1,15558.72
3725,2142,107,1,5395.97
3726,2142,123,2,3594.54
3727,2143,113,1,1856.61
3728,2144,88,1,58291.44
3729,2145,50,2,40791.63
3730,2146,171,2,4228.78
3731,2147,232,1,5297.2
3732,2147,87,1,37055.56
3733,2148,91,1,4861.7
3734,2149,276,3,47851.62
3735,2150,92,2,57337.84
3736,2151,135,2,3166.01
3737,2152,103,2,1768.26
3738,2153,47,1,5109.7
3739,2154,114,1,4934.98
3740,2155,87,1,36747.98
3741,2155,99,2,17421.73
3742,2155,240,4,8967.91
3743,2156,270,1,17074.74
3744,2157,33,3,1175.46
3745,2158,53,1,50564.67
3746,2158,114,1,4567.04
3747,2159,162,1,43125.24
3748,2160,285,1,359.15
3749,2161,249,2,45054.79
3750,2162,1,1,424.53
3751,2163,212,2,8954.73
3752,2164,292,3,997.69
3753,2165,55,1,609.89
3754,2166,108,1,36118.96
3755,2167,78,1,3791.01
3756,2168,64,2,1540.63
3757,2168,120,3,3357.81
3758,2168,248,1,726.86
3759,2169,23,3,736.89
3760,2169,141,4,3990.66
3761,2170,274,2,72415.59
3762,2170,32,1,2682.35
3763,2171,233,2,6493.31
3764,2172,201,4,5517.42
3765,2172,62,1,13796.36
3766,2173,234,1,14617.59
3767,2173,67,2,4778.59
3768,2174,136,1,555.74
3769,2175,270,1,15802.37
3770,2175,215,1,5349.8
3771,2175,147,1,16941.33
3772,2176,33,1,1129.56
3773,2176,30,1,4497.88
3774,2177,10,1,62507.55
3775,2178,19,4,10367.03
3776,2179,66,1,1516.37
3777,2180,154,2,39347.35
3778,2180,295,1,5455.99
3779,2181,254,1,14360.18
3780,2181,53,1,46632.44
3781,2181,260,1,21792.36
3782,2182,276,1,45844.54
3783,2182,176,3,60612.89
3784,2183,90,2,16858.07
3785,2184,106,1,37327.25
3786,2185,148,1,45897.0
3787,2185,72,1,5380.63
3788,2186,212,1,9470.08
3789,2186,200,1,927.09
3790,2187,51,2,710.71
3791,2187,11,1,1070.34
3792,2188,60,1,33454.69
3793,2188,115,1,1474.95
3794,2189,76,2,2696.98
3795,2189,169,1,7012.89
3796,2190,144,1,5154.3
3797,2190,118,1,5870.23
3798,2191,104,3,10880.99
3799,2191,218,2,2314.9
3800,2192,26,1,2540.6
3801,2192,106,1,35506.75
3802,2193,81,2,3565.26
3803,2193,232,1,5357.95
3804,2193,249,1,47907.17
3805,2194,254,3,13735.44
3806,2194,155,2,5024.31
3807,2195,276,1,52594.25
3808,2195,285,1,382.35
3809,2196,273,1,1432.8
3810,2196,84,1,23972.13
3811,2196,110,1,6809.54
3812,2197,79,1,2608.19
3813,2197,198,1,9333.96
3814,2197,128,1,5984.77
3815,2198,192,1,14483.91
3816,2199,24,1,19684.66
3817,2199,41,2,8934.24
3818,2199,95,1,2319.55
3819,2200,293,1,1157.6
3820,2200,109,4,13187.92
3821,2200,82,1,4391.52
3822,2200,187,1,1123.72
3823,2201,299,3,1044.46
3824,2202,43,1,1224.44
3825,2203,112,1,6476.88
3826,2204,267,1,3097.81
3827,2204,287,2,1092.93
3828,2205,263,3,1210.34
3829,2205,107,1,5787.41
3830,2205,159,2,42240.1
3831,2205,263,1,1028.31
3832,2206,127,2,35418.67
3833,2207,267,3,2911.89
3834,2207,210,2,14306.02
3835,2208,57,1,47385.05
3836,2208,62,1,13544.59
3837,2209,175,1,6306.96
3838,2209,170,1,42444.64
3839,2210,264,1,1744.11
3840,2210,87,1,37681.27
3841,2211,217,1,3579.13
3842,2211,277,2,9086.52
3843,2212,213,1,5300.4
3844,2213,145,1,587.35
3845,2214,285,1,368.2
3846,2215,152,1,7323.09
3847,2216,129,1,47730.67
3848,2216,229,1,51246.5
3849,2217,45,4,639.3
3850,2217,236,1,2023.83
3851,2217,72,1,5747.82
3852,2218,71,2,5134.59
3853,2219,34,1,1865.59
3854,2219,183,1,7464.55
3855,2220,39,1,7620.91
3856,2221,260,2,19298.24
3857,2222,19,1,9314.37
3858,2223,124,2,4920.02
3859,2224,128,1,5341.85
3860,2224,34,2,1977.98
3861,2224,271,1,15984.06
3862,2225,261,2,1439.78
3863,2226,288,1,1122.77
3864,2227,269,3,7409.6
3865,2228,34,1,1934.83
3866,2228,46,2,1544.97
3867,2228,281,2,5852.01
3868,2229,65,1,1109.63
3869,2230,192,1,12843.24
3870,2230,72,1,5533.69
3871,2230,221,1,1310.2
3872,2231,251,1,1069.44
3873,2231,40,3,1539.9
3874,2232,287,1,1070.43
3875,2232,110,1,6697.2
3876,2233,119,2,5147.18
3877,2234,295,1,5363.32
3878,2234,281,1,6815.68
3879,2235,200,3,1054.54
3880,2235,7,2,423.49
3881,2235,102,1,2679.37
3882,2236,119,1,4962.09
3883,2237,272,1,38342.44
3884,2238,35,1,40912.01
3885,2239,266,1,3618.02
3886,2239,296,1,2536.04
3887,2239,70,1,2573.15
3888,2240,59,1,6359.74
3889,2240,296,1,2456.8
3890,2241,281,1,5736.92
3891,2242,128,1,5301.17
3892,2243,233,1,6820.64
3893,2244,292,3,938.36
3894,2244,268,3,13674.09
3895,2244,97,1,5602.28
3896,2245,153,1,4825.65
3897,2246,29,1,34475.1
3898,2247,154,1,36891.51
3899,2247,14,1,33827.83
3900,2248,45,1,642.65
3901,2249,119,2,5036.87
3902,2249,38,1,1470.52
3903,2250,84,1,20307.29
3904,2250,199,1,1838.05
3905,2251,286,1,1714.47
3906,2251,83,1,6405.7
3907,2252,191,4,48255.71
3908,2252,143,1,1681.68
3909,2253,198,1,9833.83
3910,2254,37,1,42633.55
3911,2254,219,1,1562.1
3912,2254,177,3,5496.6
3913,2255,175,2,6280.88
3914,2255,24,2,19984.66
3915,2255,290,1,2720.55
3916,2256,53,3,44093.29
3917,2257,5,1,70604.47
3918,2257,45,2,583.11
3919,2258,205,4,8616.44
3920,2258,42,1,4519.27
3921,2259,282,1,921.73
3922,2259,188,3,72372.8
3923,2260,96,1,56171.61
3924,2261,11,2,1024.9
3925,2262,29,1,38524.47
3926,2263,202,3,26741.83
3927,2263,145,2,497.81
3928,2264,203,1,5655.9
3929,2264,118,2,5379.76
3930,2264,60,2,35179.87
3931,2265,266,2,3353.55
3932,2266,142,1,11815.81
3933,2266,278,2,1570.49
3934,2267,53,3,46862.3
3935,2268,182,1,44785.19
3936,2269,90,1,16484.64
3937,2270,89,1,1727.69
3938,2271,234,2,14466.98
3939,2271,6,1,34389.47
3940,2271,152,2,7016.18
3941,2272,141,3,4209.83
3942,2273,290,1,2715.1
3943,2273,14,1,33774.95
3944,2273,282,3,949.48
3945,2274,296,1,2636.86
3946,2275,66,1,1438.12
3947,2276,185,1,2600.2
3948,2277,244,2,72436.15
3949,2277,296,1,2464.12
3950,2278,103,1,1805.8
3951,2278,83,1,6201.29
3952,2279,116,1,40327.25
3953,2280,88,2,53945.62
3954,2281,179,1,1243.39
3955,2281,280,4,28378.66
3956,2282,152,1,6652.71
3957,2283,244,1,73033.41
3958,2283,281,1,6790.46
3959,2283,292,1,948.39
3960,2283,272,1,37440.55
3961,2284,109,1,12080.0
3962,2285,135,2,2879.13
3963,2286,80,1,76805.33
3964,2286,249,1,47374.66
3965,2286,181,1,14139.15
3966,2287,275,1,1124.78
3967,2288,268,1,13811.88
3968,2289,218,1,2456.41
3969,2289,294,1,1283.0
3970,2290,210,1,15268.95
3971,2291,48,3,876.97
3972,2292,170,1,39058.88
3973,2293,217,2,3472.92
3974,2293,208,1,7120.37
3975,2294,122,1,19973.17
3976,2294,45,1,568.21
3977,2295,139,1,3555.18
3978,2295,62,1,15211.38
3979,2296,237,2,4523.48
3980,2296,111,4,6678.26
3981,2296,297,1,3967.85
3982,2296,284,2,6632.03
3983,2297,244,1,76855.35
3984,2297,90,3,17191.14
3985,2298,103,1,1866.09
3986,2299,39,1,6995.31
3987,2299,28,2,390.99
3988,2300,139,2,3596.87
3989,2300,99,2,17150.44
3990,2300,102,2,2880.5
3991,2301,217,1,3378.23
3992,2302,298,1,246.02
3993,2302,5,1,73909.67
3994,2303,117,4,1902.67
3995,2304,72,1,5220.31
3996,2305,169,1,7625.25
3997,2305,57,2,46449.9
3998,2306,290,1,2452.67
3999,2307,187,3,1014.43
4000,2308,268,2,15010.15
4001,2309,191,1,50461.85
4002,2309,271,2,16349.42
4003,2310,104,1,12361.09
4004,2310,238,1,1704.64
4005,2311,112,3,5904.67
4006,2311,109,1,11767.72
4007,2311,122,1,17903.69
4008,2312,233,2,6764.71
4009,2312,239,1,6908.77
4010,2313,180,1,15851.45
4011,2313,78,1,3936.71
4012,2313,109,3,12706.55
4013,2313,162,3,42059.93
4014,2314,160,2,2771.91
4015,2315,140,1,9854.21
4016,2316,260,1,20513.23
4017,2316,6,3,34658.28
4018,2317,20,1,769.8
4019,2317,65,1,1026.56
4020,2318,270,1,15256.5
4021,2318,51,1,791.18
4022,2318,214,1,30200.9
4023,2319,288,1,1267.22
4024,2319,99,1,17610.49
4025,2320,257,1,4156.62
4026,2321,121,1,72350.97
4027,2321,148,1,49729.38
4028,2322,130,2,38362.34
4029,2323,90,2,17983.89
4030,2324,130,1,40449.09
4031,2324,47,1,5360.24
4032,2325,7,3,414.73
4033,2325,94,1,1488.95
4034,2326,55,1,670.22
4035,2327,123,1,4235.56
4036,2327,131,1,3251.66
4037,2328,175,1,6815.92
4038,2328,28,1,425.28
4039,2328,216,1,67730.41
4040,2329,43,3,1089.62
4041,2330,70,3,2248.47
4042,2331,279,2,904.96
4043,2332,256,3,1609.8
4044,2333,170,2,44922.47
4045,2334,72,1,5424.99
4046,2335,272,2,40237.83
4047,2336,297,4,4196.61
4048,2337,195,2,2692.82
4049,2338,78,2,4368.79
4050,2338,107,2,4948.01
4051,2338,4,1,5837.3
4052,2339,244,1,74268.53
4053,2340,289,2,4391.8
4054,2341,174,1,7666.66
4055,2342,163,1,1909.37
4056,2342,158,1,56447.33
4057,2342,84,1,20206.46
4058,2343,28,1,418.46
4059,2344,91,1,4871.49
4060,2344,62,1,13279.12
4061,2344,233,3,5909.99
4062,2345,13,3,955.77
4063,2346,259,1,26055.35
4064,2347,26,1,2415.87
4065,2348,157,1,4360.01
4066,2348,268,1,14583.47
4067,2349,83,1,5582.13
4068,2349,238,1,1479.02
4069,2349,29,1,38324.56
4070,2350,67,1,5524.16
4071,2351,273,1,1503.55
4072,2351,73,2,450.74
4073,2351,199,1,1735.9
4074,2351,148,3,43220.07
4075,2352,53,1,47984.97
4076,2353,100,1,7979.14
4077,2353,180,3,16590.01
4078,2354,167,3,22776.89
4079,2354,249,2,46770.73
4080,2354,66,1,1580.65
4081,2355,143,1,1617.55
4082,2356,123,1,4026.81
4083,2356,53,1,44704.91
4084,2357,275,1,1107.03
4085,2357,88,3,56947.82
4086,2358,138,1,65422.78
4087,2359,195,1,2603.66
4088,2360,263,2,1078.17
4089,2360,50,1,41322.98
4090,2360,160,1,3091.56
4091,2361,19,1,8960.63
4092,2361,129,1,45699.8
4093,2361,293,2,1119.76
4094,2362,154,1,39355.66
4095,2362,292,1,926.38
4096,2362,223,1,4993.78
4097,2362,87,1,37559.5
4098,2363,300,1,965.97
4099,2363,213,2,5067.61
4100,2364,9,2,8356.59
4101,2364,237,1,5099.1
4102,2365,156,1,5492.85
4103,2366,293,3,1135.88
4104,2366,202,1,25857.92
4105,2367,38,2,1536.47
4106,2368,122,1,18742.95
4107,2369,231,1,14787.67
4108,2369,172,1,21257.33
4109,2370,11,2,965.94
4110,2371,17,1,269.09
4111,2371,85,2,2818.43
4112,2372,85,1,2914.32
4113,2372,170,1,40503.55
4114,2373,114,1,5011.68
4115,2373,85,1,2504.68
4116,2373,122,1,20216.84
4117,2374,56,1,9069.66
4118,2375,205,1,8710.0
4119,2376,14,3,29197.2
4120,2376,271,1,17393.73
4121,2377,230,3,4183.62
4122,2378,19,1,9630.25
4123,2379,196,2,310.29
4124,2379,135,1,3116.7
4125,2379,176,2,64273.83
4126,2380,120,1,3175.15
4127,2381,90,1,16951.85
4128,2382,290,1,2458.35
4129,2383,55,1,635.22
4130,2383,212,1,8573.97
4131,2383,152,1,7223.95
4132,2383,287,1,1207.53
4133,2384,143,2,1702.66
4134,2384,151,1,2682.61
4135,2385,266,1,3594.61
4136,2385,189,1,19328.55
4137,2386,136,2,560.46
4138,2386,257,1,4169.19
4139,2387,254,1,12756.3
4140,2388,11,1,1012.24
4141,2389,70,1,2575.1
4142,2390,278,1,1546.18
4143,2390,275,1,1138.31
4144,2391,143,1,1619.1
4145,2392,111,3,6191.82
4146,2392,289,1,4356.88
4147,2392,13,1,913.64
4148,2393,3,4,6690.57
4149,2394,191,4,47073.81
4150,2395,29,1,36776.5
4151,2396,60,1,34721.9
4152,2397,23,1,742.82
4153,2398,280,1,28784.79
4154,2398,17,2,265.31
4155,2398,275,1,1240.28
4156,2398,41,2,8728.67
4157,2399,269,2,6436.52
4158,2400,100,1,7329.42
4159,2400,128,2,5696.69
4160,2401,41,1,8459.9
4161,2401,85,3,2731.02
4162,2402,44,1,17595.51
4163,2403,63,2,2091.76
4164,2404,135,1,2768.52
4165,2404,146,1,994.96
4166,2405,188,1,73062.04
4167,2405,276,2,51630.73
4168,2405,14,1,34140.13
4169,2406,82,1,4645.81
4170,2406,173,1,25971.99
4171,2407,142,2,13399.54
4172,2408,175,1,6659.98
4173,2409,89,1,1716.22
4174,2409,97,1,5213.48
4175,2410,214,1,30583.21
4176,2411,57,1,48831.7
4177,2412,26,1,2359.24
4178,2412,190,1,14755.04
4179,2413,171,2,4166.28
4180,2413,235,1,31503.21
4181,2413,197,1,1132.56
4182,2413,86,1,3674.98
4183,2414,143,2,1751.44
4184,2414,153,1,5280.81
4185,2414,31,2,5021.36
4186,2415,30,3,5201.58
4187,2415,291,1,7378.55
4188,2416,235,1,36782.57
4189,2416,247,1,5263.18
4190,2416,199,2,1621.15
4191,2416,256,1,1578.63
4192,2417,129,1,48070.42
4193,2418,49,3,12496.67
4194,2419,182,1,49500.78
4195,2420,16,1,5767.33
4196,2420,287,1,1215.62
4197,2421,184,2,4711.14
4198,2421,169,1,7435.95
4199,2421,212,1,8559.84
4200,2422,129,2,46859.64
4201,2422,192,1,13275.53
4202,2422,136,2,568.77
4203,2423,67,2,5552.75
4204,2423,55,1,636.5
4205,2424,44,1,17178.69
4206,2425,273,1,1425.62
4207,2426,110,1,6953.47
4208,2426,166,3,57551.04
4209,2427,59,1,6152.88
4210,2427,119,1,5300.52
4211,2428,144,1,4969.87
4212,2428,281,1,5976.67
4213,2429,270,1,16490.76
4214,2430,166,1,58140.17
4215,2431,94,1,1609.59
4216,2432,44,1,18918.27
4217,2432,286,1,1763.9
4218,2433,209,1,2319.04
4219,2434,103,2,1863.5
4220,2434,291,2,8009.72
4221,2434,206,1,7827.15
4222,2435,249,2,41917.53
4223,2435,80,1,80250.62
4224,2435,115,1,1596.13
4225,2436,122,2,19048.14
4226,2436,243,1,11233.31
4227,2437,257,1,4000.59
4228,2438,145,1,579.11
4229,2439,181,1,13512.17
4230,2440,122,1,17828.91
4231,2441,120,1,3244.05
4232,2442,167,1,25678.34
4233,2443,271,3,16565.42
4234,2443,24,1,19519.97
4235,2443,85,1,2856.12
4236,2444,80,1,76680.56
4237,2444,176,1,57476.22
4238,2444,174,2,7513.66
4239,2445,272,3,40486.97
4240,2445,36,1,2706.69
4241,2445,214,1,32129.97
4242,2446,124,1,4975.47
4243,2447,20,3,702.03
4244,2447,249,1,47953.68
4245,2448,2,4,2032.02
4246,2449,269,2,7162.45
4247,2449,81,1,3865.42
4248,2450,55,1,642.15
4249,2450,92,3,62002.74
4250,2451,284,1,6067.56
4251,2452,242,3,7950.94
4252,2453,141,1,4646.76
4253,2454,103,3,1999.15
4254,2455,46,1,1687.57
4255,2456,160,2,2891.94
4256,2457,226,1,6607.22
4257,2457,33,1,1207.09
4258,2457,26,1,2739.42
4259,2458,232,1,5216.51
4260,2459,220,2,568.51
4261,2460,130,3,40082.97
4262,2460,210,2,15770.49
4263,2460,153,2,4516.92
4264,2461,192,1,12830.83
4265,2461,59,1,6050.82
4266,2461,249,1,42385.74
4267,2462,239,2,7850.31
4268,2463,247,1,5105.35
4269,2463,51,3,792.82
4270,2463,133,3,4818.46
4271,2464,88,1,58784.76
4272,2465,155,2,5300.55
4273,2465,129,3,50105.75
4274,2466,126,1,898.53
4275,2466,274,2,70329.29
4276,2466,185,1,2571.11
4277,2467,289,1,4655.91
4278,2468,157,1,4499.83
4279,2469,225,1,4578.78
4280,2469,89,3,1541.55
4281,2470,142,2,12162.44
4282,2470,127,1,33167.05
4283,2471,230,2,4387.17
4284,2471,170,2,45269.56
4285,2471,97,1,5754.53
4286,2472,241,2,685.85
4287,2473,239,1,6708.34
4288,2474,41,1,8040.82
4289,2474,120,4,3529.11
4290,2475,169,1,6695.34
4291,2476,268,1,15198.83
4292,2477,282,3,1030.2
4293,2478,75,1,40934.71
4294,2479,123,1,3950.24
4295,2480,44,1,17171.58
4296,2480,21,2,23151.5
4297,2481,101,1,425.81
4298,2482,255,2,45345.29
4299,2483,121,2,72382.92
4300,2483,64,1,1739.06
4301,2484,73,2,420.72
4302,2484,210,1,15390.69
4303,2485,166,3,55716.62
4304,2485,139,3,3550.17
4305,2486,110,2,7025.69
4306,2486,283,1,1153.78
4307,2486,43,1,1215.18
4308,2487,233,2,6379.25
4309,2488,299,1,1017.45
4310,2488,241,1,734.07
4311,2488,162,1,43149.75
4312,2489,181,2,13348.32
4313,2489,257,1,3886.6
4314,2489,42,1,4582.74
4315,2490,243,3,11360.61
4316,2491,51,3,772.31
4317,2491,44,1,18303.55
4318,2491,14,2,29336.01
4319,2492,31,1,5301.4
4320,2492,189,2,18895.43
4321,2493,28,2,420.51
4322,2493,208,1,7092.63
4323,2493,29,2,38219.42
4324,2494,62,1,14922.68
4325,2494,110,1,7217.49
4326,2495,258,1,5450.95
4327,2495,47,3,5235.79
4328,2495,107,1,5653.51
4329,2495,33,2,1125.02
4330,2496,66,1,1426.85
4331,2497,161,1,5592.9
4332,2497,226,2,6688.79
4333,2498,158,1,60981.38
4334,2499,188,1,70092.64
4335,2499,107,1,5855.82
4336,2499,60,2,35468.38
4337,2500,198,2,8818.93
4338,2501,250,2,3981.38
4339,2502,181,3,13407.71
4340,2502,32,1,2988.49
4341,2502,299,1,1020.7
4342,2503,58,2,6515.27
4343,2504,165,1,7463.33
4344,2504,231,1,16018.84
4345,2505,295,2,5557.87
4346,2506,163,1,1992.79
4347,2506,276,1,44620.46
4348,2507,130,2,38854.94
4349,2507,24,1,19146.09
4350,2507,46,2,1444.64
4351,2508,275,3,1090.6
4352,2508,27,2,3508.14
4353,2508,277,2,8213.79
4354,2509,131,1,3558.37
4355,2510,287,1,1080.79
4356,2510,296,2,2597.21
4357,2511,24,1,19153.66
4358,2512,187,2,1139.32
4359,2512,9,1,9021.43
4360,2512,96,1,49678.03
4361,2513,285,1,347.24
4362,2513,300,1,1030.23
4363,2514,42,1,4905.74
4364,2515,300,1,940.22
4365,2516,55,1,624.73
4366,2517,102,1,2811.11
4367,2517,157,1,4923.23
4368,2517,66,2,1475.07
4369,2518,19,1,10149.82
4370,2519,59,1,6392.89
4371,2520,20,1,748.71
4372,2521,177,1,5407.57
4373,2521,193,1,18449.11
4374,2522,95,1,2241.85
4375,2522,251,1,996.55
4376,2523,234,3,15533.39
4377,2524,102,1,2838.07
4378,2525,107,1,5105.94
4379,2526,120,2,3079.81
4380,2526,183,1,8006.92
4381,2527,253,2,21934.41
4382,2527,75,2,39371.97
4383,2527,100,1,8272.22
4384,2527,145,1,517.97
4385,2528,76,1,3107.83
4386,2528,198,1,9149.67
4387,2528,25,1,2202.93
4388,2529,298,1,209.89
4389,2529,85,1,2500.06
4390,2530,92,3,56194.38
4391,2531,82,1,4764.35
4392,2532,227,1,2037.82
4393,2532,51,1,729.56
4394,2532,182,2,49094.36
4395,2533,201,3,6185.88
4396,2533,227,1,2418.81
4397,2534,160,3,3042.9
4398,2535,184,2,5050.83
4399,2536,137,1,1610.57
4400,2537,33,1,1267.01
4401,2537,5,3,77407.67
4402,2538,72,2,5351.32
4403,2538,214,2,32852.43
4404,2538,214,1,32988.6
4405,2538,180,1,16404.22
4406,2539,223,1,5374.72
4407,2540,241,1,769.94
4408,2540,189,1,18202.05
4409,2540,143,1,1814.0
4410,2541,60,2,34813.44
4411,2541,36,2,2514.42
4412,2541,33,4,1093.87
4413,2542,33,2,1087.11
4414,2543,221,4,1391.3
4415,2544,205,1,9151.98
4416,2545,192,3,13043.7
4417,2545,153,2,4869.97
4418,2546,168,1,6741.17
4419,2547,77,1,1402.5
4420,2547,6,1,35862.42
4421,2547,250,1,3856.22
4422,2548,186,1,2833.78
4423,2548,285,1,335.6
4424,2549,234,2,15313.61
4425,2549,116,1,44122.38
4426,2550,140,1,10246.72
4427,2550,116,1,41662.18
4428,2551,16,3,5547.12
4429,2552,62,1,13479.24
4430,2552,87,1,42847.1
4431,2553,267,1,3202.48
4432,2553,53,1,49750.31
4433,2554,15,1,61271.3
4434,2555,186,2,2834.55
4435,2556,91,1,4829.55
4436,2557,37,1,43687.66
4437,2557,116,1,41844.01
4438,2558,13,3,907.71
4439,2559,134,1,3077.61
4440,2559,246,1,350.24
4441,2560,170,2,42069.0
4442,2560,277,4,8186.82
4443,2560,299,4,938.87
4444,2560,254,1,12469.87
4445,2561,231,1,13966.93
4446,2562,176,1,59430.52
4447,2563,26,2,2546.76
4448,2564,107,1,5758.47
4449,2565,274,1,76129.39
4450,2565,25,1,2136.02
4451,2565,234,2,13359.88
4452,2566,118,2,6245.21
4453,2567,279,4,864.59
4454,2568,56,1,9434.44
4455,2569,129,3,46183.04
4456,2570,243,3,12188.97
4457,2570,125,1,1294.4
4458,2571,251,1,1147.85
4459,2572,109,4,13036.88
4460,2572,141,1,4481.57
4461,2573,214,1,29448.26
4462,2573,93,1,4372.43
4463,2574,243,1,10802.63
4464,2574,210,1,15646.86
4465,2575,263,3,1028.31
4466,2576,189,1,20003.86
4467,2577,259,1,30317.23
4468,2578,175,2,6387.06
4469,2579,139,3,3279.42
4470,2579,278,1,1728.38
4471,2580,130,1,38078.17
4472,2580,84,1,22028.88
4473,2581,244,1,74152.21
4474,2581,100,1,7055.93
4475,2581,8,2,3040.05
4476,2582,17,1,259.36
4477,2582,219,1,1462.8
4478,2583,66,1,1443.65
4479,2584,116,1,46718.61
4480,2585,141,1,4553.54
4481,2585,116,1,40559.81
4482,2585,247,1,4757.52
4483,2586,253,1,19886.24
4484,2587,57,1,49135.46
4485,2588,19,1,10282.2
4486,2588,157,2,4527.61
4487,2588,255,2,51981.46
4488,2589,93,1,4289.38
4489,2590,120,2,3550.41
4490,2590,236,1,2235.75
4491,2591,130,3,40012.23
4492,2592,192,2,12707.29
4493,2592,266,2,3321.13
4494,2593,17,2,275.69
4495,2594,16,1,5769.15
4496,2594,49,1,12495.52
4497,2594,157,1,4267.11
4498,2595,230,1,4253.41
4499,2596,38,3,1511.15
4500,2597,204,1,79603.63
4501,2597,25,1,2210.25
4502,2598,35,1,40928.97
4503,2598,279,1,852.19
4504,2599,91,2,4634.43
4505,2600,125,1,1101.2
4506,2601,82,1,4600.96
4507,2601,103,1,1746.9
4508,2602,142,2,12288.12
4509,2602,62,3,13296.87
4510,2602,8,1,3072.96
4511,2602,211,2,4040.53
4512,2603,160,1,2764.75
4513,2603,163,1,1948.29
4514,2604,50,1,43765.44
4515,2605,216,3,62615.22
4516,2606,221,1,1278.14
4517,2606,145,1,534.43
4518,2607,165,1,7106.42
4519,2607,114,1,4981.71
4520,2607,237,1,4955.66
4521,2608,276,1,51865.24
4522,2609,189,1,18354.2
4523,2610,31,2,5521.14
4524,2611,273,1,1309.25
4525,2611,165,1,7592.68
4526,2612,287,2,1204.28
4527,2612,219,1,1382.07
4528,2613,187,2,1093.68
4529,2613,96,1,50996.28
4530,2614,189,1,19864.53
4531,2614,69,1,5492.29
4532,2614,107,1,5020.55
4533,2615,194,1,7073.87
4534,2615,281,1,5990.79
4535,2616,162,1,40312.0
4536,2616,245,2,1066.15
4537,2616,132,1,18412.4
4538,2616,75,1,41481.56
4539,2617,29,2,34031.85
4540,2618,80,1,79386.95
4541,2619,35,1,40118.45
4542,2619,223,1,5261.72
4543,2620,31,3,5692.38
4544,2620,106,1,37444.47
4545,2621,264,1,1629.65
4546,2622,247,1,4990.48
4547,2623,251,1,1091.84
4548,2623,276,1,51473.63
4549,2624,153,1,4736.76
4550,2625,35,1,40489.53
4551,2625,67,3,5493.89
4552,2626,157,2,4634.57
4553,2626,60,2,33898.15
4554,2627,267,3,3121.34
4555,2627,130,1,37821.97
4556,2627,166,1,55015.86
4557,2627,35,4,41017.76
4558,2628,44,1,18381.74
4559,2628,240,1,8697.16
4560,2629,238,3,1668.35
4561,2630,182,1,49387.37
4562,2631,62,1,13237.43
4563,2632,139,1,3487.63
4564,2633,149,1,4527.01
4565,2633,77,1,1318.58
4566,2634,291,1,7383.85
4567,2634,130,1,39905.1
4568,2635,267,1,3213.88
4569,2635,157,1,4720.72
4570,2636,183,1,8028.74
4571,2636,293,2,1070.55
4572,2637,48,1,896.16
4573,2637,176,2,61335.19
4574,2638,116,3,45236.63
4575,2638,59,1,6006.19
4576,2639,72,4,5804.51
4577,2640,56,1,10083.48
4578,2641,203,3,5807.93
4579,2642,190,1,15061.71
4580,2642,229,2,52755.5
4581,2642,243,1,11133.14
4582,2643,188,3,76112.14
4583,2643,97,1,5302.96
4584,2643,183,1,7791.01
4585,2643,184,1,4987.51
4586,2644,94,1,1503.9
4587,2644,266,1,3668.88
4588,2644,136,1,517.96
4589,2645,146,1,1071.42
4590,2646,295,1,5227.76
4591,2646,138,1,69447.4
4592,2646,273,1,1375.33
4593,2646,107,2,5663.13
4594,2647,214,1,30678.48
4595,2647,286,1,1713.42
4596,2647,261,1,1393.19
4597,2648,53,1,47012.6
4598,2649,213,1,4931.53
4599,2649,64,1,1728.04
4600,2650,192,1,13720.4
4601,2650,224,1,3806.28
4602,2650,228,1,44095.48
4603,2650,260,1,20995.61
4604,2651,75,1,36406.69
4605,2652,45,1,599.48
4606,2652,290,1,2796.91
4607,2652,197,2,1047.5
4608,2652,131,1,3685.2
4609,2653,128,2,5733.22
4610,2653,14,2,30415.32
4611,2654,296,1,2454.73
4612,2655,57,1,45082.8
4613,2656,211,1,3763.45
4614,2657,199,1,1635.77
4615,2657,289,2,4107.56
4616,2658,200,2,994.39
4617,2659,278,1,1741.54
4618,2660,163,2,1825.57
4619,2660,160,2,3109.79
4620,2660,151,1,2679.26
4621,2661,279,1,936.77
4622,2662,191,1,46890.81
4623,2663,274,1,68126.05
4624,2663,217,1,3667.84
4625,2663,166,1,58215.58
4626,2664,61,1,4674.55
4627,2664,197,3,1146.38
4628,2664,62,1,13689.77
4629,2665,221,1,1276.14
4630,2665,11,1,1109.38
4631,2665,127,1,39331.4
4632,2666,182,1,44912.42
4633,2667,110,1,6901.66
4634,2668,112,1,6046.08
4635,2668,17,1,290.38
4636,2669,281,2,6495.93
4637,2669,11,3,963.44
4638,2669,101,1,410.84
4639,2670,269,1,6943.84
4640,2670,170,1,43966.61
4641,2671,147,3,17615.04
4642,2672,104,2,10688.72
4643,2672,19,2,9214.48
4644,2673,107,3,4921.55
4645,2673,162,1,37503.54
4646,2674,109,2,12155.24
4647,2674,142,3,12213.86
4648,2674,184,2,5394.29
4649,2675,134,1,2991.43
4650,2676,110,3,6902.53
4651,2677,260,1,19531.92
4652,2678,45,1,581.27
4653,2678,160,1,2700.38
4654,2678,50,1,38879.46
4655,2679,42,2,4935.72
4656,2679,159,1,43721.4
4657,2679,13,1,908.98
4658,2680,131,1,3545.49
4659,2681,87,1,37603.64
4660,2681,262,1,5929.44
4661,2682,63,1,2100.15
4662,2682,13,2,895.08
4663,2683,21,1,22053.78
4664,2684,80,1,81235.3
4665,2684,6,1,37738.76
4666,2685,208,1,7866.47
4667,2686,13,1,884.04
4668,2686,206,1,7413.13
4669,2686,73,1,423.48
4670,2687,23,2,679.65
4671,2687,117,1,1802.17
4672,2688,75,1,41403.7
4673,2688,155,1,5215.13
4674,2688,69,1,5866.43
4675,2689,280,4,29641.4
4676,2690,288,3,1086.32
4677,2691,104,2,10470.01
4678,2692,277,2,9118.23
4679,2693,293,3,1201.84
4680,2693,295,1,5310.86
4681,2694,96,1,51710.97
4682,2694,44,1,17141.19
4683,2695,195,3,2460.12
4684,2696,209,1,2073.32
4685,2696,146,1,1139.41
4686,2696,157,1,4502.37
4687,2697,112,1,5670.21
4688,2698,226,1,6254.25
4689,2699,250,1,4153.73
4690,2700,64,1,1607.48
4691,2700,266,1,3343.21
4692,2701,9,1,8603.29
4693,2702,201,1,6218.46
4694,2703,34,1,1955.95
4695,2704,60,1,33751.95
4696,2705,152,1,6348.96
4697,2706,77,1,1234.48
4698,2707,294,1,1094.08
4699,2707,221,1,1360.56
4700,2708,11,1,1027.8
4701,2709,95,3,2480.46
4702,2710,177,1,5631.45
4703,2710,46,1,1436.01
4704,2711,60,2,32693.61
4705,2712,11,3,1003.99
4706,2713,22,4,3708.45
4707,2713,288,1,1141.83
4708,2714,188,1,76391.25
4709,2715,89,2,1730.31
4710,2715,113,2,1876.2
4711,2716,159,1,41254.97
4712,2716,223,1,5779.62
4713,2717,88,1,59702.12
4714,2717,111,1,5946.82
4715,2717,149,1,4325.8
4716,2718,31,1,5797.86
4717,2719,62,2,14281.75
4718,2719,220,1,611.26
4719,2720,247,1,4952.78
4720,2720,196,2,318.41
4721,2721,278,1,1737.6
4722,2721,271,1,15550.14
4723,2722,197,1,1109.37
4724,2723,209,2,2084.56
4725,2723,100,1,7147.51
4726,2724,4,1,5669.14
4727,2724,84,1,23218.06
4728,2725,249,1,47845.78
4729,2726,224,1,4293.42
4730,2727,166,3,52029.26
4731,2727,168,3,6742.17
4732,2727,4,2,5837.69
4733,2728,57,1,47765.9
4734,2728,241,1,706.05
4735,2729,278,1,1560.77
4736,2729,232,1,5239.05
4737,2730,64,4,1747.98
4738,2730,300,1,960.15
4739,2731,150,2,1638.26
4740,2732,145,1,542.08
4741,2733,125,2,1130.96
4742,2733,234,2,13520.8
4743,2734,212,1,8898.49
4744,2734,214,1,28358.59
4745,2735,1,1,478.7
4746,2735,149,1,4346.2
4747,2736,41,1,8985.64
4748,2737,53,2,45881.16
4749,2737,220,1,628.58
4750,2738,134,1,2773.36
4751,2738,274,1,67075.29
4752,2739,47,1,5113.69
4753,2740,286,2,1797.33
4754,2740,92,1,60813.84
4755,2741,193,1,18205.49
4756,2742,262,3,5250.82
4757,2743,44,3,17080.23
4758,2743,77,1,1187.45
4759,2744,91,1,5139.46
4760,2745,248,2,673.41
4761,2745,277,1,8517.24
4762,2746,10,1,63844.81
4763,2746,239,2,7477.32
4764,2747,147,2,15091.87
4765,2748,211,2,3933.25
4766,2748,223,1,5207.11
4767,2749,199,1,1840.77
4768,2750,260,1,21038.07
4769,2751,67,1,5317.19
4770,2752,8,1,3073.81
4771,2752,158,1,61155.35
4772,2753,239,1,6951.97
4773,2754,64,1,1689.29
4774,2755,268,1,13356.49
4775,2755,38,1,1536.0
4776,2755,47,1,4976.17
4777,2756,265,2,8468.04
4778,2756,16,1,5636.97
4779,2756,293,1,1187.8
4780,2757,62,1,14641.51
4781,2757,50,1,39259.46
4782,2757,72,1,5197.94
4783,2758,249,1,47696.6
4784,2759,58,2,6981.55
4785,2759,187,1,1135.85
4786,2760,178,1,14095.12
4787,2760,198,1,8549.23
4788,2761,76,1,3017.21
4789,2762,238,2,1493.45
4790,2763,217,1,3330.38
4791,2764,194,4,6084.03
4792,2764,155,1,5614.32
4793,2764,143,4,1557.65
4794,2765,137,1,1557.2
4795,2765,263,3,1089.13
4796,2766,261,3,1631.01
4797,2767,73,1,475.91
4798,2768,179,4,1250.5
4799,2768,221,1,1259.61
4800,2768,80,1,72764.55
4801,2769,56,1,9668.42
4802,2769,27,1,3661.97
4803,2770,46,1,1507.25
4804,2770,162,1,37709.52
4805,2770,143,1,1758.09
4806,2771,225,1,4998.9
4807,2772,243,1,11668.97
4808,2772,203,2,5984.97
4809,2772,134,1,2960.52
4810,2772,242,1,7669.27
4811,2773,268,1,15644.59
4812,2774,234,2,13825.37
4813,2775,194,1,6778.3
4814,2775,156,4,5712.84
4815,2775,88,1,58143.01
4816,2776,80,1,77220.4
4817,2777,274,2,66554.58
4818,2777,248,1,625.27
4819,2778,262,1,5406.25
4820,2779,132,1,17981.75
4821,2779,227,1,2251.9
4822,2780,42,1,4872.81
4823,2781,271,1,16610.06
4824,2782,268,1,14202.71
4825,2783,185,1,2784.25
4826,2783,62,1,14864.3
4827,2783,237,1,4459.77
4828,2784,50,1,38835.07
4829,2784,16,1,5221.72
4830,2784,58,1,6217.88
4831,2785,139,2,3114.8
4832,2785,63,1,2092.32
4833,2785,205,1,9615.63
4834,2786,84,1,23076.13
4835,2786,234,1,14901.49
4836,2786,170,2,39980.14
4837,2787,189,1,17639.73
4838,2787,64,1,1541.47
4839,2788,181,1,13418.14
4840,2789,260,1,21094.06
4841,2790,168,2,6503.06
4842,2790,129,1,50845.9
4843,2791,177,1,5145.19
4844,2791,142,1,11845.71
4845,2792,3,2,7672.05
4846,2793,208,2,7798.3
4847,2794,150,3,1486.77
4848,2794,17,2,290.35
4849,2794,263,1,1060.96
4850,2794,95,1,2275.95
4851,2795,233,1,6139.41
4852,2796,206,4,7955.31
4853,2797,166,2,52795.11
4854,2797,115,1,1393.44
4855,2798,266,1,3403.62
4856,2798,28,3,379.81
4857,2799,55,1,588.37
4858,2800,148,3,50966.77
4859,2800,5,1,74542.48
4860,2801,66,1,1531.43
4861,2802,37,1,46388.83
4862,2803,265,1,9206.62
4863,2803,13,1,936.49
4864,2804,36,1,2722.19
4865,2804,259,1,29882.81
4866,2804,23,1,736.46
4867,2805,83,1,5645.97
4868,2805,169,1,6697.71
4869,2806,22,1,3767.24
4870,2807,61,3,4673.43
4871,2808,277,1,9256.6
4872,2809,258,1,5226.45
4873,2810,195,3,2558.2
4874,2811,54,1,14722.22
4875,2812,288,2,1188.03
4876,2813,143,1,1643.42
4877,2813,116,1,39754.19
4878,2814,226,4,6646.92
4879,2815,209,1,2224.58
4880,2816,16,2,5843.15
4881,2817,188,2,70489.81
4882,2817,300,1,1026.08
4883,2818,204,1,74074.82
4884,2819,231,1,15687.72
4885,2820,203,1,5996.31
4886,2821,101,2,394.89
4887,2822,61,1,4467.93
4888,2822,142,1,12821.24
4889,2822,89,1,1654.03
4890,2823,47,1,5238.39
4891,2824,188,1,69195.46
4892,2824,119,1,5081.72
4893,2825,209,2,2300.5
4894,2825,95,1,2455.62
4895,2826,64,1,1754.46
4896,2826,93,1,4446.94
4897,2827,3,1,7646.79
4898,2827,232,1,5819.82
4899,2828,206,1,8237.8
4900,2829,241,2,714.87
4901,2830,202,3,26155.93
4902,2831,110,1,6502.95
4903,2832,266,3,3488.48
4904,2833,35,1,40904.07
4905,2834,190,1,15306.21
4906,2835,13,1,866.11
4907,2835,224,1,3990.35
4908,2835,286,2,1854.87
4909,2836,186,2,2840.42
4910,2837,31,2,5046.7
4911,2838,25,1,2436.28
4912,2838,197,2,1023.02
4913,2839,143,1,1613.93
4914,2839,28,1,450.83
4915,2839,185,1,2736.49
4916,2840,239,1,6832.82
4917,2841,192,1,13353.46
4918,2841,109,1,12073.32
4919,2842,296,1,2491.37
4920,2843,99,2,17408.72
4921,2843,299,1,1046.87
4922,2843,8,2,2802.88
4923,2843,28,2,389.67
4924,2844,290,1,2604.03
4925,2844,40,1,1588.93
4926,2845,146,1,983.42
4927,2846,201,1,5913.39
4928,2846,45,3,642.16
4929,2847,51,1,706.92
4930,2848,39,2,6820.0
4931,2849,211,2,4059.71
4932,2850,205,2,8796.69
4933,2850,221,1,1300.13
4934,2851,63,2,1856.87
4935,2851,269,1,7148.24
4936,2851,149,3,4323.94
4937,2851,79,1,2738.97
4938,2852,59,1,5989.81
4939,2853,121,1,72632.54
4940,2853,116,2,40614.02
4941,2854,251,4,1147.57
4942,2854,230,1,4441.67
4943,2855,195,1,2642.76
4944,2856,9,2,9149.55
4945,2856,141,1,3954.48
4946,2857,69,1,5441.78
4947,2857,173,4,25348.16
4948,2857,277,1,9370.28
4949,2858,269,3,7064.67
4950,2858,198,1,9013.45
4951,2859,63,1,1901.61
4952,2860,266,1,3807.62
4953,2860,190,2,14798.53
4954,2861,8,2,2883.88
4955,2861,11,1,1025.85
4956,2861,264,1,1588.79
4957,2862,34,2,1983.42
4958,2863,235,1,35299.96
4959,2864,8,1,3012.05
4960,2864,38,1,1648.75
4961,2865,3,1,6966.39
4962,2866,133,1,5471.22
4963,2866,243,2,12250.13
4964,2866,117,2,1787.56
4965,2867,98,1,4866.31
4966,2868,260,1,20928.68
4967,2869,168,1,7122.27
4968,2869,199,1,1843.6
4969,2870,221,2,1235.35
4970,2871,222,1,10062.85
4971,2872,49,1,13174.19
4972,2873,275,2,1213.31
4973,2873,192,2,14440.41
4974,2873,94,1,1446.8
4975,2874,193,1,17767.54
4976,2875,21,3,22971.89
4977,2875,252,1,7281.43
4978,2876,131,1,3178.82
4979,2876,18,1,1475.14
4980,2876,282,2,969.11
4981,2876,131,1,3499.27
4982,2877,203,2,5794.17
4983,2877,226,1,6630.9
4984,2878,11,1,1084.18
4985,2879,115,2,1444.04
4986,2880,296,1,2351.89
4987,2880,166,1,53948.96
4988,2881,162,1,37286.58
4989,2882,291,3,8395.9
4990,2882,119,1,5454.02
4991,2883,137,2,1783.11
4992,2883,149,1,4198.59
4993,2884,264,2,1576.52
4994,2884,162,2,39802.82
4995,2885,192,4,14087.63
4996,2885,277,1,8738.43
4997,2886,59,1,5936.77
4998,2886,110,3,6791.91
4999,2887,184,2,5081.15
5000,2888,199,1,1793.41
5001,2889,60,2,33729.22
5002,2889,35,1,43825.43
5003,2889,132,2,17617.06
5004,2890,128,4,5643.36
5005,2890,96,2,54267.32
5006,2891,279,2,949.74
5007,2892,61,2,4045.66
5008,2893,229,1,51691.98
5009,2893,273,1,1377.61
5010,2894,279,4,879.78
5011,2895,262,2,5748.43
5012,2896,39,1,7247.14
5013,2897,222,1,9329.47
5014,2898,140,1,10456.58
5015,2899,300,2,1011.49
5016,2900,158,1,64833.64
5017,2901,53,3,50057.9
5018,2901,29,1,36709.48
5019,2901,207,2,16469.78
5020,2902,157,3,4645.64
5021,2902,100,4,7626.88
5022,2902,114,1,4753.35
5023,2903,233,1,6809.64
5024,2904,3,2,7095.88
5025,2905,53,3,46703.92
5026,2906,33,1,1095.32
5027,2906,160,1,2655.27
5028,2906,147,1,15836.23
5029,2907,234,1,13950.75
5030,2908,33,2,1182.28
5031,2908,146,3,1079.3
5032,2908,120,1,3120.83
5033,2909,230,3,4650.59
5034,2909,297,2,4196.99
5035,2910,60,1,31319.75
5036,2910,132,1,17713.02
5037,2911,157,1,4895.95
5038,2912,170,1,41960.09
5039,2912,66,1,1543.29
5040,2913,126,3,1067.31
5041,2914,219,1,1605.23
5042,2914,33,3,1153.54
5043,2915,222,1,8612.55
5044,2915,243,1,11076.57
5045,2916,289,2,4478.33
5046,2916,221,3,1390.76
5047,2916,77,1,1381.27
5048,2917,134,1,3004.1
5049,2917,241,1,669.1
5050,2918,58,3,6674.57
5051,2918,223,1,5601.15
5052,2918,220,1,646.69
5053,2918,23,1,691.44
5054,2919,99,1,18379.06
5055,2920,96,1,51942.73
5056,2920,147,2,15389.62
5057,2921,224,3,4404.85
5058,2922,77,1,1381.25
5059,2923,17,1,273.86
5060,2924,127,2,35982.97
5061,2925,282,1,910.78
5062,2926,274,1,75463.89
5063,2927,127,3,36614.39
5064,2928,90,1,16927.68
5065,2928,112,1,6136.64
5066,2929,117,1,1792.97
5067,2930,82,1,4796.74
5068,2930,153,1,4622.79
5069,2930,162,3,42854.04
5070,2931,86,1,3501.7
5071,2932,212,1,9448.51
5072,2933,291,1,8044.97
5073,2933,224,3,3908.31
5074,2933,32,2,3067.43
5075,2934,130,1,39379.26
5076,2934,37,1,45162.78
5077,2934,104,1,11915.21
5078,2935,189,1,19679.96
5079,2936,282,1,889.83
5080,2937,183,2,7547.65
5081,2937,69,3,6013.61
5082,2937,86,3,3447.97
5083,2938,154,1,38912.1
5084,2938,23,1,767.78
5085,2938,66,1,1538.45
5086,2939,40,1,1542.99
5087,2939,299,2,980.82
5088,2939,67,1,4744.8
5089,2939,150,1,1671.39
5090,2940,120,1,3635.31
5091,2941,218,1,2367.65
5092,2942,169,2,7608.08
5093,2943,81,1,3819.23
5094,2943,186,1,2708.77
5095,2944,249,1,41005.32
5096,2945,209,3,2242.96
5097,2946,76,1,2867.19
5098,2946,15,1,71530.45
5099,2946,214,2,29419.86
5100,2947,165,1,7824.61
5101,2948,21,1,23714.02
5102,2949,14,3,34244.71
5103,2949,42,1,4800.13
5104,2950,196,1,296.2
5105,2950,76,1,3013.89
5106,2950,96,1,55426.03
5107,2950,299,1,1105.45
5108,2951,183,3,7884.42
5109,2951,25,1,2238.5
5110,2951,144,1,5364.2
5111,2952,102,1,2795.89
5112,2953,245,1,1095.78
5113,2953,168,1,6370.81
5114,2954,30,1,4807.49
5115,2954,96,2,58225.88
5116,2954,161,1,6242.76
5117,2954,96,1,54242.81
5118,2955,94,1,1438.07
5119,2955,297,3,4315.74
5120,2956,4,2,5866.27
5121,2957,95,1,2253.09
5122,2957,162,1,39695.86
5123,2958,232,1,6115.19
5124,2958,235,1,33706.84
5125,2959,68,2,51434.64
5126,2960,185,1,2550.57
5127,2961,211,1,4092.74
5128,2962,15,1,64430.26
5129,2962,168,1,6603.51
5130,2963,195,1,2839.74
5131,2964,52,2,1746.99
5132,2965,216,2,68620.39
5133,2966,122,1,18593.51
5134,2966,22,2,4069.16
5135,2967,132,2,17194.42
5136,2967,116,1,43052.83
5137,2968,223,2,5098.08
5138,2968,90,2,16892.02
5139,2968,229,2,51345.04
5140,2969,225,1,4944.81
5141,2969,188,1,71050.18
5142,2969,111,1,5873.74
5143,2970,35,2,45564.76
5144,2970,63,2,1975.9
5145,2971,91,1,4600.35
5146,2971,160,2,2848.36
5147,2972,281,1,6089.25
5148,2972,228,1,43461.44
5149,2973,264,1,1574.19
5150,2974,118,1,5744.37
5151,2975,18,1,1571.37
5152,2975,269,1,7498.11
5153,2976,282,1,907.52
5154,2976,196,1,284.11
5155,2976,146,3,1036.1
5156,2977,35,1,40788.31
5157,2977,235,3,34848.04
5158,2978,293,2,1191.26
5159,2979,147,3,16880.6
5160,2979,218,2,2513.28
5161,2979,29,1,34147.94
5162,2979,71,1,5101.11
5163,2980,187,1,1095.69
5164,2980,93,1,4704.76
5165,2980,31,1,5173.71
5166,2980,142,2,12204.77
5167,2981,217,1,3580.66
5168,2982,7,1,410.58
5169,2982,109,1,13410.93
5170,2982,269,2,7523.57
5171,2982,15,1,71101.03
5172,2983,25,1,2346.99
5173,2983,277,2,9266.03
5174,2984,52,1,1712.82
5175,2985,164,1,14370.98
5176,2985,161,1,5955.11
5177,2986,181,1,15526.34
5178,2987,240,1,8220.17
5179,2987,195,2,2687.16
5180,2988,282,1,932.64
5181,2988,192,3,13356.08
5182,2988,35,1,45589.45
5183,2989,180,1,16211.24
5184,2990,5,1,71054.09
5185,2991,115,1,1393.33
5186,2992,210,1,14777.11
5187,2993,289,1,4294.58
5188,2993,82,1,4550.49
5189,2994,29,2,36472.77
5190,2994,40,2,1495.15
5191,2995,122,1,18722.67
5192,2995,2,2,1965.29
5193,2995,97,2,6042.42
5194,2996,290,1,2608.4
5195,2996,109,1,12772.9
5196,2997,221,1,1307.8
5197,2998,46,2,1632.41
5198,2999,103,1,1778.72
5199,2999,142,2,13860.87
5200,3000,180,2,15255.18
5201,3001,163,1,1935.04
5202,3002,268,2,15072.74
5203,3002,290,2,2580.97
5204,3003,274,1,65109.67
5205,3003,226,1,6241.14
5206,3004,161,1,5915.24
5207,3005,205,2,8880.35
5208,3006,282,1,901.81
5209,3006,199,1,1670.14
5210,3007,228,3,41210.61
5211,3007,191,2,45550.32
5212,3008,165,1,7459.09
5213,3008,125,2,1147.73
5214,3009,115,1,1383.22
5215,3009,116,2,43174.4
5216,3009,282,1,934.93
5217,3010,45,1,577.01
5218,3010,59,1,5947.41
5219,3011,127,1,36126.15
5220,3011,164,3,14172.13
5221,3012,40,3,1506.75
5222,3012,40,1,1545.1
5223,3013,98,3,4346.86
5224,3013,41,3,8439.41
5225,3014,241,1,693.72
5226,3014,18,1,1559.83
5227,3014,251,1,1013.01
5228,3015,94,1,1577.59
5229,3016,194,1,6236.98
5230,3016,240,1,7870.3
5231,3017,110,2,7319.64
5232,3017,56,1,9716.82
5233,3017,230,1,4173.42
5234,3018,250,1,3760.03
5235,3019,155,3,5731.06
5236,3020,299,1,1068.76
5237,3021,223,1,5023.6
5238,3021,158,1,56321.84
5239,3022,236,2,2143.63
5240,3022,237,1,4631.47
5241,3023,208,2,7777.67
5242,3023,201,1,6059.18
5243,3024,252,1,8599.84
5244,3025,138,2,63919.15
5245,3025,160,1,2795.41
5246,3025,86,1,3828.65
5247,3026,105,1,11043.85
5248,3027,202,2,26998.64
5249,3027,249,3,44714.75
5250,3027,70,1,2369.75
5251,3028,297,1,3940.27
5252,3029,111,1,6609.0
5253,3030,206,4,7919.93
5254,3031,47,1,5488.45
5255,3031,230,3,4247.15
5256,3032,174,3,7339.91
5257,3032,186,3,3025.5
5258,3032,50,1,42135.69
5259,3033,170,1,42063.4
5260,3033,241,1,756.36
5261,3034,81,1,3771.07
5262,3034,143,1,1736.47
5263,3034,166,3,56703.29
5264,3034,215,2,5868.12
5265,3035,209,2,2082.72
5266,3036,137,2,1737.46
5267,3037,140,1,9427.16
5268,3038,233,1,6376.97
5269,3038,5,2,76651.24
5270,3039,266,1,3880.55
5271,3040,114,1,4762.25
5272,3041,141,1,4172.51
5273,3041,43,1,1203.57
5274,3042,111,1,5867.12
5275,3043,142,3,11979.71
5276,3043,216,1,74108.52
5277,3044,252,1,7501.21
5278,3045,290,1,2638.09
5279,3046,275,1,1158.37
5280,3046,53,2,47820.96
5281,3047,141,1,4284.12
5282,3047,224,1,4283.41
5283,3047,214,1,28845.2
5284,3048,2,1,2044.22
5285,3049,257,1,3781.38
5286,3050,295,2,5219.7
5287,3051,293,4,1077.41
5288,3051,240,1,7962.11
5289,3051,196,1,306.59
5290,3051,284,1,6156.66
5291,3052,6,2,35307.08
5292,3053,33,2,1100.87
5293,3053,200,2,1052.16
5294,3053,16,1,5801.14
5295,3054,96,2,51310.22
5296,3054,132,2,17686.94
5297,3055,244,1,71990.51
5298,3055,18,4,1405.78
5299,3056,255,1,52722.71
5300,3057,17,1,276.38
5301,3058,231,1,14595.18
5302,3058,28,1,419.19
5303,3058,240,1,8986.0
5304,3058,19,2,9123.16
5305,3059,278,1,1539.07
5306,3060,30,2,4533.15
5307,3060,138,1,61851.56
5308,3061,110,1,7475.78
5309,3061,121,4,69138.02
5310,3061,151,3,2737.64
5311,3061,237,1,4766.84
5312,3062,32,1,2764.49
5313,3063,10,1,63768.05
5314,3063,193,1,16595.87
5315,3063,7,1,435.77
5316,3064,183,1,7291.77
5317,3065,36,1,2766.93
5318,3066,89,1,1718.74
5319,3067,163,1,2107.45
5320,3067,92,1,56057.11
5321,3068,152,1,7273.56
5322,3069,296,1,2529.5
5323,3070,128,1,5822.57
5324,3070,91,2,4352.98
5325,3071,51,1,758.64
5326,3072,272,2,39751.4
5327,3073,290,4,2436.32
5328,3074,62,3,14103.22
5329,3075,39,1,7116.65
5330,3076,54,3,15720.28
5331,3077,222,2,8962.39
5332,3077,259,1,28463.67
5333,3077,8,4,2938.91
5334,3078,183,3,7546.87
5335,3078,159,2,44299.04
5336,3079,230,1,4794.73
5337,3079,223,4,5602.88
5338,3079,173,1,26391.9
5339,3079,128,2,5162.39
5340,3080,292,3,1023.72
5341,3080,87,1,39081.27
5342,3081,9,1,8751.1
5343,3081,237,1,4354.75
5344,3081,46,4,1466.06
5345,3081,237,2,4392.42
5346,3082,34,1,1999.65
5347,3083,285,1,397.59
5348,3084,202,2,24533.73
5349,3085,288,1,1161.22
5350,3086,95,4,2452.33
5351,3086,124,1,5624.23
5352,3086,236,1,2004.65
5353,3087,257,4,3757.57
5354,3087,38,2,1480.19
5355,3088,145,1,572.74
5356,3088,70,1,2625.2
5357,3088,104,3,10641.73
5358,3088,20,3,799.02
5359,3089,160,1,2789.53
5360,3090,298,1,243.25
5361,3090,243,2,11443.31
5362,3091,216,1,72580.42
5363,3091,2,1,2041.54
5364,3092,33,1,1122.2
5365,3093,201,2,5999.14
5366,3093,195,1,2759.74
5367,3094,35,1,42902.63
5368,3094,132,4,15669.65
5369,3095,286,1,1776.75
5370,3096,275,2,1116.96
5371,3097,203,1,5356.19
5372,3097,41,1,7721.01
5373,3098,74,1,17510.74
5374,3098,9,2,8102.01
5375,3099,42,1,4170.11
5376,3100,47,2,5014.52
5377,3100,273,1,1339.61
5378,3101,282,1,917.57
5379,3102,237,1,4450.05
5380,3103,279,1,850.27
5381,3104,170,1,40843.82
5382,3105,21,3,23556.38
5383,3106,238,1,1505.15
5384,3106,157,1,4495.03
5385,3107,39,1,6958.66
5386,3107,206,1,7974.25
5387,3107,77,1,1233.04
5388,3107,2,1,1947.74
5389,3108,34,1,2144.56
5390,3108,5,3,80422.68
5391,3108,137,1,1566.53
5392,3108,20,1,746.27
5393,3109,171,1,4296.38
5394,3110,212,1,9758.53
5395,3110,220,1,603.45
5396,3111,283,1,1306.75
5397,3111,289,1,4121.9
5398,3111,21,2,21353.0
5399,3111,104,3,11374.97
5400,3112,44,1,19492.94
5401,3112,91,2,5072.39
5402,3113,141,1,4531.12
5403,3114,260,1,20065.7
5404,3115,133,1,5300.56
5405,3116,75,1,36640.7
5406,3116,64,2,1738.17
5407,3116,227,1,2308.1
5408,3117,61,1,4356.86
5409,3118,216,2,65859.53
5410,3119,42,1,4505.38
5411,3119,297,1,4422.08
5412,3120,76,1,3113.92
5413,3120,297,2,4462.84
5414,3120,253,1,21224.11
5415,3121,163,3,1915.52
5416,3122,138,1,69319.08
5417,3122,85,3,2488.3
5418,3123,276,1,51041.94
5419,3124,283,3,1183.34
5420,3125,253,1,21367.68
5421,3125,253,1,21853.11
5422,3126,159,1,39447.03
5423,3126,158,1,64301.68
5424,3127,248,2,655.17
5425,3128,167,3,23116.78
5426,3129,50,1,37706.29
5427,3129,10,1,69209.11
5428,3129,193,1,17782.9
5429,3130,278,3,1786.9
5430,3130,283,1,1179.37
5431,3130,109,1,11493.99
5432,3130,186,1,2844.19
5433,3131,183,1,7919.48
5434,3131,148,1,44491.79
5435,3132,181,2,14018.88
5436,3133,197,1,1140.47
5437,3134,33,3,1101.02
5438,3135,42,2,4901.39
5439,3136,73,1,466.67
5440,3136,89,1,1727.5
5441,3137,203,1,6071.57
5442,3138,76,1,3048.01
5443,3139,220,2,581.81
5444,3139,36,1,2488.83
5445,3140,169,1,7434.28
5446,3141,213,3,5182.79
5447,3142,233,1,6377.62
5448,3142,191,1,49885.87
5449,3143,231,1,15707.96
5450,3144,262,2,5999.85
5451,3144,171,1,4374.78
5452,3145,210,2,16967.72
5453,3146,62,1,12931.08
5454,3147,244,1,72011.67
5455,3148,66,1,1364.39
5456,3148,42,1,4916.82
5457,3149,37,1,43836.29
5458,3150,20,1,746.28
5459,3150,248,2,695.34
5460,3150,112,2,6406.63
5461,3151,51,3,678.14
5462,3151,40,3,1578.11
5463,3151,168,3,7443.26
5464,3152,231,2,15435.36
5465,3153,22,1,3619.42
5466,3154,131,1,3285.18
5467,3155,129,1,44078.72
5468,3155,282,3,948.85
5469,3155,3,1,7278.32
5470,3156,27,1,3407.05
5471,3157,73,1,461.51
5472,3158,284,1,7058.77
5473,3159,9,2,7987.51
5474,3160,219,3,1491.7
5475,3161,138,1,62167.56
5476,3162,242,2,7125.58
5477,3162,69,1,5827.2
5478,3163,148,1,43337.28
5479,3164,146,1,1004.57
5480,3164,110,1,7408.33
5481,3165,101,1,440.16
5482,3166,218,1,2493.11
5483,3167,46,1,1511.17
5484,3167,294,3,1270.95
5485,3167,268,2,15109.4
5486,3168,8,1,2695.78
5487,3168,269,1,7064.01
5488,3169,180,1,15056.46
5489,3169,277,3,8647.04
5490,3170,75,1,36619.01
5491,3171,255,3,45374.74
5492,3171,121,2,71327.07
5493,3172,146,2,1095.16
5494,3172,173,2,26101.63
5495,3173,234,2,15042.97
5496,3173,66,1,1348.28
5497,3173,8,1,3163.96
5498,3173,4,1,5371.07
5499,3174,266,2,3698.19
5500,3174,21,1,22062.74
5501,3175,20,1,766.02
5502,3176,8,1,2779.74
5503,3176,100,1,8278.04
5504,3176,14,1,32799.2
5505,3177,140,2,9170.41
5506,3178,50,1,38557.57
5507,3179,83,1,5663.08
5508,3179,134,1,2654.6
5509,3180,146,1,967.91
5510,3181,136,1,582.59
5511,3182,24,3,19631.87
5512,3183,4,1,5570.17
5513,3184,231,1,15427.5
5514,3184,8,1,3026.85
5515,3184,120,2,3394.53
5516,3185,76,2,3015.82
5517,3185,12,1,32137.01
5518,3186,15,1,62764.32
5519,3186,33,3,1094.07
5520,3187,62,1,13090.4
5521,3187,230,1,4286.33
5522,3187,11,1,953.53
5523,3188,244,1,69952.63
5524,3189,26,1,2444.91
5525,3189,53,1,47703.31
5526,3190,199,1,1837.56
5527,3191,285,2,353.86
5528,3191,41,3,7761.62
5529,3192,200,3,1034.21
5530,3192,134,3,2735.67
5531,3193,238,1,1554.83
5532,3193,243,1,12255.47
5533,3193,218,1,2273.81
5534,3193,18,3,1433.45
5535,3194,92,1,56166.8
5536,3194,82,2,5010.19
5537,3195,217,1,3557.25
5538,3196,188,4,70190.86
5539,3196,154,1,40714.82
5540,3197,53,1,49538.02
5541,3198,41,2,8377.18
5542,3198,156,1,5413.14
5543,3199,298,1,234.2
5544,3200,208,3,7614.38
5545,3201,51,1,785.9
5546,3201,285,1,361.88
5547,3202,83,3,5982.85
5548,3203,293,1,1148.17
5549,3204,241,2,732.76
5550,3205,49,3,12941.4
5551,3206,19,1,10061.89
5552,3207,263,1,1134.73
5553,3207,4,1,5936.68
5554,3208,16,1,5168.54
5555,3208,145,1,534.44
5556,3209,136,3,490.83
5557,3209,130,3,40372.75
5558,3210,141,1,4490.62
5559,3211,67,1,5493.98
5560,3211,26,1,2681.55
5561,3212,118,2,5854.31
5562,3212,95,1,2491.05
5563,3212,123,1,3853.06
5564,3213,234,1,13973.25
5565,3214,1,1,488.26
5566,3215,65,2,1041.84
5567,3216,274,4,66772.1
5568,3217,187,1,1060.91
5569,3218,153,1,4490.5
5570,3218,289,1,4373.25
5571,3219,124,1,5470.97
5572,3220,16,2,5363.96
5573,3220,286,1,1689.66
5574,3221,5,1,74929.24
5575,3222,235,1,34430.57
5576,3223,80,1,82169.74
5577,3223,233,1,6060.66
5578,3224,30,3,5026.0
5579,3225,91,1,4872.32
5580,3226,26,1,2646.59
5581,3226,178,4,13764.85
5582,3227,124,1,5050.64
5583,3227,66,1,1383.24
5584,3228,196,2,299.71
5585,3228,1,1,485.56
5586,3228,223,1,5376.31
5587,3229,29,1,36317.88
5588,3229,33,1,1132.43
5589,3229,86,1,4019.7
5590,3230,172,2,19664.7
5591,3231,255,1,53805.52
5592,3232,216,2,68747.6
5593,3233,102,1,3004.21
5594,3234,185,1,2684.14
5595,3235,248,1,615.86
5596,3236,140,2,9669.36
5597,3236,223,2,5279.57
5598,3237,133,1,5386.06
5599,3237,128,3,5901.75
5600,3238,234,1,15430.45
5601,3239,237,1,4480.27
5602,3239,70,1,2525.84
5603,3240,34,1,1966.07
5604,3240,56,1,8726.57
5605,3240,274,1,71566.09
5606,3241,18,1,1352.65
5607,3242,243,3,11648.73
5608,3243,121,1,70135.24
5609,3244,260,1,21529.49
5610,3245,200,1,992.04
5611,3246,213,1,5184.84
5612,3246,158,3,61835.78
5613,3247,128,1,5214.73
5614,3247,26,2,2442.93
5615,3248,94,1,1619.87
5616,3248,298,1,214.05
5617,3248,126,2,994.38
5618,3249,112,1,5683.86
5619,3250,299,2,1008.64
5620,3250,1,3,449.43
5621,3250,190,1,17162.84
5622,3251,182,1,44898.81
5623,3252,210,1,15876.29
5624,3253,3,2,6786.96
5625,3254,243,1,11373.02
5626,3255,271,1,16914.88
5627,3255,197,2,1058.48
5628,3255,181,2,15403.54
5629,3256,161,1,6225.98
5630,3257,99,2,17872.93
5631,3258,273,1,1500.06
5632,3258,101,1,438.03
5633,3259,237,1,5114.12
5634,3260,32,1,2981.3
5635,3260,38,2,1683.23
5636,3261,127,4,35090.78
5637,3261,7,1,408.33
5638,3261,151,2,2806.39
5639,3262,174,1,7125.97
5640,3263,46,1,1509.56
5641,3264,181,2,14734.01
5642,3265,204,1,68877.49
5643,3265,59,1,6726.24
5644,3265,96,1,50099.11
5645,3266,244,1,66009.43
5646,3266,21,1,21144.25
5647,3266,199,1,1837.35
5648,3267,75,2,36174.53
5649,3267,213,1,4891.63
5650,3267,11,2,993.15
5651,3268,248,1,721.14
5652,3268,273,1,1352.68
5653,3269,178,1,14039.34
5654,3270,139,4,3139.81
5655,3270,211,2,3862.63
5656,3271,288,1,1091.27
5657,3271,200,2,956.81
5658,3272,185,1,2885.32
5659,3273,154,1,38246.95
5660,3273,13,1,898.83
5661,3274,38,1,1504.61
5662,3274,52,4,1516.75
5663,3275,19,1,9698.95
5664,3275,160,1,2680.3
5665,3275,119,1,5656.69
5666,3276,3,3,7183.06
5667,3276,162,2,38831.97
5668,3277,184,1,4662.0
5669,3277,61,1,4030.65
5670,3278,263,1,1074.98
5671,3278,95,1,2246.9
5672,3278,96,1,53964.34
5673,3279,276,2,48885.82
5674,3280,252,1,7411.09
5675,3280,115,1,1529.28
5676,3281,278,1,1781.44
5677,3281,180,3,16820.65
5678,3281,77,1,1297.75
5679,3282,137,1,1582.88
5680,3282,142,1,12977.77
5681,3283,12,1,33848.29
5682,3283,95,1,2500.74
5683,3283,198,2,9007.03
5684,3284,86,1,3718.74
5685,3285,182,1,48651.81
5686,3286,3,2,6692.22
5687,3287,68,1,46803.41
5688,3288,70,2,2268.04
5689,3288,194,1,6852.32
5690,3289,238,1,1645.66
5691,3290,121,1,69655.5
5692,3291,270,4,16695.68
5693,3291,293,1,1209.81
5694,3292,89,3,1747.24
5695,3292,125,1,1275.48
5696,3293,11,3,960.31
5697,3294,108,1,34446.98
5698,3295,226,1,6185.81
5699,3295,243,1,10455.24
5700,3296,211,1,3860.08
5701,3297,139,1,3308.56
5702,3297,85,1,2888.52
5703,3298,151,1,2566.03
5704,3298,245,1,1238.71
5705,3299,272,3,43656.39
5706,3299,228,3,45349.71
5707,3300,134,1,2834.56
5708,3301,28,3,436.59
5709,3301,224,1,3732.59
5710,3302,147,2,15677.6
5711,3303,16,1,5297.87
5712,3303,51,1,680.38
5713,3303,300,2,923.55
5714,3304,51,1,767.76
5715,3305,126,1,909.25
5716,3306,113,2,1754.34
5717,3306,147,1,16651.29
5718,3307,48,1,893.39
5719,3308,113,2,1838.92
5720,3309,249,1,42318.45
5721,3310,32,1,3065.2
5722,3310,134,1,2646.73
5723,3310,245,2,1216.95
5724,3311,262,1,5505.91
5725,3312,264,2,1615.0
5726,3313,165,1,7643.09
5727,3314,12,1,31045.33
5728,3314,181,3,13655.42
5729,3315,282,1,1037.21
5730,3315,171,1,3933.45
5731,3316,204,4,80916.59
5732,3317,56,1,10045.41
5733,3318,219,1,1369.55
5734,3318,41,1,8378.57
5735,3319,112,2,6256.29
5736,3320,90,1,17960.36
5737,3320,10,1,71249.83
5738,3320,202,1,23257.84
5739,3320,36,1,2775.7
5740,3321,260,1,18949.97
5741,3322,254,1,14163.52
5742,3323,47,1,5648.71
5743,3324,149,3,4522.25
5744,3324,25,2,2405.6
5745,3325,60,1,33255.07
5746,3326,254,1,14100.54
5747,3327,102,1,2803.04
5748,3328,108,2,34136.98
5749,3329,272,3,40886.05
5750,3330,76,2,2776.95
5751,3331,62,2,13069.25
5752,3331,3,1,7737.67
5753,3332,241,1,778.95
5754,3333,61,2,4336.28
5755,3334,130,1,37177.2
5756,3334,13,2,946.66
5757,3334,155,1,5039.99
5758,3334,208,1,7926.12
5759,3335,98,1,4538.32
5760,3335,21,2,22019.46
5761,3336,65,1,1146.05
5762,3336,226,1,6668.45
5763,3336,264,1,1808.55
5764,3336,206,1,8008.1
5765,3337,277,1,8051.65
5766,3338,10,3,63052.71
5767,3339,234,2,15337.48
5768,3340,298,1,233.27
5769,3340,265,2,9522.39
5770,3340,294,3,1231.23
5771,3341,153,1,4525.01
5772,3341,285,2,354.17
5773,3341,133,1,5313.23
5774,3342,74,2,20380.82
5775,3342,258,1,5750.56
5776,3343,201,1,5514.85
5777,3344,206,2,7777.68
5778,3344,135,2,2735.35
5779,3345,299,2,1044.62
5780,3345,101,2,430.19
5781,3345,184,1,4828.68
5782,3346,128,1,6035.59
5783,3346,101,1,404.66
5784,3347,209,3,2305.63
5785,3347,40,2,1687.34
5786,3348,33,2,1265.16
5787,3348,195,1,2795.81
5788,3349,134,1,2966.5
5789,3350,43,1,1149.26
5790,3350,281,3,6153.36
5791,3351,281,1,6791.65
5792,3352,184,3,4722.36
5793,3352,113,2,1759.99
5794,3352,276,2,46659.58
5795,3353,61,1,4111.98
5796,3354,8,4,2817.44
5797,3354,183,1,7904.5
5798,3355,171,1,4335.92
5799,3356,84,1,22000.88
5800,3357,210,2,15476.55
5801,3357,70,2,2355.43
5802,3358,102,2,2910.27
5803,3358,43,3,1109.33
5804,3359,38,3,1490.4
5805,3359,33,2,1155.18
5806,3359,27,2,3187.6
5807,3360,60,1,33281.3
5808,3360,163,1,1884.29
5809,3361,118,1,5991.16
5810,3362,58,1,5881.37
5811,3363,37,2,44566.41
5812,3364,16,4,5987.65
5813,3365,189,1,19797.12
5814,3366,249,2,41649.52
5815,3367,74,1,18250.26
5816,3367,242,2,8124.0
5817,3367,216,1,63212.33
5818,3367,225,2,5201.91
5819,3368,88,1,54669.33
5820,3369,165,2,7013.57
5821,3369,170,3,45847.35
5822,3370,155,1,5638.3
5823,3370,224,1,3984.11
5824,3371,165,1,7562.76
5825,3371,174,1,7241.51
5826,3372,232,1,5205.14
5827,3372,77,1,1379.66
5828,3373,199,2,1783.58
5829,3373,205,1,9598.13
5830,3373,44,1,16641.3
5831,3374,217,2,3314.25
5832,3374,105,1,9946.42
5833,3375,209,1,2207.64
5834,3376,206,3,8338.24
5835,3377,81,1,4044.84
5836,3377,166,3,58354.2
5837,3377,154,3,41997.27
5838,3378,280,1,29753.42
5839,3379,53,1,46758.18
5840,3379,84,1,21000.09
5841,3380,123,1,3802.75
5842,3381,217,1,3570.2
5843,3381,70,1,2617.89
5844,3382,214,3,30929.4
5845,3383,45,2,594.43
5846,3384,227,2,2235.0
5847,3384,229,2,51359.15
5848,3384,193,1,18513.22
5849,3385,296,1,2531.17
5850,3386,267,1,3185.45
5851,3387,206,2,7242.58
5852,3387,235,2,31267.04
5853,3388,197,3,1030.11
5854,3389,245,2,1240.37
5855,3390,243,1,11592.22
5856,3390,134,1,2624.75
5857,3391,44,1,18032.13
5858,3392,21,1,21125.09
5859,3393,87,1,41400.23
5860,3393,165,1,7436.53
5861,3394,87,4,41214.93
5862,3395,144,1,5210.63
5863,3396,61,1,4294.81
5864,3396,279,1,835.27
5865,3397,129,3,43935.79
5866,3397,204,1,80328.93
5867,3397,167,2,21588.39
5868,3397,238,1,1663.62
5869,3398,171,1,4501.31
5870,3399,210,1,15612.54
5871,3400,252,3,7242.47
5872,3400,191,1,49737.11
5873,3400,192,1,12945.02
5874,3400,275,2,1103.28
5875,3401,214,3,31380.52
5876,3401,21,1,21207.69
5877,3401,241,4,698.39
5878,3402,263,3,1151.23
5879,3402,179,1,1355.85
5880,3402,242,1,8170.8
5881,3403,25,1,2319.84
5882,3404,298,2,210.76
5883,3404,261,1,1409.09
5884,3404,41,1,8813.78
5885,3405,197,2,1070.05
5886,3405,253,1,19523.57
5887,3405,221,1,1323.95
5888,3406,74,1,17932.42
5889,3407,70,1,2241.02
5890,3407,19,1,9308.02
5891,3408,163,1,1884.78
5892,3409,76,1,2843.62
5893,3410,172,1,21266.41
5894,3410,45,1,597.97
5895,3411,124,1,5668.23
5896,3412,87,2,39832.08
5897,3412,42,1,4633.62
5898,3412,275,2,1189.35
5899,3412,34,1,1882.29
5900,3413,197,1,1127.85
5901,3413,133,1,4644.17
5902,3413,172,1,20423.61
5903,3414,82,1,4855.15
5904,3414,262,1,5828.18
5905,3414,106,1,41389.62
5906,3415,270,3,17058.38
5907,3416,114,1,4810.58
5908,3416,290,1,2791.15
5909,3417,220,1,586.34
5910,3417,264,1,1704.77
5911,3417,36,2,2451.1
5912,3418,246,2,371.3
5913,3419,216,1,69880.97
5914,3419,10,1,70581.16
5915,3420,18,2,1398.02
5916,3421,168,1,7550.75
5917,3421,192,1,13158.59
5918,3422,118,1,5839.63
5919,3422,278,1,1782.4
5920,3423,19,1,9801.79
5921,3423,106,1,36941.11
5922,3423,28,2,408.62
5923,3424,298,1,217.96
5924,3425,129,4,43380.33
5925,3425,9,1,8204.48
5926,3426,284,1,6875.48
5927,3427,221,1,1199.16
5928,3427,137,3,1753.15
5929,3428,179,1,1348.4
5930,3428,232,1,5927.22
5931,3428,76,2,2800.66
5932,3429,64,3,1688.66
5933,3429,255,1,52843.97
5934,3430,71,1,4810.1
5935,3430,199,2,1781.63
5936,3430,253,1,22072.98
5937,3431,18,3,1526.75
5938,3431,88,3,60046.52
5939,3432,15,3,62164.78
5940,3432,195,1,2775.93
5941,3433,59,3,6517.3
5942,3433,1,2,433.28
5943,3433,244,1,71075.23
5944,3434,9,2,8722.35
5945,3435,168,3,6764.11
5946,3435,143,1,1622.61
5947,3436,92,2,63047.17
5948,3436,177,1,5076.26
5949,3437,182,2,47464.08
5950,3437,24,1,19557.74
5951,3437,27,1,3135.82
5952,3438,237,1,5126.0
5953,3439,50,2,39547.47
5954,3440,20,1,763.37
5955,3441,57,1,46069.18
5956,3441,198,3,9033.64
5957,3441,55,2,673.73
5958,3442,203,1,6020.28
5959,3443,285,1,365.95
5960,3443,132,1,18052.51
5961,3444,294,1,1187.51
5962,3445,139,3,3337.31
5963,3445,268,1,14186.51
5964,3446,1,1,458.85
5965,3447,215,3,5859.03
5966,3447,161,1,5396.79
5967,3448,258,1,4923.01
5968,3448,91,1,4410.95
5969,3449,265,1,10024.26
5970,3449,69,2,5406.61
5971,3450,141,1,4676.65
5972,3451,33,1,1260.29
5973,3451,56,3,9948.14
5974,3451,185,1,2682.71
5975,3452,107,3,5502.77
5976,3452,257,1,3743.54
5977,3453,276,3,47723.56
5978,3454,38,2,1532.09
5979,3455,241,1,686.61
5980,3455,219,3,1480.35
5981,3455,193,1,17735.19
5982,3456,145,3,565.02
5983,3456,197,2,1145.46
5984,3456,3,1,7199.14
5985,3457,72,3,5151.49
5986,3457,147,1,15430.93
5987,3457,253,1,22029.84
5988,3458,254,1,12102.48
5989,3458,166,1,50903.67
5990,3458,288,1,1207.7
5991,3459,280,1,30295.61
5992,3460,141,1,4479.28
5993,3461,22,2,3615.69
5994,3461,135,3,3159.33
5995,3461,209,1,2184.36
5996,3462,104,1,11598.01
5997,3463,272,1,42655.2
5998,3463,114,1,5020.63
5999,3464,246,2,393.26
6000,3464,143,3,1631.45
6001,3465,129,1,44074.63
6002,3466,24,1,18200.21
6003,3467,86,2,3742.31
6004,3468,195,2,2791.97
6005,3469,141,1,4659.93
6006,3470,108,1,35222.2
6007,3471,31,1,5372.67
6008,3472,199,1,1807.32
6009,3473,181,1,15171.01
6010,3473,190,1,16609.1
6011,3474,30,2,4607.45
6012,3474,266,1,3613.18
6013,3474,64,1,1593.6
6014,3475,85,1,2661.7
6015,3476,66,3,1386.78
6016,3476,281,1,6315.48
6017,3477,150,3,1583.38
6018,3477,198,1,8519.87
6019,3478,215,1,5028.48
6020,3478,187,1,1059.32
6021,3479,220,1,598.01
6022,3479,167,1,22910.8
6023,3479,191,3,50577.21
6024,3479,62,1,13328.99
6025,3480,129,1,44699.31
6026,3480,3,1,7150.16
6027,3481,154,2,40400.74
6028,3481,168,4,7034.33
6029,3482,158,3,64030.56
6030,3482,275,1,1194.51
6031,3482,149,1,4511.1
6032,3483,255,3,48316.93
6033,3483,162,2,43073.64
6034,3484,24,1,20731.24
6035,3485,15,3,68538.27
6036,3485,94,1,1615.23
6037,3486,236,1,2125.44
6038,3487,144,1,5066.95
6039,3487,110,2,7067.3
6040,3488,147,3,17729.28
6041,3488,284,3,6448.85
6042,3489,56,1,9514.74
6043,3489,180,1,15018.0
6044,3490,205,1,9509.38
6045,3491,249,1,48396.08
6046,3491,146,1,1066.48
6047,3492,281,1,6165.97
6048,3492,258,4,5620.0
6049,3492,30,1,4538.17
6050,3493,76,1,2918.94
6051,3494,75,1,38518.15
6052,3494,273,1,1312.59
6053,3494,36,2,2496.1
6054,3495,248,1,702.79
6055,3496,291,2,7926.02
6056,3496,125,1,1288.24
6057,3497,43,1,1196.16
6058,3498,243,1,10523.16
6059,3498,131,3,3310.62
6060,3499,191,1,46858.8
6061,3499,89,1,1650.62
6062,3499,137,1,1654.4
6063,3500,118,1,5381.93
6064,3500,154,1,38594.71
6065,3501,5,1,78773.82
6066,3502,165,1,6713.26
6067,3502,85,1,2470.56
6068,3502,69,3,5808.33
6069,3503,278,1,1679.05
6070,3504,46,1,1604.36
6071,3504,250,1,4207.42
6072,3505,237,2,4996.65
6073,3506,117,1,1838.35
6074,3506,27,1,3528.76
6075,3507,199,1,1597.13
6076,3507,207,1,14179.32
6077,3508,60,2,31045.02
6078,3508,264,1,1783.13
6079,3509,97,2,6008.24
6080,3510,131,1,3154.39
6081,3511,282,1,965.82
6082,3512,233,2,6451.2
6083,3512,133,1,5438.81
6084,3512,260,1,19708.24
6085,3513,101,1,434.49
6086,3513,85,1,2853.91
6087,3513,206,1,7123.66
6088,3513,76,1,2724.97
6089,3514,166,1,51179.19
6090,3514,160,1,3012.38
6091,3515,155,1,5084.26
6092,3515,273,1,1281.97
6093,3515,114,1,4611.13
6094,3516,209,1,2233.82
6095,3517,124,1,5303.33
6096,3517,56,2,9093.7
6097,3517,109,1,13522.42
6098,3518,121,2,61181.94
6099,3519,53,1,44519.95
6100,3520,174,2,7353.56
6101,3521,299,2,1110.12
6102,3522,112,1,6488.13
6103,3522,167,1,24559.71
6104,3523,58,3,6413.45
6105,3524,91,1,4709.75
6106,3525,244,1,73417.96
6107,3525,47,1,5495.84
6108,3526,207,1,15254.44
6109,3526,286,1,1863.65
6110,3527,236,1,2266.92
6111,3528,230,3,4914.85
6112,3529,49,1,12731.89
6113,3529,24,1,18123.7
6114,3530,46,1,1477.4
6115,3530,248,1,690.07
6116,3531,29,1,34423.15
6117,3532,42,3,4731.47
6118,3532,197,2,1144.61
6119,3533,18,1,1354.67
6120,3534,271,1,18094.14
6121,3535,207,1,14799.98
6122,3535,257,1,3994.83
6123,3536,208,2,6997.01
6124,3536,78,3,3894.34
6125,3536,188,1,79641.19
6126,3537,101,2,407.32
6127,3537,284,1,6998.63
6128,3538,144,1,4825.26
6129,3539,183,1,7166.35
6130,3539,6,1,38878.83
6131,3539,44,2,17322.74
6132,3539,202,1,23221.2
6133,3540,281,2,5986.97
6134,3541,66,1,1557.31
6135,3541,285,2,375.7
6136,3541,245,1,1124.23
6137,3541,212,1,9282.27
6138,3542,155,2,4990.03
6139,3542,1,2,433.89
6140,3543,47,2,4938.67
6141,3543,34,2,1898.12
6142,3544,225,1,4807.24
6143,3545,82,1,4737.34
6144,3546,243,1,11567.51
6145,3547,224,2,4107.08
6146,3548,257,1,4139.31
6147,3549,262,1,5320.07
6148,3550,32,1,2673.05
6149,3550,200,1,1050.45
6150,3551,142,1,11946.9
6151,3551,231,1,13942.42
6152,3551,16,1,5750.28
6153,3552,133,1,5402.56
6154,3553,288,1,1089.8
6155,3553,3,1,6908.36
6156,3554,141,1,4236.36
6157,3555,92,1,58045.41
6158,3555,229,1,52023.61
6159,3556,125,2,1147.92
6160,3556,76,1,3114.72
6161,3557,176,1,59905.52
6162,3557,64,1,1532.14
6163,3558,154,1,37603.18
6164,3559,145,1,542.86
6165,3560,299,1,1054.64
6166,3561,183,2,7710.85
6167,3561,277,1,8324.19
6168,3561,82,1,5178.97
6169,3561,13,2,811.52
6170,3562,105,1,10498.22
6171,3563,136,1,548.27
6172,3563,125,1,1163.76
6173,3564,2,1,2038.08
6174,3565,4,1,5286.32
6175,3566,167,1,22503.09
6176,3567,73,2,471.45
6177,3568,108,1,37833.05
6178,3569,232,1,5901.44
6179,3570,116,1,43062.23
6180,3571,244,2,65073.87
6181,3572,148,3,45933.75
6182,3572,221,3,1304.63
6183,3573,86,1,3997.1
6184,3574,42,1,4466.64
6185,3575,79,1,2381.74
6186,3576,43,1,1271.22
6187,3576,143,2,1809.37
6188,3577,94,2,1584.14
6189,3578,80,1,77048.8
6190,3578,65,3,1184.43
6191,3578,123,1,3689.31
6192,3579,7,3,443.37
6193,3580,114,2,4688.04
6194,3581,67,1,4714.81
6195,3582,161,1,5512.15
6196,3583,146,3,980.89
6197,3584,138,1,60791.52
6198,3585,183,1,7641.8
6199,3585,17,1,285.9
6200,3585,27,1,3559.39
6201,3585,144,1,4739.6
6202,3586,113,1,1729.91
6203,3586,90,1,16537.92
6204,3587,114,1,4882.74
6205,3587,74,3,20367.88
6206,3587,40,2,1532.39
6207,3588,68,2,48464.4
6208,3588,285,2,390.84
6209,3588,36,1,2676.12
6210,3589,299,4,1015.85
6211,3590,203,3,5295.21
6212,3590,34,1,2050.02
6213,3591,238,2,1649.19
6214,3592,82,1,5124.93
6215,3592,147,2,16492.88
6216,3593,4,1,5154.18
6217,3593,6,3,39380.29
6218,3594,237,3,4369.97
6219,3594,177,2,5077.94
6220,3595,126,1,997.38
6221,3595,282,1,978.74
6222,3596,295,1,5319.06
6223,3597,290,3,2626.0
6224,3597,149,1,4622.13
6225,3597,249,1,45253.96
6226,3597,21,1,21872.99
6227,3598,220,3,668.34
6228,3599,247,3,4891.58
6229,3600,1,3,449.17
6230,3601,236,1,2303.33
6231,3601,267,3,2903.99
6232,3602,61,4,4376.15
6233,3603,277,3,8205.46
6234,3603,55,1,670.37
6235,3603,284,1,6531.25
6236,3604,281,2,6732.82
6237,3604,147,1,15951.01
6238,3605,299,1,1107.7
6239,3605,159,1,42643.97
6240,3606,215,2,5974.89
6241,3607,136,1,515.69
6242,3608,52,1,1609.05
6243,3608,95,1,2422.08
6244,3609,60,1,34587.35
6245,3610,59,1,5990.2
6246,3611,200,1,1054.0
6247,3611,20,1,743.14
6248,3612,26,1,2529.6
6249,3612,279,1,816.73
6250,3613,60,2,31127.87
6251,3613,178,1,13332.13
6252,3613,3,1,6578.25
6253,3614,225,1,4581.78
6254,3614,163,1,2093.31
6255,3615,8,1,2666.8
6256,3616,185,1,2528.61
6257,3616,49,1,12967.83
6258,3616,291,1,7490.46
6259,3617,152,1,6622.9
6260,3617,29,3,37191.23
6261,3617,144,1,4786.66
6262,3617,275,1,1065.65
6263,3618,240,1,8064.57
6264,3619,92,3,55265.83
6265,3620,155,4,5287.1
6266,3621,265,1,8569.17
6267,3621,119,2,5164.25
6268,3622,204,1,70105.99
6269,3623,142,1,14031.81
6270,3624,100,2,8189.24
6271,3625,43,1,1243.97
6272,3625,266,1,3711.19
6273,3626,163,3,2104.52
6274,3627,179,1,1253.58
6275,3627,9,1,9226.57
6276,3628,197,2,1053.3
6277,3628,62,2,13166.5
6278,3629,268,1,14745.43
6279,3629,198,1,9465.75
6280,3630,137,3,1745.83
6281,3631,117,1,1830.56
6282,3632,34,1,1955.08
6283,3633,213,2,5414.28
6284,3634,25,1,2198.7
6285,3635,288,1,1251.78
6286,3636,97,1,5522.16
6287,3637,274,3,67395.2
6288,3637,258,2,4930.95
6289,3638,140,1,9327.57
6290,3639,286,2,1767.75
6291,3639,207,3,14516.51
6292,3639,170,2,41410.03
6293,3639,75,4,39162.07
6294,3640,172,3,18361.16
6295,3641,184,1,5102.51
6296,3642,75,2,41249.73
6297,3642,173,4,28283.39
6298,3643,265,3,8595.59
6299,3643,146,1,1030.67
6300,3643,118,1,5504.43
6301,3644,182,1,41793.35
6302,3645,145,1,568.5
6303,3645,199,1,1795.05
6304,3645,289,2,4246.9
6305,3646,219,1,1417.12
6306,3646,240,1,8283.76
6307,3647,66,1,1517.87
6308,3648,230,1,4899.1
6309,3648,19,1,9885.64
6310,3649,136,2,584.46
6311,3650,59,4,6310.07
6312,3651,44,3,16664.03
6313,3652,291,1,8037.52
6314,3653,105,1,9983.39
6315,3653,162,1,42215.45
6316,3654,130,1,37017.07
6317,3655,216,1,68323.43
6318,3656,240,1,8449.75
6319,3657,14,1,33128.55
6320,3657,231,2,16009.43
6321,3658,199,2,1596.7
6322,3658,277,1,9404.94
6323,3659,24,1,19593.03
6324,3659,22,2,4038.26
6325,3660,72,2,5139.55
6326,3660,133,1,4904.19
6327,3660,204,1,81100.11
6328,3660,250,3,4020.85
6329,3661,204,1,69786.62
6330,3661,141,1,4165.51
6331,3661,41,1,9050.91
6332,3661,70,2,2292.78
6333,3662,124,1,5351.68
6334,3663,240,2,8785.83
6335,3664,269,1,6785.43
6336,3664,16,1,5627.9
6337,3665,276,1,48906.71
6338,3666,109,1,13636.67
6339,3667,183,1,7872.43
6340,3667,206,4,8181.47
6341,3667,118,2,5356.49
6342,3668,49,1,12771.24
6343,3669,61,1,4395.64
6344,3670,252,2,7893.18
6345,3670,199,4,1674.32
6346,3671,120,1,3620.2
6347,3671,294,1,1222.42
6348,3671,115,2,1558.72
6349,3672,224,1,4089.72
6350,3672,285,3,375.18
6351,3672,109,1,13503.08
6352,3673,45,3,631.71
6353,3673,138,1,62600.66
6354,3673,131,2,3477.9
6355,3674,164,1,14202.13
6356,3675,154,2,35531.07
6357,3675,188,1,76724.35
6358,3676,30,1,5199.0
6359,3677,257,1,3777.58
6360,3677,95,1,2300.44
6361,3677,235,1,36296.31
6362,3677,160,3,2968.11
6363,3678,100,2,8341.28
6364,3679,277,1,9289.75
6365,3680,83,4,5609.53
6366,3680,141,2,4148.29
6367,3680,90,1,16119.6
6368,3681,168,3,6577.82
6369,3681,35,1,45326.64
6370,3682,203,1,5760.42
6371,3683,8,1,3007.99
6372,3684,44,4,18940.44
6373,3685,296,1,2366.65
6374,3685,45,1,578.11
6375,3686,95,1,2326.31
6376,3686,144,2,4651.9
6377,3687,149,1,4836.32
6378,3688,188,1,79853.28
6379,3688,29,1,38168.57
6380,3689,96,1,50620.23
6381,3690,132,1,16480.15
6382,3690,25,1,2147.11
6383,3690,1,1,484.68
6384,3691,227,1,2235.89
6385,3691,268,1,13736.67
6386,3692,210,1,14821.29
6387,3692,290,1,2483.81
6388,3692,273,3,1438.1
6389,3693,287,1,1146.85
6390,3694,238,1,1682.3
6391,3694,59,1,6544.53
6392,3694,223,1,5395.59
6393,3695,243,1,11426.3
6394,3695,157,1,4810.35
6395,3695,104,1,11830.6
6396,3696,282,3,973.72
6397,3696,197,1,1114.49
6398,3697,207,1,14520.05
6399,3697,278,1,1511.62
6400,3697,34,4,2027.69
6401,3697,165,2,7868.86
6402,3698,234,1,13725.19
6403,3698,121,1,63775.21
6404,3699,68,2,52317.88
6405,3699,157,1,4632.7
6406,3699,243,2,11721.53
6407,3699,187,1,1070.62
6408,3700,298,2,246.15
6409,3700,165,2,7490.88
6410,3701,40,2,1439.58
6411,3701,40,1,1437.76
6412,3701,25,1,2306.44
6413,3702,218,1,2279.71
6414,3703,235,1,32157.69
6415,3704,5,1,74211.18
6416,3704,240,2,9277.05
6417,3705,201,1,5657.23
6418,3705,203,1,5955.64
6419,3706,126,1,953.48
6420,3707,140,4,9237.08
6421,3708,2,1,1867.3
6422,3709,258,2,5103.48
6423,3709,214,2,33482.89
6424,3709,199,1,1588.92
6425,3710,286,1,1679.21
6426,3710,260,1,20828.73
6427,3711,62,2,13383.54
6428,3712,101,2,414.74
6429,3713,83,2,5739.55
6430,3713,103,1,1930.32
6431,3713,33,3,1133.42
6432,3713,184,1,5172.76
6433,3714,40,1,1464.79
6434,3715,207,1,16435.72
6435,3715,287,1,1159.95
6436,3716,41,1,7806.69
6437,3716,86,1,3691.06
6438,3716,48,1,961.62
6439,3717,238,3,1566.6
6440,3717,250,1,4297.62
6441,3717,192,4,13143.4
6442,3717,173,3,25509.53
6443,3718,157,1,4815.87
6444,3719,69,1,5225.38
6445,3719,183,1,8104.2
6446,3720,101,1,452.26
6447,3720,117,1,1958.77
6448,3720,246,1,347.12
6449,3720,266,4,3772.88
6450,3721,64,4,1787.56
6451,3722,193,2,16612.63
6452,3722,182,1,48550.83
6453,3723,285,2,392.73
6454,3723,153,3,4513.77
6455,3724,122,2,19399.78
6456,3725,287,2,1204.12
6457,3726,284,1,6041.68
6458,3727,229,1,46910.38
6459,3728,281,1,6814.6
6460,3729,215,1,5218.7
6461,3730,100,1,7253.45
6462,3730,226,2,6727.26
6463,3731,299,1,982.13
6464,3731,285,1,378.32
6465,3731,231,1,15710.76
6466,3731,77,1,1189.0
6467,3732,232,1,5694.97
6468,3732,11,1,956.24
6469,3732,188,1,80532.34
6470,3733,87,1,37833.08
6471,3733,46,1,1643.75
6472,3733,274,1,64918.55
6473,3734,224,1,3980.79
6474,3734,210,2,16697.82
6475,3735,186,2,3070.56
6476,3736,47,1,5650.09
6477,3737,160,4,3105.25
6478,3737,102,1,2718.58
6479,3738,298,2,236.18
6480,3738,181,1,13830.0
6481,3738,258,3,5705.63
6482,3738,49,1,11953.38
6483,3739,89,1,1703.5
6484,3740,180,1,15925.94
6485,3740,292,2,969.91
6486,3741,23,2,750.1
6487,3741,36,1,2515.69
6488,3741,219,1,1453.45
6489,3741,34,1,1819.08
6490,3742,91,2,5159.86
6491,3742,198,1,9204.12
6492,3743,129,2,44503.14
6493,3743,228,1,48401.97
6494,3744,5,1,75503.52
6495,3744,194,2,6853.17
6496,3744,194,1,6254.3
6497,3744,81,2,3921.7
6498,3745,206,4,8308.61
6499,3745,130,1,36390.88
6500,3746,263,1,1024.96
6501,3747,231,1,15688.77
6502,3747,219,3,1506.0
6503,3747,158,1,61597.35
6504,3747,203,1,5656.52
6505,3748,43,1,1183.76
6506,3748,127,1,38042.76
6507,3748,111,1,6287.91
6508,3749,22,1,3873.99
6509,3750,243,2,10935.22
6510,3750,194,2,6855.22
6511,3750,100,1,7779.03
6512,3750,7,1,447.6
6513,3751,291,2,7262.26
6514,3752,198,3,8726.17
6515,3752,243,2,11814.96
6516,3752,23,1,689.1
6517,3753,275,3,1078.92
6518,3753,18,4,1586.91
6519,3753,275,2,1189.33
6520,3754,171,3,4174.89
6521,3755,261,3,1543.45
6522,3755,277,1,9199.2
6523,3755,264,1,1646.3
6524,3756,217,2,3318.3
6525,3757,32,1,2877.03
6526,3757,211,1,3904.79
6527,3757,158,1,57336.09
6528,3757,239,2,7699.88
6529,3758,295,1,4777.98
6530,3758,139,1,3348.88
6531,3759,82,2,4685.81
6532,3759,219,1,1513.71
6533,3760,73,2,431.4
6534,3760,144,2,5059.36
6535,3760,212,1,9630.47
6536,3760,285,3,361.28
6537,3761,222,1,8975.44
6538,3762,214,1,31729.95
6539,3762,156,2,6236.25
6540,3763,91,1,5182.63
6541,3763,256,4,1565.2
6542,3764,110,2,6289.17
6543,3765,65,1,1111.37
6544,3766,192,1,13100.67
6545,3766,275,1,1202.04
6546,3767,143,3,1802.97
6547,3768,111,1,6188.19
6548,3769,47,1,5767.29
6549,3769,245,1,1106.89
6550,3770,191,1,45161.76
6551,3771,55,2,624.45
6552,3772,186,1,2997.49
6553,3773,112,1,6514.26
6554,3774,6,2,39162.94
6555,3774,192,1,14498.55
6556,3775,115,1,1445.26
6557,3776,63,1,2062.08
6558,3776,220,2,659.88
6559,3776,63,3,2008.43
6560,3776,55,1,684.39
6561,3777,55,4,620.02
6562,3778,256,1,1660.76
6563,3779,129,3,45294.39
6564,3779,171,1,4245.55
6565,3779,248,1,620.39
6566,3780,123,2,3605.0
6567,3781,81,1,3544.76
6568,3781,297,1,4012.21
6569,3782,183,1,7075.06
6570,3783,192,1,14456.28
6571,3783,89,1,1774.71
6572,3783,278,3,1674.78
6573,3783,100,1,7466.41
6574,3784,300,1,960.98
6575,3785,187,1,1065.94
6576,3786,138,1,71479.97
6577,3786,215,1,5645.72
6578,3787,109,1,13475.98
6579,3788,249,1,45693.5
6580,3788,261,2,1439.23
6581,3788,30,1,4651.96
6582,3789,4,1,5678.74
6583,3789,21,1,22815.3
6584,3789,139,2,3240.1
6585,3790,200,1,974.87
6586,3790,194,1,7017.05
6587,3791,78,1,4107.39
6588,3792,244,1,76793.59
6589,3792,28,1,414.71
6590,3793,206,1,7748.13
6591,3794,140,1,10206.9
6592,3795,7,1,446.45
6593,3796,259,1,30077.61
6594,3797,203,2,5145.58
6595,3798,167,4,22392.74
6596,3798,196,3,295.02
6597,3799,94,2,1588.27
6598,3799,3,1,6558.04
6599,3800,114,2,5286.46
6600,3801,90,1,17568.69
6601,3802,209,1,2222.47
6602,3802,141,1,4506.61
6603,3803,289,1,4303.59
6604,3803,190,1,16781.46
6605,3804,204,2,71229.2
6606,3805,205,1,8462.49
6607,3805,88,1,62868.22
6608,3806,164,1,13025.65
6609,3806,274,1,75405.43
6610,3806,298,1,227.48
6611,3807,96,1,50018.72
6612,3808,206,1,7232.88
6613,3808,25,1,2174.34
6614,3808,50,1,41492.72
6615,3809,124,1,5257.91
6616,3809,219,3,1612.55
6617,3809,55,1,695.16
6618,3809,65,3,1057.14
6619,3810,215,3,5376.39
6620,3810,51,3,668.85
6621,3810,22,1,3874.23
6622,3811,190,2,15166.77
6623,3812,152,1,6619.16
6624,3813,155,1,5081.26
6625,3813,166,1,55647.2
6626,3814,284,1,6306.54
6627,3815,284,2,6533.84
6628,3816,175,1,6318.39
6629,3817,198,1,8983.82
6630,3817,157,2,4506.39
6631,3818,110,1,6700.79
6632,3819,41,1,8132.76
6633,3820,195,1,2595.59
6634,3820,259,2,28392.01
6635,3821,211,1,4050.81
6636,3822,96,1,54710.1
6637,3823,184,1,5397.15
6638,3823,126,1,956.53
6639,3823,293,2,1062.54
6640,3823,151,1,2767.42
6641,3824,141,1,4208.22
6642,3824,287,2,1124.9
6643,3825,58,1,5919.3
6644,3826,78,1,3702.54
6645,3827,61,3,4144.35
6646,3827,206,1,7472.62
6647,3828,206,1,7998.52
6648,3828,212,1,8573.14
6649,3829,279,1,853.9
6650,3829,8,1,2980.92
6651,3829,74,2,19988.63
6652,3830,118,2,5651.3
6653,3831,64,1,1581.15
6654,3831,13,2,957.7
6655,3832,72,1,5709.96
6656,3833,44,1,17523.92
6657,3833,283,3,1229.94
6658,3833,24,1,20159.25
6659,3833,65,2,1063.57
6660,3834,76,1,2754.38
6661,3835,214,3,28478.22
6662,3836,209,1,2080.07
6663,3836,261,1,1605.99
6664,3837,45,1,636.1
6665,3837,256,1,1616.98
6666,3838,119,1,5706.51
6667,3838,247,1,5514.1
6668,3839,172,1,19024.9
6669,3840,146,1,961.9
6670,3840,62,2,14702.98
6671,3840,11,1,958.81
6672,3841,78,1,3713.89
6673,3841,67,1,5259.5
6674,3842,167,3,25244.29
6675,3842,215,1,5051.18
6676,3843,210,1,16266.48
6677,3843,249,1,46555.64
6678,3843,143,1,1617.55
6679,3844,73,1,432.71
6680,3845,109,1,13666.48
6681,3845,102,4,2629.01
6682,3846,255,1,47944.87
6683,3847,196,1,286.95
6684,3848,250,1,3913.74
6685,3849,88,3,58828.8
6686,3850,82,2,4609.31
6687,3851,253,1,19781.03
6688,3852,215,1,5855.95
6689,3852,13,1,864.39
6690,3853,188,3,74097.46
6691,3854,8,1,2829.37
6692,3854,22,2,3523.34
6693,3855,26,3,2541.32
6694,3856,19,1,9873.95
6695,3857,140,1,9344.56
6696,3858,1,2,491.66
6697,3858,166,1,59336.36
6698,3859,44,1,18825.74
6699,3859,75,1,40412.76
6700,3860,36,4,2513.32
6701,3860,76,2,2883.0
6702,3860,31,1,5375.63
6703,3860,161,1,5582.75
6704,3861,122,2,19894.29
6705,3861,273,3,1319.91
6706,3862,217,1,3257.32
6707,3862,122,2,20327.81
6708,3862,138,1,70741.41
6709,3862,6,2,38367.92
6710,3863,166,2,51265.81
6711,3864,167,2,21649.65
6712,3864,101,1,395.93
6713,3865,91,4,4917.29
6714,3865,198,1,8443.86
6715,3866,191,3,47961.03
6716,3866,100,1,7418.48
6717,3867,230,1,4174.71
6718,3867,94,1,1623.7
6719,3867,129,1,50900.96
6720,3868,284,1,6442.39
6721,3868,208,2,7487.25
6722,3869,132,2,15731.39
6723,3870,175,1,5968.69
6724,3870,135,1,2687.45
6725,3871,53,2,49893.69
6726,3872,22,1,3570.94
6727,3873,248,1,697.4
6728,3873,277,2,8005.91
6729,3874,268,1,15318.32
6730,3875,111,1,6916.66
6731,3875,125,3,1243.44
6732,3876,205,1,8258.85
6733,3877,108,1,37004.45
6734,3877,202,3,24643.76
6735,3877,147,1,16312.29
6736,3878,266,2,3305.33
6737,3879,259,2,29951.01
6738,3880,264,1,1636.99
6739,3881,242,1,7901.33
6740,3881,47,2,5306.67
6741,3882,234,1,15350.58
6742,3883,33,2,1212.58
6743,3884,216,3,74326.5
6744,3885,267,1,3316.26
6745,3886,255,1,47575.41
6746,3886,83,2,5578.39
6747,3886,215,1,5434.11
6748,3887,251,1,1033.87
6749,3887,13,1,813.1
6750,3888,123,3,4013.16
6751,3888,51,2,794.36
6752,3889,105,1,10081.19
6753,3890,269,1,6493.41
6754,3890,54,1,15135.48
6755,3891,203,2,5746.1
6756,3891,292,1,1075.46
6757,3892,251,1,988.78
6758,3893,20,1,704.19
6759,3893,283,3,1287.23
6760,3893,158,1,63636.32
6761,3894,299,2,1057.96
6762,3895,216,1,72111.24
6763,3896,226,1,5684.73
6764,3896,126,1,1053.81
6765,3896,48,3,918.13
6766,3897,89,1,1785.13
6767,3897,151,1,2647.67
6768,3898,48,2,945.23
6769,3898,6,1,39859.62
6770,3899,59,1,6041.58
6771,3899,233,2,5811.65
6772,3899,284,1,6421.5
6773,3900,247,1,4870.14
6774,3900,124,2,4796.52
6775,3900,153,3,5262.44
6776,3901,10,1,70084.72
6777,3901,157,2,4293.79
6778,3901,118,1,6289.35
6779,3901,114,3,4720.94
6780,3902,184,2,5395.28
6781,3902,126,3,945.89
6782,3903,186,2,2828.1
6783,3903,253,1,20546.79
6784,3904,29,3,36106.95
6785,3904,271,1,17072.05
6786,3905,79,2,2380.28
6787,3906,218,2,2524.07
6788,3907,221,3,1314.31
6789,3907,297,2,4203.35
6790,3907,296,2,2397.84
6791,3908,62,4,13555.81
6792,3909,154,2,41874.63
6793,3909,273,1,1282.0
6794,3909,26,2,2706.03
6795,3910,195,1,2914.5
6796,3911,263,1,1134.03
6797,3912,138,4,67901.3
6798,3913,132,1,17224.21
6799,3914,121,3,66230.01
6800,3915,221,2,1276.02
6801,3916,50,1,39419.86
6802,3916,74,3,17187.08
6803,3917,27,1,3152.45
6804,3918,262,1,5825.9
6805,3919,235,1,35823.51
6806,3920,81,1,3633.96
6807,3921,182,1,46976.72
6808,3921,209,1,2278.6
6809,3921,63,4,1869.55
6810,3922,121,2,70864.06
6811,3922,107,1,5104.92
6812,3922,110,3,6894.87
6813,3923,199,3,1602.11
6814,3924,58,1,5957.4
6815,3925,74,3,17232.4
6816,3926,252,1,7562.16
6817,3926,57,1,47593.94
6818,3927,133,1,5344.38
6819,3928,225,1,4697.91
6820,3928,125,1,1250.27
6821,3929,139,1,3105.51
6822,3930,34,1,1907.52
6823,3930,130,1,38788.58
6824,3931,43,2,1148.56
6825,3932,47,1,5194.88
6826,3933,111,1,6854.11
6827,3934,191,1,47681.48
6828,3934,13,1,883.11
6829,3935,34,1,2051.59
6830,3935,180,1,15705.63
6831,3936,185,1,2938.82
6832,3936,57,2,43723.68
6833,3937,18,1,1350.58
6834,3938,219,2,1416.35
6835,3938,289,2,4613.7
6836,3939,195,1,2771.75
6837,3940,73,1,434.05
6838,3940,142,1,12905.33
6839,3941,263,1,1083.25
6840,3941,61,1,4277.82
6841,3942,22,1,3870.58
6842,3943,233,1,6540.59
6843,3943,197,2,1040.21
6844,3943,298,2,239.75
6845,3944,148,1,43394.58
6846,3944,214,1,32276.03
6847,3944,137,2,1700.71
6848,3945,218,1,2419.75
6849,3945,203,1,6007.58
6850,3945,59,1,6614.15
6851,3945,252,3,7649.11
6852,3946,121,1,63890.39
6853,3947,143,1,1645.99
6854,3947,25,3,2104.31
6855,3947,82,1,5075.79
6856,3948,25,1,2116.6
6857,3949,282,1,912.64
6858,3950,135,2,2734.41
6859,3950,42,1,4503.48
6860,3951,76,2,3074.4
6861,3952,199,1,1567.74
6862,3953,194,1,7135.06
6863,3953,183,1,8028.31
6864,3953,280,1,28529.59
6865,3954,291,1,8145.99
6866,3955,129,1,44338.71
6867,3955,211,1,4244.4
6868,3956,38,1,1659.79
6869,3956,25,1,2064.55
6870,3956,62,2,14490.42
6871,3957,118,1,5382.94
6872,3958,138,2,62094.61
6873,3958,292,2,943.63
6874,3958,139,1,3117.67
6875,3959,142,1,13635.86
6876,3959,164,2,12600.0
6877,3959,30,1,4521.65
6878,3959,271,1,17649.27
6879,3960,76,2,2715.45
6880,3961,274,2,76504.73
6881,3962,225,2,4867.86
6882,3963,193,2,19300.41
6883,3963,267,1,3064.73
6884,3963,47,2,4889.0
6885,3963,218,1,2535.82
6886,3964,51,1,785.68
6887,3965,300,1,981.47
6888,3966,90,1,16086.67
6889,3966,105,1,10412.21
6890,3967,218,1,2459.87
6891,3967,123,2,3825.29
6892,3968,253,1,20800.67
6893,3968,120,1,3273.61
6894,3969,197,1,1054.93
6895,3970,58,1,6849.27
6896,3970,254,1,12192.54
6897,3971,8,1,2682.64
6898,3971,72,1,5646.36
6899,3972,236,1,2226.64
6900,3972,205,1,8590.81
6901,3973,54,3,15238.55
6902,3973,82,2,4647.07
6903,3974,87,1,36694.74
6904,3975,197,1,1140.79
6905,3976,103,1,1808.26
6906,3977,9,2,8761.22
6907,3978,117,1,1762.13
6908,3979,183,3,6894.06
6909,3980,119,4,5588.67
6910,3981,268,1,13937.58
6911,3981,197,3,1137.14
6912,3982,79,1,2518.66
6913,3982,195,1,2472.82
6914,3983,260,3,22145.67
6915,3983,290,1,2596.91
6916,3983,17,2,283.1
6917,3984,82,1,5049.35
6918,3985,197,1,1058.73
6919,3986,6,2,35678.78
6920,3987,126,1,1036.89
6921,3987,179,4,1332.76
6922,3988,9,2,8881.52
6923,3988,36,1,2562.17
6924,3989,193,2,19219.25
6925,3990,142,1,12908.04
6926,3991,48,2,921.5
6927,3992,7,2,429.92
6928,3993,149,1,4220.86
6929,3994,277,1,8568.19
6930,3994,74,1,19776.89
6931,3995,126,2,1045.81
6932,3996,38,1,1676.73
6933,3996,114,1,4846.7
6934,3996,34,1,1881.25
6935,3997,70,2,2259.59
6936,3998,189,1,20378.04
6937,3999,143,1,1738.03
6938,3999,60,1,32719.87
6939,3999,42,3,4712.91
6940,4000,93,1,4245.94
6941,4001,248,1,684.9
6942,4001,61,1,4492.45
6943,4001,98,1,4335.24
6944,4002,38,2,1523.8
6945,4003,185,1,2470.74
6946,4004,1,1,482.7
6947,4004,60,1,32229.84
6948,4004,145,4,531.5
6949,4005,200,1,995.69
6950,4006,231,1,16319.53
6951,4007,224,1,4079.8
6952,4008,21,1,22658.88
6953,4009,176,1,62163.0
6954,4010,52,1,1499.66
6955,4010,179,1,1314.88
6956,4011,267,2,2947.15
6957,4012,8,1,2924.17
6958,4012,274,2,72979.2
6959,4013,278,2,1716.52
6960,4013,289,1,4246.36
6961,4014,11,1,953.15
6962,4014,189,1,18595.93
6963,4014,79,2,2427.19
6964,4015,5,2,72053.01
6965,4015,19,1,10456.67
6966,4015,39,1,7571.54
6967,4015,124,2,4819.46
6968,4016,66,1,1440.71
6969,4016,24,2,17620.48
6970,4016,106,1,39903.64
6971,4017,145,1,583.91
6972,4018,106,1,41551.32
6973,4019,188,1,70630.48
6974,4019,54,1,15809.91
6975,4020,98,2,4228.48
6976,4021,54,1,16279.25
6977,4022,68,1,45718.92
6978,4022,287,1,1042.86
6979,4022,194,1,6212.4
6980,4023,28,1,387.78
6981,4024,51,1,683.85
6982,4025,6,2,38901.56
6983,4026,256,2,1720.11
6984,4027,8,1,2679.97
6985,4028,24,1,18719.29
6986,4028,168,2,6937.53
6987,4028,140,1,9743.27
6988,4028,67,1,4835.17
6989,4029,140,1,10368.16
6990,4030,145,2,532.45
6991,4030,41,1,7717.82
6992,4031,140,3,10625.62
6993,4032,243,2,11166.22
6994,4033,272,2,40110.18
6995,4034,186,1,2912.19
6996,4035,49,1,12374.99
6997,4035,237,1,4655.03
6998,4036,94,2,1566.75
6999,4037,48,1,866.6
7000,4038,204,1,78067.24
7001,4038,55,1,588.6
7002,4039,159,1,42904.75
7003,4040,152,2,6562.55
7004,4041,176,2,67440.24
7005,4042,106,1,40616.49
7006,4043,140,1,10544.29
7007,4044,38,2,1540.34
7008,4045,247,1,4761.69
7009,4046,201,1,6244.84
7010,4047,37,1,45144.74
7011,4048,247,1,5125.15
7012,4048,286,1,1894.54
7013,4049,232,1,5392.88
7014,4050,55,2,672.63
7015,4051,204,2,68151.21
7016,4051,57,1,43981.22
7017,4051,238,1,1708.28
7018,4052,70,1,2446.52
7019,4052,276,1,48727.04
7020,4053,223,2,5608.24
7021,4054,248,2,731.86
7022,4054,180,1,16535.81
7023,4055,33,1,1118.9
7024,4055,31,1,5361.85
7025,4055,243,1,10618.81
7026,4055,263,1,1089.49
7027,4056,115,2,1434.08
7028,4056,297,2,4298.64
7029,4057,87,2,40746.15
7030,4057,150,1,1661.58
7031,4058,131,1,3509.2
7032,4058,7,1,454.54
7033,4059,82,2,4388.62
7034,4059,154,1,38389.4
7035,4059,7,1,396.93
7036,4060,174,1,6894.17
7037,4061,154,1,39478.34
7038,4061,59,1,6825.1
7039,4062,160,1,2803.03
7040,4063,11,1,952.5
7041,4064,195,1,2588.08
7042,4065,147,4,15449.11
7043,4065,111,1,6310.35
7044,4066,262,1,5085.9
7045,4067,251,1,1010.49
7046,4067,75,1,38523.87
7047,4068,163,1,2011.96
7048,4068,111,2,5868.54
7049,4068,261,2,1399.3
7050,4069,272,2,37849.35
7051,4070,250,1,3921.0
7052,4071,183,1,6881.74
7053,4072,295,1,5605.53
7054,4072,171,2,4055.3
7055,4073,191,2,46479.47
7056,4074,99,1,17566.08
7057,4074,216,2,68341.09
7058,4075,289,1,4590.57
7059,4075,167,2,23420.7
7060,4076,210,2,14646.27
7061,4077,84,2,22306.6
7062,4077,31,1,5767.42
7063,4078,113,1,1606.22
7064,4079,15,1,61924.33
7065,4080,300,1,1085.91
7066,4080,185,3,2785.66
7067,4080,223,1,5583.76
7068,4080,81,1,3492.05
7069,4081,181,1,14040.4
7070,4082,33,1,1177.21
7071,4083,278,1,1561.25
7072,4084,220,3,579.84
7073,4084,89,1,1729.69
7074,4085,260,1,19581.39
7075,4085,164,1,14696.96
7076,4086,135,2,2943.7
7077,4087,156,1,5382.25
7078,4088,91,1,4815.98
7079,4088,122,2,18550.64
7080,4089,41,1,8864.84
7081,4090,26,1,2748.94
7082,4091,204,1,70285.14
7083,4091,189,3,18371.82
7084,4091,5,2,71399.72
7085,4091,112,1,6125.03
7086,4092,205,3,9267.9
7087,4092,43,1,1276.39
7088,4093,287,1,1210.41
7089,4094,98,1,4473.33
7090,4095,117,2,1941.88
7091,4096,182,1,48215.75
7092,4096,219,1,1503.8
7093,4097,104,1,11307.43
7094,4098,17,2,284.7
7095,4098,156,1,5452.11
7096,4099,103,1,1831.96
7097,4100,72,1,5027.78
7098,4101,138,1,71980.44
7099,4101,48,1,867.92
7100,4102,194,3,6290.91
7101,4102,202,1,26534.9
7102,4103,90,1,15590.93
7103,4103,125,1,1124.76
7104,4104,195,1,2504.84
7105,4105,257,1,4050.56
7106,4106,218,1,2351.11
7107,4107,268,1,15825.45
7108,4108,47,1,4911.03
7109,4109,92,1,63465.93
7110,4109,253,2,20262.65
7111,4110,61,1,4316.56
7112,4110,206,1,7453.31
7113,4110,23,1,771.75
7114,4111,298,3,230.91
7115,4111,91,3,4520.06
7116,4111,234,1,13563.68
7117,4111,239,1,7686.08
7118,4112,229,1,49949.36
7119,4112,81,3,3815.79
7120,4113,6,1,37562.77
7121,4113,299,1,1093.74
7122,4113,127,1,34701.77
7123,4114,207,1,14994.61
7124,4115,93,1,4322.72
7125,4115,297,1,4166.02
7126,4115,233,1,6891.52
7127,4116,198,1,9838.36
7128,4117,198,1,9082.94
7129,4118,21,3,23866.37
7130,4119,154,3,38797.38
7131,4120,83,1,5701.52
7132,4120,109,2,11786.78
7133,4121,164,2,13550.42
7134,4122,31,3,5282.8
7135,4122,234,2,13372.82
7136,4122,94,1,1486.89
7137,4123,138,4,66543.35
7138,4123,181,1,13877.04
7139,4123,30,1,4532.61
7140,4124,89,1,1603.61
7141,4124,68,3,45046.46
7142,4125,35,1,43640.88
7143,4126,210,1,16046.59
7144,4126,5,1,71166.19
7145,4127,46,2,1620.68
7146,4128,273,1,1461.72
7147,4129,192,1,13054.41
7148,4130,67,3,4982.62
7149,4131,227,1,2393.2
7150,4132,280,3,30248.29
7151,4133,116,1,43896.41
7152,4134,7,2,400.77
7153,4134,151,1,2596.17
7154,4135,129,1,43701.67
7155,4135,70,1,2380.14
7156,4135,149,1,4204.38
7157,4136,109,4,13366.56
7158,4136,119,2,5209.45
7159,4136,86,3,3914.51
7160,4137,30,1,4621.12
7161,4138,105,2,10304.83
7162,4138,263,1,1142.83
7163,4138,271,1,18039.17
7164,4139,276,3,45327.32
7165,4139,76,1,2714.01
7166,4140,227,2,2286.87
7167,4141,6,3,37472.27
7168,4142,33,1,1207.1
7169,4143,240,3,8279.81
7170,4144,76,1,2916.87
7171,4144,257,1,3672.54
7172,4144,89,2,1627.79
7173,4145,191,2,49379.83
7174,4146,284,3,6166.16
7175,4147,164,3,13368.9
7176,4147,240,1,7854.46
7177,4148,290,2,2606.49
7178,4148,131,1,3546.61
7179,4149,146,1,1052.38
7180,4149,152,1,6875.19
7181,4150,206,1,7599.7
7182,4151,240,1,8116.22
7183,4151,65,1,1147.85
7184,4152,19,1,9460.01
7185,4153,128,4,5339.53
7186,4153,118,3,5781.93
7187,4154,165,1,7223.55
7188,4154,16,4,5184.39
7189,4154,50,1,41373.23
7190,4154,274,1,68369.82
7191,4155,173,1,25260.28
7192,4155,133,1,5525.8
7193,4156,184,1,5453.26
7194,4157,54,1,16246.05
7195,4157,94,1,1539.78
7196,4157,294,1,1182.51
7197,4158,65,1,1053.54
7198,4159,264,2,1785.32
7199,4159,49,3,12489.32
7200,4160,153,2,4742.67
7201,4160,244,1,75228.2
7202,4161,278,1,1550.86
7203,4162,59,3,5984.3
7204,4163,55,1,626.81
7205,4163,119,1,5296.15
7206,4164,230,1,4509.93
7207,4165,34,1,1889.56
7208,4166,232,1,5352.41
7209,4166,154,1,37801.77
7210,4167,178,1,12169.23
7211,4167,206,1,7765.82
7212,4168,119,2,5485.74
7213,4168,117,4,1714.73
7214,4168,85,1,2857.41
7215,4169,18,2,1416.83
7216,4169,194,1,6885.36
7217,4169,208,1,6876.46
7218,4170,97,1,5181.72
7219,4170,298,1,217.11
7220,4170,40,1,1658.06
7221,4171,258,3,5358.64
7222,4172,256,1,1767.81
7223,4173,16,2,5581.03
7224,4173,240,2,9231.54
7225,4174,50,1,38785.21
7226,4174,90,2,15763.76
7227,4174,204,1,72087.62
7228,4175,3,1,7099.12
7229,4175,72,1,5316.72
7230,4176,72,2,5526.54
7231,4176,14,1,32108.89
7232,4177,170,4,40899.06
7233,4177,200,1,1089.54
7234,4177,207,3,15191.95
7235,4178,222,1,9462.91
7236,4179,122,1,19038.07
7237,4179,114,2,5294.61
7238,4180,258,3,5538.24
7239,4181,12,1,30396.89
7240,4181,79,1,2686.35
7241,4182,96,1,51229.41
7242,4183,284,2,7172.1
7243,4184,56,1,9846.36
7244,4185,195,2,2494.18
7245,4185,102,1,2956.01
7246,4186,225,1,5088.27
7247,4186,115,2,1410.16
7248,4187,162,1,37200.91
7249,4187,42,1,4438.35
7250,4187,300,3,1020.27
7251,4188,29,1,38833.71
7252,4188,50,1,43830.52
7253,4188,129,1,46044.36
7254,4189,137,1,1543.3
7255,4190,140,1,10698.97
7256,4191,80,1,78453.91
7257,4192,68,1,47301.34
7258,4193,82,2,5137.92
7259,4193,146,1,1128.71
7260,4194,244,1,69423.87
7261,4194,38,1,1431.03
7262,4195,172,1,18532.41
7263,4196,123,1,4214.85
7264,4196,32,1,2598.79
7265,4197,121,1,70824.16
7266,4197,279,3,844.13
7267,4197,50,1,38339.18
7268,4198,44,2,19265.53
7269,4199,289,2,4588.71
7270,4199,214,1,28571.65
7271,4199,123,1,4167.19
7272,4200,204,3,79498.53
7273,4201,184,1,4717.23
7274,4202,248,1,646.47
7275,4203,114,1,5398.5
7276,4204,192,1,13531.46
7277,4205,51,1,698.66
7278,4206,115,3,1377.97
7279,4207,45,1,543.63
7280,4207,61,2,4192.7
7281,4208,230,1,4591.36
7282,4209,162,1,40637.8
7283,4210,30,2,4704.88
7284,4210,10,2,62444.12
7285,4211,291,2,7476.61
7286,4211,158,1,60475.03
7287,4212,110,1,6295.93
7288,4212,52,2,1503.16
7289,4213,70,1,2546.56
7290,4213,194,1,6014.69
7291,4214,24,1,19283.82
7292,4214,124,1,5533.0
7293,4214,240,1,8774.84
7294,4215,228,1,46576.84
7295,4216,125,1,1121.41
7296,4216,178,1,11996.8
7297,4217,205,3,8954.53
7298,4218,150,1,1663.79
7299,4218,212,1,9705.29
7300,4218,198,2,8349.94
7301,4219,98,1,4159.02
7302,4220,67,1,4786.61
7303,4220,78,1,4372.45
7304,4220,277,3,8134.5
7305,4221,34,1,1829.83
7306,4221,22,4,3865.94
7307,4221,220,1,672.53
7308,4222,104,1,11082.46
7309,4223,240,1,8320.64
7310,4224,18,1,1593.97
7311,4225,245,1,1178.8
7312,4226,176,3,57157.79
7313,4227,2,2,1963.48
7314,4227,115,3,1386.18
7315,4228,9,2,9082.62
7316,4229,18,2,1526.39
7317,4230,21,1,22715.44
7318,4231,201,2,6226.74
7319,4232,147,2,15465.99
7320,4233,288,1,1204.53
7321,4233,207,2,14883.32
7322,4234,33,2,1099.35
7323,4235,270,1,15133.71
7324,4235,67,1,5582.47
7325,4235,100,3,7191.76
7326,4236,82,1,5023.63
7327,4236,120,1,3470.12
7328,4237,205,2,9213.07
7329,4237,58,1,6324.49
7330,4237,116,2,42376.2
7331,4237,258,1,5195.72
7332,4238,227,4,2064.87
7333,4239,88,2,54244.47
7334,4240,139,1,3285.47
7335,4241,203,1,5618.32
7336,4242,8,1,2740.16
7337,4242,232,1,5702.61
7338,4242,53,2,43655.34
7339,4243,120,2,3244.13
7340,4243,97,1,5380.14
7341,4244,34,1,1991.48
7342,4244,191,1,49986.83
7343,4244,96,2,51655.11
7344,4244,205,2,8371.9
7345,4245,97,1,5138.71
7346,4245,193,2,16992.18
7347,4245,289,1,4659.78
7348,4246,19,1,10303.22
7349,4247,17,2,292.87
7350,4248,111,1,6383.88
7351,4249,236,1,2199.6
7352,4249,191,1,47220.09
7353,4250,292,2,1033.26
7354,4250,192,1,14740.48
7355,4251,260,1,20004.01
7356,4252,174,1,6822.17
7357,4252,60,1,33146.72
7358,4252,128,3,5223.15
7359,4253,191,2,52258.17
7360,4253,3,1,7488.06
7361,4254,116,1,43114.28
7362,4254,168,1,7161.82
7363,4254,132,1,16552.11
7364,4255,79,2,2696.53
7365,4256,130,1,37148.31
7366,4256,106,1,40394.16
7367,4257,220,1,577.92
7368,4257,180,2,16747.26
7369,4258,276,1,49657.01
7370,4259,144,2,4578.31
7371,4260,195,1,2572.94
7372,4261,130,1,38418.89
7373,4262,222,3,8852.33
7374,4262,122,1,18392.22
7375,4263,234,1,13904.01
7376,4263,230,1,4220.73
7377,4263,68,1,47282.75
7378,4264,149,1,4311.86
7379,4264,235,2,35938.38
7380,4264,186,1,2758.19
7381,4264,195,3,2862.18
7382,4265,29,2,37629.69
7383,4266,269,3,7505.41
7384,4266,184,2,5491.46
7385,4267,23,1,761.17
7386,4268,18,2,1544.65
7387,4269,73,1,470.79
7388,4269,232,2,5284.5
7389,4269,204,1,80796.05
7390,4270,4,1,5153.83
7391,4270,95,2,2456.05
7392,4270,224,1,3804.44
7393,4271,73,4,427.86
7394,4271,159,1,44740.37
7395,4271,234,2,14458.69
7396,4271,213,2,5413.36
7397,4272,290,1,2731.39
7398,4273,74,2,17457.02
7399,4273,156,3,6137.58
7400,4274,158,3,55346.49
7401,4275,128,1,5954.52
7402,4275,254,1,13612.6
7403,4276,108,1,37227.75
7404,4277,64,1,1653.0
7405,4278,4,1,5043.38
7406,4278,8,1,2862.76
7407,4278,28,1,386.26
7408,4278,226,1,6331.35
7409,4279,173,3,28368.22
7410,4280,212,2,9969.66
7411,4280,70,1,2542.96
7412,4280,46,1,1688.48
7413,4281,230,1,4310.67
7414,4282,103,1,1963.33
7415,4282,233,1,6097.77
7416,4282,126,1,923.6
7417,4283,40,1,1559.42
7418,4283,12,1,31720.65
7419,4283,27,1,3645.71
7420,4284,115,1,1521.24
7421,4285,94,1,1531.0
7422,4286,29,1,37233.03
7423,4286,69,1,5286.68
7424,4286,299,1,1103.07
7425,4287,186,2,2749.56
7426,4288,295,1,4890.06
7427,4289,153,2,4819.3
7428,4290,170,1,42523.52
7429,4291,150,1,1623.3
7430,4292,144,1,5145.91
7431,4293,91,1,4623.62
7432,4294,290,2,2649.82
7433,4294,23,2,689.34
7434,4294,201,1,6176.62
7435,4294,265,2,9202.92
7436,4295,40,1,1468.2
7437,4296,280,2,27115.67
7438,4297,64,1,1768.35
7439,4297,290,1,2805.97
7440,4297,197,1,1126.67
7441,4298,137,1,1701.55
7442,4298,285,1,337.05
7443,4299,58,1,5913.77
7444,4300,100,1,7706.99
7445,4301,178,1,13003.44
7446,4302,36,1,2861.14
7447,4302,50,2,39318.76
7448,4302,228,2,43814.45
7449,4302,42,1,4450.08
7450,4303,62,2,14210.47
7451,4303,268,1,14445.32
7452,4303,29,1,38250.06
7453,4304,189,2,18435.58
7454,4305,207,1,16772.83
7455,4306,27,3,3237.25
7456,4306,164,1,13831.81
7457,4307,124,1,5164.92
7458,4307,132,1,15969.13
7459,4307,98,2,4937.27
7460,4308,17,1,286.14
7461,4309,151,1,2640.94
7462,4309,4,1,5185.23
7463,4309,127,1,38630.34
7464,4309,125,1,1169.45
7465,4310,183,2,7273.63
7466,4310,181,4,13220.28
7467,4310,227,1,2377.97
7468,4311,264,1,1699.81
7469,4311,154,1,39851.16
7470,4312,180,1,16106.07
7471,4312,156,3,6257.83
7472,4313,147,2,15386.07
7473,4313,180,1,17473.7
7474,4314,53,4,47754.19
7475,4314,10,1,71175.79
7476,4314,48,1,883.22
7477,4315,52,1,1502.2
7478,4315,184,1,5120.43
7479,4316,33,1,1219.09
7480,4316,107,3,5308.88
7481,4316,32,2,2988.09
7482,4317,47,2,5661.76
7483,4317,193,1,19022.23
7484,4317,120,2,3325.57
7485,4318,244,1,69217.87
7486,4318,221,3,1294.99
7487,4319,75,1,38471.1
7488,4320,24,1,18092.06
7489,4321,289,1,4284.4
7490,4322,40,2,1554.77
7491,4323,205,2,9019.92
7492,4323,176,1,67280.54
7493,4324,247,1,5235.23
7494,4324,166,1,53373.81
7495,4325,3,1,6717.34
7496,4326,47,1,5661.76
7497,4326,250,2,3944.01
7498,4327,181,2,15576.26
7499,4328,231,1,14191.1
7500,4328,190,1,16232.27
7501,4328,295,1,5340.13
7502,4329,25,1,2127.06
7503,4329,25,3,2104.55
7504,4330,218,1,2262.96
7505,4331,13,2,955.25
7506,4331,34,1,1946.11
7507,4331,218,1,2266.46
7508,4332,228,2,44011.83
7509,4333,254,1,14396.41
7510,4334,73,1,425.45
7511,4335,202,2,23185.75
7512,4336,68,1,49370.97
7513,4336,298,1,235.44
7514,4336,202,1,23627.14
7515,4337,231,3,13939.61
7516,4337,199,3,1729.17
7517,4337,296,3,2699.61
7518,4338,82,1,4646.24
7519,4338,229,1,47878.51
7520,4339,290,1,2394.35
7521,4340,64,2,1773.17
7522,4341,117,4,1729.53
7523,4342,212,1,9017.38
7524,4343,122,1,17894.9
7525,4343,211,1,3996.77
7526,4343,61,1,4696.5
7527,4344,23,2,746.19
7528,4345,18,3,1411.13
7529,4346,57,1,51033.87
7530,4346,246,1,375.25
7531,4347,203,2,5712.38
7532,4347,101,1,412.13
7533,4348,202,1,23994.7
7534,4348,148,1,49463.87
7535,4348,53,1,49899.42
7536,4348,236,1,2034.8
7537,4349,12,1,29099.58
7538,4349,33,4,1178.04
7539,4349,78,1,4341.57
7540,4349,186,2,2768.96
7541,4350,107,1,5506.58
7542,4351,109,3,11822.95
7543,4351,162,1,42507.11
7544,4351,251,1,1079.03
7545,4352,99,2,17578.88
7546,4352,117,1,1854.61
7547,4352,12,1,32752.79
7548,4352,287,1,1092.33
7549,4353,254,1,14108.91
7550,4353,113,1,1812.37
7551,4353,255,1,49929.97
7552,4354,10,1,72906.75
7553,4354,22,1,3915.32
7554,4354,165,2,7904.45
7555,4355,168,1,6542.07
7556,4355,39,1,6811.48
7557,4356,154,1,36556.55
7558,4357,42,2,4810.84
7559,4357,137,1,1707.04
7560,4357,145,1,591.64
7561,4358,63,1,1825.92
7562,4359,87,2,40400.92
7563,4359,155,2,4925.49
7564,4359,163,1,2080.24
7565,4360,295,1,5466.92
7566,4360,198,1,9516.43
7567,4361,226,2,5909.86
7568,4362,271,3,16809.85
7569,4362,114,1,5285.68
7570,4362,87,3,40914.46
7571,4363,176,1,57551.59
7572,4364,154,1,40801.19
7573,4365,193,2,17658.5
7574,4365,229,1,45242.67
7575,4366,182,4,45219.09
7576,4367,175,1,5838.54
7577,4367,246,2,342.85
7578,4367,109,1,12352.69
7579,4368,55,1,676.11
7580,4368,26,2,2383.94
7581,4368,52,1,1583.89
7582,4369,58,1,6520.18
7583,4370,133,3,5427.62
7584,4370,12,1,32128.07
7585,4371,233,1,6400.03
7586,4372,185,1,2678.99
7587,4372,78,2,4065.9
7588,4373,152,1,6838.26
7589,4374,26,2,2794.27
7590,4375,90,1,16961.43
7591,4375,145,1,512.86
7592,4375,285,1,362.23
7593,4376,196,2,309.35
7594,4377,151,2,2565.52
7595,4377,299,1,1080.22
7596,4377,297,1,4503.83
7597,4378,161,2,5998.88
7598,4379,111,1,6858.94
7599,4379,109,1,11726.68
7600,4379,187,1,1051.21
7601,4380,236,1,1992.9
7602,4380,94,2,1583.1
7603,4381,255,2,51522.66
7604,4381,280,2,26729.17
7605,4382,170,1,38810.36
7606,4383,78,2,4363.9
7607,4383,90,2,18122.35
7608,4384,59,1,6091.43
7609,4384,80,1,74806.42
7610,4385,192,1,12527.99
7611,4385,16,1,5327.28
7612,4386,98,2,4325.48
7613,4386,255,1,49207.2
7614,4386,262,1,5206.76
7615,4387,23,2,786.51
7616,4387,37,1,41395.79
7617,4388,71,2,5052.07
7618,4389,19,1,9373.03
7619,4389,171,3,4489.13
7620,4389,9,1,7917.79
7621,4390,74,1,19892.5
7622,4390,92,1,56605.29
7623,4391,264,2,1825.31
7624,4391,242,2,7678.67
7625,4392,224,2,3746.12
7626,4392,277,1,8092.21
7627,4392,295,2,5364.46
7628,4393,271,1,16965.13
7629,4394,284,1,7057.19
7630,4395,280,4,28096.54
7631,4396,66,1,1592.62
7632,4396,90,1,16350.65
7633,4397,143,1,1644.52
7634,4398,166,2,54764.95
7635,4398,137,1,1598.58
7636,4399,106,2,37103.11
7637,4400,132,4,16411.55
7638,4400,212,1,10005.58
7639,4401,224,3,4246.19
7640,4402,273,1,1292.32
7641,4403,242,1,7123.29
7642,4403,50,3,42747.54
7643,4404,61,1,4409.61
7644,4404,145,2,515.95
7645,4405,260,2,20602.95
7646,4405,135,1,3176.44
7647,4406,39,3,7600.4
7648,4406,273,1,1423.33
7649,4407,178,1,13629.61
7650,4408,266,1,3857.85
7651,4408,109,2,12805.82
7652,4409,259,2,29027.58
7653,4410,17,2,274.93
7654,4411,224,1,4266.7
7655,4411,296,2,2599.52
7656,4411,276,1,48356.77
7657,4412,139,1,3597.79
7658,4412,300,1,969.08
7659,4412,296,1,2718.98
7660,4412,40,2,1474.55
7661,4413,147,1,17188.55
7662,4414,274,2,71480.28
7663,4415,263,3,1134.76
7664,4415,166,1,52198.56
7665,4416,73,3,455.64
7666,4416,81,1,3786.29
7667,4416,28,1,439.81
7668,4416,171,1,4372.29
7669,4417,9,2,8628.01
7670,4418,149,2,4838.44
7671,4418,53,1,48451.78
7672,4419,163,3,2116.84
7673,4420,17,1,261.99
7674,4421,112,2,5923.85
7675,4422,104,2,11661.63
7676,4422,194,1,7036.1
7677,4423,205,3,9190.14
7678,4423,204,2,75502.71
7679,4424,148,1,45236.71
7680,4424,19,1,10046.19
7681,4425,271,1,17513.02
7682,4426,232,3,6017.74
7683,4427,201,4,5839.85
7684,4427,164,1,12835.58
7685,4428,170,1,39522.42
7686,4428,263,3,1179.6
7687,4429,94,1,1452.7
7688,4430,196,1,304.53
7689,4430,299,2,1016.04
7690,4431,299,1,993.63
7691,4432,227,1,2350.78
7692,4432,223,1,5035.67
7693,4432,35,1,44124.05
7694,4433,133,4,4976.96
7695,4433,251,1,987.12
7696,4434,72,1,5728.95
7697,4435,103,1,1863.53
7698,4435,190,2,15498.07
7699,4435,290,2,2714.06
7700,4436,150,2,1489.8
7701,4437,241,2,774.16
7702,4438,130,2,36489.14
7703,4438,197,2,1055.56
7704,4439,249,1,43117.43
7705,4439,264,2,1752.47
7706,4439,276,1,52394.11
7707,4439,260,1,20009.2
7708,4440,138,2,63718.4
7709,4441,32,2,2858.22
7710,4442,10,1,64232.84
7711,4442,298,1,208.8
7712,4442,264,1,1801.89
7713,4443,89,3,1731.92
7714,4444,14,1,33028.9
7715,4444,176,1,63514.19
7716,4444,135,3,3137.35
7717,4445,149,1,4633.74
7718,4446,100,2,7860.7
7719,4446,3,1,7550.41
7720,4446,109,3,13412.08
7721,4446,123,3,4165.39
7722,4447,192,1,14008.55
7723,4448,71,1,4541.65
7724,4448,257,1,3894.75
7725,4448,247,1,5028.32
7726,4449,217,2,3593.04
7727,4449,114,1,5149.58
7728,4450,131,1,3431.55
7729,4450,283,2,1126.01
7730,4450,232,2,5312.27
7731,4450,172,1,18105.16
7732,4451,194,1,7041.66
7733,4452,293,1,1075.77
7734,4453,148,1,46308.53
7735,4454,109,2,11777.7
7736,4454,101,1,417.05
7737,4454,262,1,5079.2
7738,4455,147,2,16427.43
7739,4456,112,1,6205.61
7740,4456,236,1,2239.46
7741,4457,255,1,45283.48
7742,4458,206,4,8311.53
7743,4458,262,1,5375.42
7744,4459,243,1,10304.6
7745,4459,202,1,26138.59
7746,4460,296,2,2668.09
7747,4461,113,1,1748.55
7748,4461,292,1,1050.12
7749,4462,101,1,387.57
7750,4463,276,2,46217.18
7751,4463,208,3,7243.9
7752,4463,227,1,2209.12
7753,4463,298,1,235.56
7754,4464,298,1,226.47
7755,4464,275,1,1240.47
7756,4464,143,3,1650.12
7757,4465,143,3,1564.92
7758,4466,44,1,18824.9
7759,4467,115,2,1492.64
7760,4467,243,2,10995.23
7761,4468,178,2,13599.47
7762,4468,52,1,1474.82
7763,4468,93,2,4747.03
7764,4469,154,1,35852.03
7765,4469,88,2,56589.3
7766,4469,271,1,17113.09
7767,4470,246,3,342.59
7768,4471,236,1,2169.29
7769,4472,246,1,342.34
7770,4473,95,1,2212.18
7771,4474,45,1,543.65
7772,4474,71,1,4607.57
7773,4474,45,2,613.94
7774,4474,183,1,7081.41
7775,4475,72,1,5073.1
7776,4475,227,1,2413.69
7777,4475,244,2,76607.54
7778,4476,230,2,4317.72
7779,4477,92,2,55184.99
7780,4478,230,2,4801.82
7781,4478,56,1,9588.27
7782,4479,1,1,414.43
7783,4480,204,3,78228.61
7784,4480,211,2,4299.52
7785,4481,240,3,7819.72
7786,4481,198,3,8805.04
7787,4482,148,1,45837.05
7788,4482,121,1,61751.04
7789,4483,212,2,9227.61
7790,4484,300,1,942.07
7791,4484,127,1,33129.97
7792,4485,135,2,2695.7
7793,4485,74,1,19318.21
7794,4486,22,1,4064.97
7795,4486,216,2,63867.32
7796,4487,18,1,1393.4
7797,4487,19,1,9811.51
7798,4488,128,1,5447.52
7799,4488,197,1,1032.44
7800,4488,185,1,2680.94
7801,4489,297,1,4234.54
7802,4490,300,2,1056.71
7803,4491,112,1,6401.32
7804,4492,131,1,3468.43
7805,4492,94,2,1468.95
7806,4493,173,2,25725.5
7807,4494,182,2,46408.08
7808,4494,253,1,20959.1
7809,4495,105,2,9904.01
7810,4496,213,2,5384.82
7811,4496,37,1,44258.47
7812,4496,274,1,68748.93
7813,4497,32,1,2955.46
7814,4497,192,2,14023.97
7815,4498,43,1,1191.76
7816,4499,282,2,1052.67
7817,4500,257,1,4069.0
7818,4501,193,1,19551.92
7819,4501,126,4,984.55
7820,4501,39,1,7342.85
7821,4502,290,1,2532.31
7822,4502,104,1,10529.31
7823,4502,35,3,47170.17
7824,4503,140,1,10056.28
7825,4503,19,2,9390.39
7826,4504,241,1,664.24
7827,4505,128,4,5209.2
7828,4505,90,1,18470.37
7829,4505,78,1,3941.17
7830,4506,148,3,49639.24
7831,4507,26,3,2449.8
7832,4507,68,1,45428.11
7833,4508,100,1,8151.27
7834,4508,113,1,1816.77
7835,4509,5,3,82477.85
7836,4510,85,2,2831.36
7837,4511,115,3,1495.06
7838,4512,282,2,1004.05
7839,4512,268,1,15401.83
7840,4512,272,1,44216.34
7841,4513,55,4,623.06
7842,4513,220,1,659.28
7843,4514,2,4,1876.22
7844,4514,37,1,45100.83
7845,4514,9,1,8773.72
7846,4515,283,1,1111.88
7847,4515,91,1,4897.61
7848,4516,48,1,893.23
7849,4517,35,2,42491.6
7850,4518,17,1,286.74
7851,4518,31,2,5547.42
7852,4519,14,1,32533.96
7853,4520,178,1,12886.1
7854,4521,84,1,20820.51
7855,4522,288,1,1225.92
7856,4522,49,1,14027.34
7857,4523,57,1,49912.87
7858,4523,52,1,1544.7
7859,4524,103,2,1858.94
7860,4525,86,1,3746.46
7861,4525,289,3,4751.37
7862,4525,265,1,9786.85
7863,4526,27,2,3236.55
7864,4526,272,1,39318.56
7865,4526,296,2,2691.03
7866,4526,272,2,42316.3
7867,4527,274,1,74856.29
7868,4527,235,1,31416.81
7869,4528,82,2,4945.45
7870,4529,198,1,9673.44
7871,4529,73,1,461.98
7872,4530,177,2,5486.07
7873,4530,3,1,6678.68
7874,4531,299,2,1086.45
7875,4532,1,1,417.06
7876,4532,94,1,1565.25
7877,4533,32,1,2684.76
7878,4533,221,1,1414.64
7879,4533,188,1,77099.07
7880,4533,20,2,826.95
7881,4534,176,1,64724.98
7882,4535,27,3,3375.22
7883,4536,201,1,6323.93
7884,4537,176,1,59378.32
7885,4537,16,1,5978.53
7886,4538,258,1,4998.43
7887,4538,23,1,725.0
7888,4539,271,1,18085.55
7889,4540,212,2,9434.64
7890,4541,9,2,9059.63
7891,4541,104,1,11589.78
7892,4541,86,1,3712.68
7893,4542,273,1,1460.74
7894,4542,257,1,3869.64
7895,4542,113,1,1820.69
7896,4543,166,2,50438.99
7897,4543,62,3,13567.94
7898,4543,50,1,43741.42
7899,4544,79,3,2569.22
7900,4545,137,1,1718.88
7901,4545,5,1,71652.51
7902,4545,237,1,4320.14
7903,4546,231,2,14723.78
7904,4547,234,2,13621.38
7905,4547,220,3,614.56
7906,4548,258,1,5214.88
7907,4549,38,1,1590.78
7908,4549,7,1,445.62
7909,4549,127,2,35486.31
7910,4549,93,2,4598.08
7911,4550,240,2,7944.62
7912,4551,91,1,4542.97
7913,4551,138,1,70279.5
7914,4551,78,1,4248.32
7915,4551,250,4,3904.07
7916,4552,131,1,3664.55
7917,4552,198,1,9721.92
7918,4552,125,2,1264.23
7919,4552,217,1,3365.32
7920,4553,120,1,3235.12
7921,4553,272,2,41255.27
7922,4553,131,3,3241.69
7923,4554,102,2,2835.09
7924,4555,94,1,1540.9
7925,4556,239,1,7075.93
7926,4557,295,4,5356.57
7927,4558,166,1,55179.89
7928,4559,172,1,18630.54
7929,4559,282,3,937.25
7930,4560,140,1,10189.22
7931,4560,255,1,45420.45
7932,4560,72,1,5937.96
7933,4561,38,1,1552.33
7934,4561,77,1,1386.61
7935,4561,34,1,2093.89
7936,4562,228,4,46595.58
7937,4563,43,1,1256.91
7938,4564,125,1,1132.61
7939,4564,226,2,6456.99
7940,4565,98,1,4490.95
7941,4565,263,4,1171.35
7942,4565,56,1,9993.15
7943,4566,218,1,2265.16
7944,4567,299,1,1004.42
7945,4568,94,1,1591.53
7946,4569,109,1,12155.22
7947,4569,217,3,3606.4
7948,4570,58,1,6192.35
7949,4571,190,3,16098.63
7950,4571,222,1,10241.03
7951,4571,286,1,1768.91
7952,4571,271,2,17097.13
7953,4572,73,2,462.59
7954,4572,227,1,2265.15
7955,4572,237,1,4749.52
7956,4572,112,2,5859.01
7957,4573,267,1,3012.47
7958,4573,220,1,666.48
7959,4573,127,2,34621.53
7960,4574,96,1,51527.08
7961,4574,38,3,1458.26
7962,4575,147,1,17110.91
7963,4575,27,1,3435.41
7964,4575,31,1,5036.7
7965,4576,202,1,25947.8
7966,4577,86,2,3715.17
7967,4578,172,3,19584.07
7968,4579,153,1,4778.44
7969,4579,171,1,4524.72
7970,4580,23,1,673.29
7971,4581,169,1,6739.37
7972,4581,221,1,1193.68
7973,4582,241,2,774.93
7974,4582,124,2,4993.5
7975,4582,137,1,1545.77
7976,4582,160,3,3110.42
7977,4583,193,2,19490.7
7978,4584,138,1,69646.27
7979,4585,195,1,2755.54
7980,4585,214,1,29785.07
7981,4585,221,1,1250.28
7982,4586,191,1,47372.47
7983,4586,290,1,2618.53
7984,4586,212,1,9176.5
7985,4587,287,2,1207.24
7986,4588,70,2,2424.77
7987,4589,196,1,311.82
7988,4590,189,1,18266.9
7989,4591,109,1,12313.5
7990,4592,157,3,4791.65
7991,4593,123,1,3994.69
7992,4593,23,1,719.89
7993,4594,115,2,1377.22
7994,4595,17,1,296.5
7995,4596,265,2,9344.41
7996,4597,175,1,6431.95
7997,4598,180,1,16024.37
7998,4598,176,1,64398.53
7999,4599,111,1,6287.22
8000,4599,232,1,5407.67
8001,4600,122,1,19466.15
8002,4600,230,4,4620.52
8003,4600,144,1,4678.94
8004,4600,137,2,1692.85
8005,4601,82,1,5138.23
8006,4602,129,1,46621.72
8007,4603,72,1,5503.94
8008,4603,117,2,1755.89
8009,4604,108,1,38757.56
8010,4605,283,1,1155.96
8011,4605,116,2,43962.94
8012,4606,207,2,16516.58
8013,4606,103,1,1888.89
8014,4607,105,3,9949.65
8015,4608,110,1,7310.41
8016,4609,211,1,3846.18
8017,4610,62,2,13690.88
8018,4611,163,2,1795.91
8019,4612,152,1,6658.94
8020,4613,173,1,25306.7
8021,4613,28,1,403.43
8022,4614,275,2,1172.66
8023,4615,81,1,3932.61
8024,4616,182,1,48732.84
8025,4617,98,1,4853.78
8026,4618,272,1,42896.6
8027,4619,292,1,970.93
8028,4619,160,1,2665.68
8029,4619,267,1,3086.11
8030,4620,230,3,4468.97
8031,4621,290,1,2401.4
8032,4621,159,1,39518.92
8033,4621,192,2,13496.56
8034,4622,170,2,45267.21
8035,4622,216,1,68933.69
8036,4622,130,3,36937.4
8037,4622,125,1,1168.91
8038,4623,198,1,9781.66
8039,4624,270,2,17828.6
8040,4625,21,1,24382.04
8041,4626,283,3,1315.38
8042,4626,205,3,9063.4
8043,4626,7,1,417.69
8044,4627,157,1,4306.66
8045,4627,276,1,52335.11
8046,4627,218,2,2346.1
8047,4627,168,2,7206.62
8048,4628,4,4,5456.61
8049,4628,134,1,2601.96
8050,4629,88,1,61521.02
8051,4629,248,4,701.96
8052,4629,171,2,4472.08
8053,4630,80,1,81065.11
8054,4630,140,1,9355.75
8055,4631,204,4,80131.57
8056,4631,33,1,1250.18
8057,4632,148,2,47844.48
8058,4632,17,1,254.4
8059,4632,55,1,691.79
8060,4633,122,3,19717.04
8061,4634,179,1,1223.2
8062,4635,125,1,1258.57
8063,4635,279,1,875.05
8064,4636,114,1,5303.1
8065,4636,189,1,17634.46
8066,4637,282,1,977.47
8067,4638,197,1,1131.85
8068,4639,62,3,14470.16
8069,4640,4,4,5406.58
8070,4641,215,1,5257.77
8071,4642,63,1,2017.93
8072,4643,55,1,627.96
8073,4644,251,1,1095.29
8074,4645,14,2,31189.57
8075,4646,95,1,2377.07
8076,4646,187,2,998.22
8077,4646,275,1,1218.51
8078,4647,253,1,21826.55
8079,4647,198,4,9800.28
8080,4648,100,1,7775.95
8081,4649,69,3,5928.85
8082,4649,163,2,1814.55
8083,4650,183,1,7317.54
8084,4651,190,1,15300.52
8085,4651,296,1,2415.33
8086,4652,201,2,5555.62
8087,4652,50,1,39779.62
8088,4652,182,1,43929.62
8089,4653,246,1,370.02
8090,4654,270,3,17487.95
8091,4655,113,3,1644.52
8092,4655,55,2,609.62
8093,4656,115,1,1540.24
8094,4657,223,1,5096.4
8095,4657,59,1,6238.55
8096,4657,285,1,355.73
8097,4658,248,3,729.13
8098,4658,105,2,10111.98
8099,4658,133,1,5475.18
8100,4659,234,3,13847.63
8101,4660,185,2,2528.3
8102,4660,185,2,2743.61
8103,4661,54,1,16011.49
8104,4661,83,3,6226.85
8105,4661,57,2,45914.35
8106,4662,122,3,20066.28
8107,4662,181,3,15329.34
8108,4662,263,1,1113.15
8109,4663,293,2,1236.38
8110,4664,145,1,584.79
8111,4665,126,1,1005.93
8112,4666,88,1,56447.43
8113,4666,257,1,4155.54
8114,4667,299,1,1097.37
8115,4668,121,1,64684.53
8116,4669,91,1,4456.38
8117,4670,299,1,1018.31
8118,4671,13,1,891.91
8119,4672,140,1,9899.52
8120,4673,60,1,35787.54
8121,4674,178,1,13755.66
8122,4674,290,2,2803.37
8123,4675,23,1,683.25
8124,4676,94,2,1487.24
8125,4677,13,1,805.67
8126,4678,259,1,29186.02
8127,4679,38,1,1621.74
8128,4680,262,2,5432.03
8129,4680,104,2,11245.96
8130,4681,7,2,420.12
8131,4681,149,1,4274.8
8132,4682,221,1,1292.1
8133,4683,68,2,51552.87
8134,4683,164,2,13581.32
8135,4683,116,1,41425.76
8136,4683,188,3,75926.69
8137,4684,59,4,6153.03
8138,4684,132,1,16015.58
8139,4685,273,1,1395.58
8140,4685,38,4,1597.99
8141,4685,79,2,2410.08
8142,4686,42,1,4442.06
8143,4687,125,3,1252.88
8144,4687,8,1,3087.03
8145,4688,9,1,8286.3
8146,4688,79,2,2686.25
8147,4689,225,1,5302.26
8148,4689,197,1,1074.5
8149,4690,174,1,7620.82
8150,4690,85,1,2524.39
8151,4691,278,1,1726.25
8152,4692,114,1,5184.8
8153,4693,179,1,1343.0
8154,4693,177,1,5088.4
8155,4693,275,3,1153.64
8156,4694,191,2,45542.01
8157,4695,134,1,2849.9
8158,4695,259,1,29518.52
8159,4696,196,1,305.97
8160,4697,109,3,12094.84
8161,4698,11,3,1023.57
8162,4698,219,2,1499.13
8163,4699,237,1,4798.83
8164,4699,104,1,11519.57
8165,4700,181,1,15308.76
8166,4701,214,1,28677.21
8167,4702,232,1,5768.56
8168,4703,280,1,28340.18
8169,4703,179,2,1230.53
8170,4704,101,1,389.74
8171,4705,136,2,569.73
8172,4706,149,1,4911.69
8173,4707,56,2,9502.39
8174,4707,75,1,42969.08
8175,4708,62,1,13511.4
8176,4709,157,2,4202.89
8177,4710,129,1,50266.79
8178,4711,156,1,5538.51
8179,4712,24,3,19272.15
8180,4713,244,2,68538.87
8181,4713,265,1,8960.36
8182,4714,235,2,36475.85
8183,4715,209,1,2160.83
8184,4715,125,1,1105.8
8185,4716,36,3,2725.89
8186,4717,52,2,1739.85
8187,4717,97,1,5351.09
8188,4718,76,1,2964.27
8189,4719,97,2,5545.57
8190,4719,151,1,2556.6
8191,4719,129,3,50924.0
8192,4719,291,3,7240.27
8193,4720,33,1,1257.03
8194,4721,204,1,69149.82
8195,4722,66,2,1530.23
8196,4723,81,2,3488.13
8197,4724,134,2,3021.95
8198,4725,298,2,237.3
8199,4725,288,2,1089.3
8200,4725,251,1,1102.9
8201,4726,16,1,5698.21
8202,4727,133,3,5052.4
8203,4727,244,2,75802.13
8204,4727,206,2,8275.87
8205,4728,109,1,12583.15
8206,4729,35,1,39752.52
8207,4729,144,1,5173.8
8208,4730,295,2,5243.05
8209,4730,88,1,59478.96
8210,4731,49,4,12910.22
8211,4732,245,1,1126.24
8212,4733,256,1,1656.91
8213,4734,240,1,7948.43
8214,4735,143,3,1576.42
8215,4735,141,1,3994.39
8216,4736,225,1,4788.79
8217,4737,22,1,3539.38
8218,4737,99,4,18896.64
8219,4738,26,2,2680.32
8220,4739,153,1,4863.77
8221,4739,277,1,8346.53
8222,4739,179,1,1400.83
8223,4739,13,2,851.1
8224,4740,124,1,5667.83
8225,4740,177,1,5331.92
8226,4740,140,1,9578.18
8227,4741,138,1,61679.95
8228,4742,293,1,1192.89
8229,4742,61,3,4087.39
8230,4742,137,1,1630.45
8231,4743,113,1,1910.55
8232,4744,49,1,11960.88
8233,4745,298,1,213.22
8234,4745,146,2,1037.54
8235,4745,149,1,4222.19
8236,4746,272,1,41807.17
8237,4747,83,1,6482.0
8238,4747,76,1,2853.61
8239,4748,261,1,1528.94
8240,4749,92,1,59458.62
8241,4749,130,1,37523.17
8242,4749,81,1,4114.18
8243,4750,82,1,4430.11
8244,4751,112,3,6406.95
8245,4752,79,1,2717.59
8246,4753,142,2,12865.97
8247,4753,244,1,74572.59
8248,4754,101,1,387.94
8249,4754,83,1,5915.32
8250,4755,56,2,10058.96
8251,4755,129,1,50128.81
8252,4756,102,2,3004.03
8253,4757,120,1,3460.2
8254,4758,125,2,1121.64
8255,4758,170,1,45674.88
8256,4759,147,2,16218.56
8257,4760,59,3,7004.61
8258,4761,197,1,1086.53
8259,4762,170,1,44412.02
8260,4762,222,1,9028.48
8261,4763,239,1,7054.04
8262,4764,248,1,614.18
8263,4765,217,2,3667.25
8264,4765,76,1,2801.19
8265,4765,35,1,40245.06
8266,4766,185,1,2499.03
8267,4767,55,2,617.93
8268,4768,56,2,10166.86
8269,4769,199,1,1551.62
8270,4769,187,1,1066.18
8271,4769,53,1,48716.26
8272,4770,276,1,47211.07
8273,4770,28,2,406.88
8274,4770,262,1,5390.42
8275,4771,244,1,65174.73
8276,4771,183,1,6918.47
8277,4772,102,1,2921.07
8278,4772,83,2,6453.34
8279,4773,166,1,52739.08
8280,4773,42,1,4927.29
8281,4774,235,1,31572.74
8282,4774,134,2,2914.42
8283,4774,161,3,5716.85
8284,4775,120,1,3334.0
8285,4775,38,1,1530.55
8286,4775,203,2,5177.51
8287,4776,204,1,79243.77
8288,4777,32,1,2982.59
8289,4778,102,2,2567.3
8290,4779,14,4,32730.22
8291,4779,102,1,2707.77
8292,4780,218,1,2205.45
8293,4781,171,1,4008.2
8294,4782,181,1,13413.03
8295,4782,179,1,1230.07
8296,4782,107,4,5358.32
8297,4782,121,1,70542.33
8298,4783,224,3,4090.82
8299,4784,216,2,68917.2
8300,4785,134,3,2986.69
8301,4786,223,2,5771.75
8302,4786,238,2,1631.96
8303,4786,122,1,18869.26
8304,4786,252,1,7553.07
8305,4787,47,1,4977.64
8306,4787,224,1,4149.29
8307,4788,167,1,25161.26
8308,4788,280,3,30446.07
8309,4789,60,3,32483.76
8310,4790,22,2,3615.97
8311,4790,15,1,71786.54
8312,4791,39,1,7387.81
8313,4791,161,1,5757.68
8314,4792,238,2,1489.83
8315,4792,249,1,45564.87
8316,4793,219,1,1422.69
8317,4793,87,1,41191.14
8318,4794,128,1,5813.15
8319,4795,15,1,63869.41
8320,4795,160,1,2811.35
8321,4796,229,1,48349.85
8322,4796,62,1,14207.41
8323,4797,154,1,40131.24
8324,4798,103,3,1756.26
8325,4799,270,1,17099.93
8326,4800,24,1,20501.18
8327,4800,217,1,3586.79
8328,4800,11,1,1001.6
8329,4801,136,1,559.63
8330,4802,198,1,8758.81
8331,4802,137,2,1551.0
8332,4803,178,3,12421.3
8333,4804,200,1,1058.96
8334,4804,211,2,3992.12
8335,4804,6,1,40119.31
8336,4805,116,1,45318.18
8337,4805,151,1,2506.68
8338,4805,242,2,8060.53
8339,4806,187,2,1162.68
8340,4807,114,1,5240.87
8341,4808,243,2,11767.6
8342,4808,93,2,4251.71
8343,4809,250,1,3813.62
8344,4809,180,1,16337.91
8345,4810,236,2,2061.15
8346,4810,164,1,13254.91
8347,4811,235,1,31630.91
8348,4812,217,2,3429.72
8349,4812,157,1,4368.3
8350,4813,138,1,71244.98
8351,4813,137,1,1790.5
8352,4814,285,1,390.57
8353,4815,180,3,16634.83
8354,4816,147,3,16401.53
8355,4816,100,1,7262.7
8356,4816,5,1,71452.46
8357,4816,52,1,1573.3
8358,4817,174,1,7015.37
8359,4818,15,1,67103.43
8360,4819,229,2,45821.73
8361,4819,108,3,38942.34
8362,4819,150,1,1707.44
8363,4819,171,1,3936.56
8364,4820,93,1,4610.5
8365,4820,181,1,15068.45
8366,4821,166,1,54547.9
8367,4821,99,2,17983.42
8368,4822,203,1,5337.65
8369,4822,83,2,6269.47
8370,4823,188,3,78192.79
8371,4824,7,2,444.39
8372,4824,123,2,3894.04
8373,4825,128,2,5419.46
8374,4826,115,1,1389.08
8375,4826,263,1,1048.3
8376,4826,244,4,74445.96
8377,4827,214,1,32828.88
8378,4828,79,1,2796.73
8379,4829,120,1,3520.96
8380,4830,116,1,45934.07
8381,4831,218,1,2191.32
8382,4832,199,1,1584.53
8383,4832,43,3,1189.28
8384,4833,125,1,1292.93
8385,4833,178,1,13882.43
8386,4834,120,3,3073.56
8387,4835,19,2,10354.49
8388,4835,38,1,1469.77
8389,4835,294,3,1271.41
8390,4836,155,1,5371.66
8391,4836,43,1,1193.89
8392,4836,297,4,4068.76
8393,4837,283,1,1285.55
8394,4838,257,1,3753.7
8395,4839,165,1,7464.63
8396,4839,236,1,2205.71
8397,4840,296,1,2392.4
8398,4841,146,3,1069.21
8399,4842,298,1,233.25
8400,4842,247,1,4973.42
8401,4843,189,1,19579.39
8402,4843,274,1,72502.31
8403,4844,121,1,68390.49
8404,4844,66,1,1442.78
8405,4845,287,3,1230.33
8406,4845,149,2,4259.61
8407,4845,206,1,8245.02
8408,4846,258,1,5638.4
8409,4846,47,3,5078.38
8410,4847,247,1,4630.54
8411,4848,210,3,16660.37
8412,4849,266,1,3396.01
8413,4849,65,2,1023.24
8414,4850,288,2,1242.13
8415,4850,39,1,7444.15
8416,4851,87,1,40845.29
8417,4851,155,1,5047.17
8418,4852,176,1,67002.43
8419,4852,261,3,1614.67
8420,4853,48,1,828.21
8421,4853,281,1,6781.84
8422,4854,158,1,58019.54
8423,4854,203,1,6095.18
8424,4854,22,1,3797.12
8425,4854,52,3,1589.54
8426,4855,126,1,928.0
8427,4856,163,2,1856.93
8428,4857,157,2,4330.47
8429,4857,48,1,915.52
8430,4857,209,1,2221.11
8431,4857,69,3,5653.23
8432,4858,65,2,1073.12
8433,4858,31,2,5409.11
8434,4858,264,1,1692.13
8435,4859,205,1,8320.98
8436,4860,9,1,9307.08
8437,4861,40,1,1596.22
8438,4861,185,2,2556.26
8439,4862,195,1,2564.94
8440,4863,274,1,75934.14
8441,4864,288,1,1120.27
8442,4865,260,3,21249.53
8443,4865,254,1,13484.86
8444,4866,158,1,59877.5
8445,4867,285,1,342.2
8446,4868,43,1,1277.02
8447,4869,179,2,1213.74
8448,4869,30,1,5140.01
8449,4870,231,1,15465.06
8450,4870,214,2,30326.83
8451,4870,297,1,4534.94
8452,4871,38,1,1481.68
8453,4871,214,2,32596.81
8454,4872,18,1,1577.98
8455,4873,26,1,2465.28
8456,4873,135,1,3095.34
8457,4873,287,1,1096.62
8458,4873,56,2,9010.63
8459,4874,94,1,1640.09
8460,4874,243,1,11056.71
8461,4874,297,3,4224.85
8462,4874,163,1,1957.57
8463,4875,102,1,2997.03
8464,4876,257,1,4192.88
8465,4876,152,2,6446.16
8466,4876,117,1,1745.91
8467,4876,70,1,2237.12
8468,4877,277,4,8543.7
8469,4878,134,1,3052.42
8470,4879,294,1,1198.85
8471,4879,59,2,6338.8
8472,4880,166,1,56106.98
8473,4880,128,1,5510.1
8474,4881,57,1,47719.15
8475,4881,295,1,5326.75
8476,4881,17,1,294.89
8477,4882,6,1,36979.65
8478,4883,276,2,47550.66
8479,4883,77,1,1400.4
8480,4884,153,1,5174.58
8481,4884,31,4,5700.68
8482,4885,61,1,4121.11
8483,4886,251,1,1121.27
8484,4886,113,1,1763.17
8485,4887,253,1,19604.03
8486,4888,280,1,30650.17
8487,4889,292,1,919.09
8488,4890,289,3,4310.73
8489,4890,126,1,1046.38
8490,4890,62,1,15230.12
8491,4891,228,3,48800.29
8492,4891,152,1,6532.67
8493,4892,46,1,1605.0
8494,4892,242,1,7356.48
8495,4893,259,1,29069.08
8496,4894,217,1,3568.48
8497,4894,142,1,13564.68
8498,4895,197,1,1085.65
8499,4895,42,1,4278.11
8500,4896,249,1,41565.37
8501,4896,270,2,16214.91
8502,4896,245,2,1205.1
8503,4897,133,3,4791.65
8504,4897,182,4,46326.59
8505,4898,6,1,37716.53
8506,4899,148,2,44625.44
8507,4899,177,2,5044.27
8508,4899,246,1,384.17
8509,4900,270,1,17739.02
8510,4900,230,2,4780.78
8511,4901,50,1,42117.98
8512,4902,59,1,6515.75
8513,4902,264,1,1587.59
8514,4903,152,1,6783.76
8515,4904,243,1,11709.44
8516,4904,178,1,12442.55
8517,4905,14,1,30188.37
8518,4906,290,1,2621.65
8519,4906,263,3,1188.05
8520,4907,144,3,5392.62
8521,4908,82,1,4555.16
8522,4908,83,3,5629.25
8523,4908,243,1,11168.14
8524,4909,58,1,6765.69
8525,4910,177,1,5392.82
8526,4911,280,1,26934.52
8527,4912,157,1,4179.1
8528,4913,165,1,7524.34
8529,4913,133,2,5058.73
8530,4914,76,1,2679.23
8531,4915,79,1,2552.52
8532,4916,127,3,34489.57
8533,4916,138,3,69910.88
8534,4916,9,1,7843.66
8535,4917,253,1,19649.46
8536,4917,2,2,1806.39
8537,4918,70,2,2336.43
8538,4918,103,1,2000.99
8539,4919,282,1,1047.65
8540,4920,213,1,5228.53
8541,4920,49,1,13962.9
8542,4920,220,1,592.8
8543,4920,150,1,1683.99
8544,4921,2,1,1976.01
8545,4922,125,2,1107.89
8546,4923,205,1,9469.88
8547,4924,147,1,14948.58
8548,4924,228,1,43860.75
8549,4925,298,1,233.1
8550,4926,70,1,2547.24
8551,4926,175,1,5866.36
8552,4926,46,1,1494.28
8553,4927,121,1,69910.95
8554,4928,212,1,9366.67
8555,4928,143,1,1716.33
8556,4929,171,1,4276.15
8557,4930,144,1,4692.49
8558,4930,120,2,3350.0
8559,4930,223,2,5048.04
8560,4931,174,1,7840.79
8561,4932,82,1,5075.58
8562,4933,244,1,65118.36
8563,4934,224,2,4148.96
8564,4935,28,1,385.59
8565,4936,192,1,14606.17
8566,4937,154,1,39095.41
8567,4937,188,1,73098.64
8568,4938,83,2,6017.17
8569,4939,25,1,2123.37
8570,4940,86,1,3709.24
8571,4941,156,2,6258.32
8572,4942,232,1,6070.38
8573,4942,99,1,17922.61
8574,4942,195,1,2816.74
8575,4942,207,2,15527.34
8576,4943,267,3,2860.55
8577,4944,230,1,4231.0
8578,4944,110,1,7186.05
8579,4945,134,1,2951.78
8580,4946,152,3,6544.77
8581,4947,97,3,5749.05
8582,4947,44,4,17197.05
8583,4947,168,2,6366.1
8584,4947,256,1,1728.54
8585,4948,142,2,13028.26
8586,4948,186,1,2988.2
8587,4949,192,1,12438.75
8588,4949,274,1,73920.76
8589,4950,174,1,7744.11
8590,4951,190,1,15356.49
8591,4951,274,2,67658.87
8592,4952,41,1,8294.41
8593,4952,46,3,1528.88
8594,4952,169,1,7178.9
8595,4953,259,1,25664.6
8596,4954,285,1,380.64
8597,4955,124,3,5214.67
8598,4955,51,2,791.26
8599,4955,211,1,3989.21
8600,4956,99,2,18804.41
8601,4957,58,2,6402.01
8602,4958,194,1,6514.58
8603,4959,246,3,381.01
8604,4960,171,1,4056.65
8605,4961,101,2,423.73
8606,4962,55,1,641.61
8607,4963,279,4,930.11
8608,4964,49,2,13758.82
8609,4964,195,4,2617.1
8610,4965,45,2,565.47
8611,4965,149,1,4675.15
8612,4966,161,1,5984.08
8613,4966,249,1,48141.71
8614,4967,274,2,68987.33
8615,4968,264,1,1845.95
8616,4969,151,1,2607.01
8617,4969,156,1,5296.89
8618,4969,123,2,3804.64
8619,4970,64,1,1700.66
8620,4970,63,1,1844.71
8621,4971,48,2,834.4
8622,4971,266,1,3833.52
8623,4971,219,1,1459.4
8624,4972,296,1,2446.54
8625,4972,98,1,4431.16
8626,4972,214,2,30940.62
8627,4972,11,1,1067.23
8628,4973,155,2,5172.08
8629,4974,121,3,61423.23
8630,4975,274,1,68804.82
8631,4976,134,1,2877.49
8632,4977,158,2,56411.36
8633,4977,262,1,5902.51
8634,4978,104,1,11138.1
8635,4979,274,2,70592.91
8636,4979,57,2,49583.71
8637,4979,253,1,19980.01
8638,4979,42,1,4864.33
8639,4980,168,1,7188.84
8640,4980,135,2,3096.68
8641,4981,36,1,2667.45
8642,4981,117,1,1819.07
8643,4981,36,2,2493.59
8644,4981,63,3,1780.91
8645,4982,221,3,1207.39
8646,4982,153,2,4842.39
8647,4983,202,3,26279.31
8648,4984,219,1,1594.26
8649,4985,212,1,10050.99
8650,4985,185,1,2698.82
8651,4986,161,1,5639.48
8652,4987,232,1,5640.58
8653,4987,264,3,1851.75
8654,4987,243,1,11414.21
8655,4988,130,1,39719.15
8656,4989,41,1,7688.54
8657,4989,100,1,7081.19
8658,4990,298,1,242.41
8659,4991,207,1,15698.2
8660,4991,50,1,38184.47
8661,4992,111,1,6172.17
8662,4992,222,1,9755.51
8663,4993,280,1,26243.32
8664,4994,171,1,4109.83
8665,4994,264,3,1614.07
8666,4994,156,3,5279.54
8667,4995,238,1,1554.82
8668,4995,271,1,15829.87
8669,4996,177,2,5072.53
8670,4997,237,3,4395.39
8671,4997,60,1,32558.3
8672,4997,18,1,1396.28
8673,4997,148,1,45604.56
8674,4998,189,2,19888.33
8675,4998,94,3,1495.87
8676,4998,149,1,4541.71
8677,4999,132,1,16983.5
8678,5000,125,3,1190.1
8679,5001,229,1,46739.13
8680,5001,11,1,1116.09
8681,5001,61,1,4286.97
8682,5002,264,3,1654.27
8683,5002,270,1,15005.21
8684,5003,99,1,17925.15
8685,5004,140,1,9294.46
8686,5005,300,2,990.56
8687,5005,136,1,518.21
8688,5006,245,1,1071.64
8689,5007,34,3,1941.94
8690,5008,241,1,748.67
8691,5009,153,1,4644.49
8692,5010,178,1,13506.9
8693,5010,98,1,4313.39
8694,5011,249,3,42384.9
8695,5011,90,2,18535.76
8696,5012,76,1,2850.65
8697,5012,124,1,5521.34
8698,5013,178,2,12260.39
8699,5014,12,2,31949.87
8700,5015,176,1,62879.59
8701,5015,82,2,4971.32
8702,5016,130,3,40111.2
8703,5016,67,1,4931.6
8704,5017,171,1,4298.64
8705,5018,25,1,2331.73
8706,5018,227,1,2298.26
8707,5019,73,1,435.96
8708,5020,57,2,50046.86
8709,5021,7,1,439.58
8710,5021,293,1,1058.5
8711,5022,214,2,31539.23
8712,5023,141,1,3958.75
8713,5024,94,1,1433.3
8714,5024,208,2,6797.48
8715,5024,140,1,10292.33
8716,5025,272,1,40414.87
8717,5026,222,2,9705.67
8718,5026,291,3,8562.33
8719,5027,261,2,1629.06
8720,5028,176,3,65279.85
8721,5028,9,4,8287.0
8722,5028,288,2,1241.75
8723,5028,75,2,38611.84
8724,5029,173,1,25815.57
8725,5030,230,1,4712.07
8726,5030,77,2,1378.65
8727,5030,232,1,5909.41
8728,5031,166,1,53471.5
8729,5032,277,2,8959.8
8730,5032,36,2,2501.45
8731,5032,84,1,22740.41
8732,5033,218,1,2189.38
8733,5033,267,4,2879.84
8734,5034,71,3,4450.35
8735,5035,217,1,3787.02
8736,5035,125,2,1097.36
8737,5036,261,3,1489.18
8738,5037,113,1,1841.35
8739,5038,286,3,1761.9
8740,5039,71,1,4509.78
8741,5039,299,2,957.34
8742,5040,217,1,3281.52
8743,5041,66,1,1399.14
8744,5041,96,1,57424.06
8745,5042,21,1,22805.34
8746,5042,283,1,1178.88
8747,5043,47,1,5219.54
8748,5044,2,1,1989.39
8749,5045,177,2,5586.34
8750,5045,137,1,1662.79
8751,5046,202,1,26306.22
8752,5047,140,1,10536.52
8753,5048,64,1,1620.97
8754,5049,176,1,61654.81
8755,5050,257,3,4115.78
8756,5050,36,2,2817.37
8757,5051,82,1,4666.92
8758,5052,259,3,29359.22
8759,5052,276,3,51297.13
8760,5052,67,2,4838.78
8761,5053,243,2,11561.29
8762,5053,115,2,1613.16
8763,5054,216,1,66003.43
8764,5054,170,1,42060.08
8765,5054,124,1,5044.75
8766,5054,2,2,2019.48
8767,5055,109,1,11580.48
8768,5055,187,1,1148.95
8769,5056,231,1,15155.24
8770,5057,62,2,13843.95
8771,5058,60,2,31489.41
8772,5059,229,1,49595.38
8773,5059,75,1,38458.44
8774,5060,87,1,42681.22
8775,5060,125,1,1243.88
8776,5061,181,1,14012.18
8777,5062,99,1,18872.67
8778,5062,150,1,1699.97
8779,5063,289,1,4242.02
8780,5064,265,1,8674.62
8781,5064,140,3,9968.35
8782,5065,107,1,5484.46
8783,5066,119,2,5166.19
8784,5067,151,1,2672.23
8785,5068,120,1,3250.38
8786,5068,161,1,5920.84
8787,5068,169,1,7481.61
8788,5068,34,1,1821.95
8789,5069,179,1,1311.02
8790,5069,163,1,1816.5
8791,5070,278,2,1674.12
8792,5071,147,1,15608.11
8793,5071,127,1,38765.25
8794,5072,52,1,1721.76
8795,5073,40,1,1513.09
8796,5074,187,1,1066.8
8797,5074,123,1,3790.96
8798,5075,154,2,36152.52
8799,5076,82,2,4566.96
8800,5076,43,1,1268.7
8801,5077,291,1,7964.72
8802,5078,189,2,19783.61
8803,5078,166,1,50918.23
8804,5079,141,1,4498.07
8805,5080,13,3,863.78
8806,5081,272,1,40881.68
8807,5082,185,3,2865.15
8808,5082,162,1,37170.65
8809,5083,292,1,997.49
8810,5083,74,1,19830.81
8811,5083,61,1,4079.82
8812,5083,223,1,5575.96
8813,5084,269,2,7429.21
8814,5085,128,1,5368.25
8815,5086,49,1,11916.94
8816,5086,251,3,1152.11
8817,5087,49,4,12226.61
8818,5088,136,1,554.19
8819,5089,121,1,68852.04
8820,5090,64,1,1764.36
8821,5091,286,1,1792.33
8822,5091,150,2,1539.14
8823,5092,185,2,2532.36
8824,5093,31,3,5560.3
8825,5094,250,1,4168.15
8826,5095,119,3,5041.55
8827,5096,36,2,2547.83
8828,5096,170,2,44311.69
8829,5096,179,1,1425.17
8830,5097,186,1,3071.9
8831,5098,236,3,2280.57
8832,5098,113,1,1647.11
8833,5098,99,1,18151.44
8834,5099,47,3,5366.92
8835,5099,292,1,1003.51
8836,5099,97,4,5235.57
8837,5099,288,2,1111.32
8838,5100,153,2,4634.16
8839,5101,285,3,343.44
8840,5101,164,2,13504.7
8841,5101,283,2,1319.98
8842,5102,253,1,22624.67
8843,5103,18,2,1573.61
8844,5104,16,1,5613.0
8845,5104,46,2,1599.82
8846,5105,161,1,6397.2
8847,5106,48,3,903.73
8848,5106,56,2,8550.5
8849,5107,70,1,2470.93
8850,5107,266,3,3263.87
8851,5107,92,3,62442.95
8852,5108,206,1,8157.39
8853,5108,108,1,37450.23
8854,5108,82,2,4520.91
8855,5108,42,3,4526.68
8856,5109,175,1,6695.91
8857,5109,167,1,24538.78
8858,5110,260,3,19782.84
8859,5110,254,2,12292.56
8860,5111,44,3,18790.54
8861,5111,169,2,7108.56
8862,5112,96,1,51722.96
8863,5113,184,2,5269.42
8864,5114,144,1,4934.38
8865,5114,109,2,13333.19
8866,5115,75,1,38698.39
8867,5116,146,2,1125.64
8868,5116,41,1,8751.02
8869,5117,144,1,5328.34
8870,5118,58,1,6588.66
8871,5118,56,2,10087.57
8872,5119,100,3,8213.47
8873,5119,237,3,4303.6
8874,5120,228,3,48896.96
8875,5121,282,1,948.61
8876,5121,295,1,5291.32
8877,5121,62,2,14223.22
8878,5122,65,1,1101.88
8879,5122,286,1,1702.65
8880,5123,244,2,68633.69
8881,5123,195,3,2619.45
8882,5124,134,1,2919.25
8883,5125,76,2,3065.08
8884,5126,36,1,2644.11
8885,5126,272,1,43449.59
8886,5126,180,1,15345.77
8887,5127,15,2,71317.7
8888,5128,118,1,5462.69
8889,5129,228,2,47175.39
8890,5129,93,1,4534.67
8891,5130,277,1,7985.75
8892,5131,112,2,6339.3
8893,5131,246,1,400.22
8894,5131,154,1,40735.05
8895,5131,243,2,10834.09
8896,5132,150,1,1673.87
8897,5133,201,1,6380.17
8898,5133,119,1,5355.11
8899,5134,65,2,1151.62
8900,5135,33,3,1207.69
8901,5136,143,1,1572.86
8902,5136,156,2,5377.63
8903,5137,198,1,8985.26
8904,5138,270,1,15827.25
8905,5139,296,2,2750.45
8906,5140,119,3,4898.4
8907,5141,20,1,818.61
8908,5141,163,1,2001.95
8909,5141,270,1,17501.11
8910,5142,191,1,44386.22
8911,5142,162,2,39067.32
8912,5143,129,1,45421.31
8913,5144,277,1,9307.71
8914,5145,239,1,7848.21
8915,5145,255,2,51689.06
8916,5146,11,2,1047.75
8917,5147,85,1,2526.03
8918,5148,36,1,2757.99
8919,5148,165,1,7538.2
8920,5148,9,1,9280.18
8921,5148,253,1,19749.21
8922,5149,282,1,1014.43
8923,5149,248,1,641.93
8924,5150,30,1,5335.06
8925,5151,153,1,5239.09
8926,5152,244,1,68972.83
8927,5152,124,1,5160.04
8928,5153,29,1,36373.25
8929,5153,227,2,2089.81
8930,5154,132,4,16445.89
8931,5155,258,1,5492.08
8932,5155,164,1,13562.35
8933,5156,109,1,12938.34
8934,5156,237,1,4939.97
8935,5156,227,1,2140.95
8936,5157,47,1,5565.82
8937,5158,78,1,4213.14
8938,5158,195,1,2547.49
8939,5159,279,1,800.22
8940,5159,261,1,1609.22
8941,5159,50,1,43013.81
8942,5160,285,1,338.52
8943,5160,141,1,4113.47
8944,5161,296,1,2474.42
8945,5161,71,1,5226.56
8946,5161,279,1,802.88
8947,5161,168,1,7522.94
8948,5162,105,1,9917.74
8949,5163,103,2,1878.43
8950,5163,60,3,30044.35
8951,5164,298,1,212.97
8952,5165,127,1,34375.53
8953,5166,195,1,2917.2
8954,5166,64,1,1805.48
8955,5167,96,1,51736.86
8956,5167,279,1,931.82
8957,5168,14,1,29550.59
8958,5169,138,1,65570.47
8959,5170,174,3,7316.26
8960,5171,93,1,4230.57
8961,5171,171,1,4284.03
8962,5171,277,1,8627.99
8963,5171,107,1,5856.57
8964,5172,90,2,16280.47
8965,5172,74,1,20315.55
8966,5173,150,1,1551.72
8967,5174,266,1,3854.4
8968,5175,138,2,66928.89
8969,5175,202,1,25178.77
8970,5175,252,1,7306.09
8971,5176,37,1,46232.0
8972,5176,146,2,987.91
8973,5177,300,1,1048.6
8974,5177,106,1,39128.54
8975,5178,87,1,42447.32
8976,5178,38,1,1556.82
8977,5179,50,3,41358.16
8978,5180,162,1,39840.34
8979,5181,232,2,5706.63
8980,5182,200,1,997.77
8981,5183,167,1,24544.12
8982,5183,78,3,4076.82
8983,5184,156,1,5482.86
8984,5184,200,2,1095.56
8985,5185,68,1,47546.21
8986,5185,139,1,3429.92
8987,5185,177,1,5186.86
8988,5186,14,1,34411.49
8989,5187,200,1,1038.13
8990,5187,14,1,31115.8
8991,5188,131,2,3421.85
8992,5188,18,1,1597.39
8993,5188,80,1,78321.12
8994,5188,125,4,1179.79
8995,5189,47,2,5203.71
8996,5190,246,1,351.99
8997,5191,263,1,1098.43
8998,5191,97,3,6079.84
8999,5191,169,1,7379.49
9000,5192,189,1,19405.6
9001,5193,144,1,5036.55
9002,5193,254,1,13991.34
9003,5194,262,2,6028.17
9004,5195,168,1,7452.56
9005,5196,206,1,7281.48
9006,5196,278,1,1725.63
9007,5196,261,3,1522.81
9008,5197,92,1,60200.05
9009,5198,281,2,6327.8
9010,5199,153,1,5214.73
9011,5200,282,4,982.26
9012,5201,164,2,12768.42
9013,5202,294,1,1248.43
9014,5202,53,3,45456.23
9015,5203,234,1,13284.43
9016,5204,150,1,1560.78
9017,5205,42,1,4793.81
9018,5206,196,2,301.9
9019,5206,165,1,6756.57
9020,5207,30,1,5303.1
9021,5208,46,1,1645.04
9022,5208,193,3,17308.98
9023,5208,290,1,2689.71
9024,5209,158,1,64683.46
9025,5209,115,2,1408.52
9026,5209,112,1,6530.29
9027,5210,220,1,589.04
9028,5211,115,2,1421.29
9029,5212,162,1,40002.81
9030,5212,257,1,3619.14
9031,5213,236,1,2147.25
9032,5214,290,2,2504.02
9033,5214,219,1,1370.88
9034,5214,107,2,5371.71
9035,5215,27,1,3396.63
9036,5215,138,1,70275.83
9037,5215,106,2,41668.06
9038,5215,145,1,583.39
9039,5216,282,1,920.37
9040,5216,197,3,1128.31
9041,5217,48,1,931.1
9042,5218,73,1,484.5
9043,5219,53,2,44724.67
9044,5220,107,1,5606.4
9045,5221,289,1,4569.31
9046,5221,42,1,4543.17
9047,5222,214,1,32912.18
9048,5223,3,1,6888.21
9049,5223,32,1,2785.52
9050,5224,57,1,46774.56
9051,5224,122,1,19238.33
9052,5225,14,3,29115.68
9053,5226,14,2,31584.21
9054,5226,73,1,425.66
9055,5227,240,1,7970.73
9056,5227,109,1,13192.61
9057,5227,28,1,402.09
9058,5228,20,1,716.7
9059,5229,21,2,23700.71
9060,5229,289,1,4165.79
9061,5230,124,1,5122.38
9062,5231,41,2,8744.46
9063,5231,45,1,644.84
9064,5232,257,4,4104.93
9065,5232,246,1,383.15
9066,5232,215,2,5235.98
9067,5233,158,1,61636.54
9068,5233,231,1,16210.54
9069,5234,149,1,4207.84
9070,5235,67,1,5008.66
9071,5236,127,1,34550.81
9072,5236,282,2,910.63
9073,5236,115,1,1442.18
9074,5236,70,2,2468.46
9075,5237,185,2,2639.63
9076,5237,7,3,442.23
9077,5238,154,1,39406.07
9078,5239,47,1,4969.73
9079,5239,4,2,5184.36
9080,5240,106,2,36036.1
9081,5241,213,1,5332.04
9082,5241,25,1,2434.79
9083,5241,27,1,3409.12
9084,5242,244,3,74538.16
9085,5243,276,2,49092.6
9086,5244,169,4,7091.06
9087,5245,140,1,10499.93
9088,5246,278,1,1584.66
9089,5246,78,2,3783.47
9090,5247,177,2,4883.99
9091,5247,19,1,9901.46
9092,5248,20,1,722.92
9093,5248,109,1,11709.04
9094,5249,161,1,6315.31
9095,5250,2,1,1778.56
9096,5250,24,1,19703.43
9097,5251,41,1,8782.39
9098,5251,282,1,987.5
9099,5251,79,1,2806.12
9100,5252,197,2,1131.87
9101,5252,276,1,52006.57
9102,5253,105,1,11024.31
9103,5253,47,3,5478.45
9104,5254,183,1,6998.37
9105,5255,99,1,16737.83
9106,5255,226,1,6546.39
9107,5255,291,1,8001.87
9108,5256,282,2,924.95
9109,5257,116,1,45787.13
9110,5257,188,2,77164.22
9111,5257,136,1,509.09
9112,5258,203,1,5898.58
9113,5259,83,2,5736.87
9114,5260,121,1,65325.69
9115,5261,35,2,43814.71
9116,5261,68,1,48251.48
9117,5261,68,3,52520.24
9118,5261,106,1,35967.29
9119,5262,47,1,5385.07
9120,5262,199,1,1619.12
9121,5263,293,1,1101.93
9122,5264,262,2,5926.22
9123,5264,228,1,45453.09
9124,5264,200,1,985.46
9125,5265,96,2,56413.87
9126,5266,287,1,1213.23
9127,5266,171,1,4321.35
9128,5266,202,1,23229.34
9129,5267,25,3,2232.13
9130,5267,189,1,19374.44
9131,5267,59,1,6716.41
9132,5268,4,3,5990.38
9133,5268,279,2,810.53
9134,5269,183,2,7833.34
9135,5270,5,1,77564.08
9136,5270,22,1,3536.77
9137,5270,238,1,1494.65
9138,5270,157,2,4776.39
9139,5271,48,3,828.44
9140,5271,176,2,63533.14
9141,5272,279,2,857.2
9142,5273,194,1,7060.54
9143,5273,253,1,20997.86
9144,5274,262,2,5844.77
9145,5275,285,3,354.36
9146,5276,142,2,12030.72
9147,5276,299,1,1080.34
9148,5277,145,3,584.01
9149,5277,102,1,2724.65
9150,5278,165,1,7749.42
9151,5278,258,1,4912.58
9152,5279,101,1,411.34
9153,5279,145,1,501.14
9154,5280,82,1,4488.98
9155,5280,106,3,39410.81
9156,5280,33,3,1182.7
9157,5281,259,1,30131.17
9158,5282,252,1,7826.47
9159,5283,299,1,1049.93
9160,5284,13,1,937.76
9161,5284,20,1,730.89
9162,5284,295,1,5435.21
9163,5285,250,1,4198.83
9164,5286,87,1,42771.96
9165,5287,145,2,575.45
9166,5287,211,2,4165.62
9167,5287,117,2,1971.69
9168,5288,220,1,616.41
9169,5288,235,1,32344.06
9170,5289,120,3,3178.79
9171,5290,11,4,1024.99
9172,5290,124,4,5220.99
9173,5290,290,3,2770.75
9174,5290,180,1,17474.33
9175,5291,31,3,5360.12
9176,5292,21,3,20840.26
9177,5292,291,1,7994.38
9178,5293,7,1,438.78
9179,5294,2,1,1998.32
9180,5294,217,2,3370.89
9181,5295,32,1,2872.69
9182,5296,156,1,6190.52
9183,5296,37,1,44718.14
9184,5296,300,1,1030.82
9185,5297,60,4,30467.54
9186,5297,90,1,16986.37
9187,5298,88,2,59199.91
9188,5299,112,1,5734.46
9189,5299,96,1,58072.29
9190,5299,191,1,45541.16
9191,5300,128,2,5778.9
9192,5300,207,1,16080.13
9193,5301,167,3,24139.99
9194,5302,116,3,39995.57
9195,5303,245,2,1152.24
9196,5304,37,2,45821.92
9197,5304,256,1,1813.69
9198,5305,21,2,23021.41
9199,5305,158,1,56969.47
9200,5305,1,1,483.36
9201,5306,180,2,16798.74
9202,5307,112,1,6596.42
9203,5308,37,2,45309.39
9204,5308,84,2,23914.16
9205,5309,147,2,15770.5
9206,5309,7,1,431.73
9207,5309,133,1,4926.74
9208,5309,198,2,8414.85
9209,5310,64,1,1778.02
9210,5311,107,4,5755.92
9211,5312,135,4,2708.53
9212,5312,164,3,14240.05
9213,5312,186,1,2853.06
9214,5313,260,3,19770.94
9215,5313,214,1,32311.17
9216,5313,110,1,6919.7
9217,5313,257,4,3621.11
9218,5314,65,1,1092.46
9219,5314,238,2,1571.65
9220,5315,84,1,22949.93
9221,5315,118,1,5587.17
9222,5316,12,1,32951.91
9223,5317,267,1,2907.86
9224,5317,68,2,53022.79
9225,5317,14,2,30086.44
9226,5317,271,4,17725.3
9227,5318,289,2,4358.84
9228,5318,38,2,1546.42
9229,5319,256,1,1816.2
9230,5319,100,1,7801.29
9231,5320,235,1,35727.38
9232,5320,39,1,7661.04
9233,5320,8,2,3068.56
9234,5321,18,1,1371.85
9235,5321,234,2,14531.97
9236,5321,114,3,5296.21
9237,5322,59,1,6627.5
9238,5323,247,1,4860.19
9239,5324,120,1,3313.49
9240,5325,12,2,30593.42
9241,5325,250,1,3953.07
9242,5325,206,1,7636.29
9243,5326,201,1,5596.9
9244,5326,15,1,68510.16
9245,5327,51,1,712.07
9246,5327,218,1,2137.23
9247,5328,232,1,5360.39
9248,5329,290,2,2812.04
9249,5330,249,1,47086.1
9250,5331,83,2,6104.01
9251,5331,154,1,41002.54
9252,5331,138,1,64334.53
9253,5332,121,2,65062.21
9254,5333,165,1,7363.0
9255,5333,269,1,6567.37
9256,5333,69,1,6010.42
9257,5334,166,1,54397.72
9258,5335,14,3,29494.49
9259,5336,155,2,5030.66
9260,5337,21,1,22824.92
9261,5338,257,1,4031.37
9262,5338,112,1,6359.88
9263,5339,67,1,5050.76
9264,5340,62,1,14567.98
9265,5340,80,1,72271.91
9266,5341,155,2,5384.47
9267,5342,102,1,2727.29
9268,5342,20,1,798.12
9269,5342,60,1,35230.32
9270,5342,207,1,16202.0
9271,5343,95,1,2437.17
9272,5344,46,1,1456.9
9273,5344,182,1,46826.11
9274,5345,11,1,1044.81
9275,5345,189,1,17221.47
9276,5345,76,2,2678.52
9277,5346,156,1,5614.05
9278,5346,206,1,7688.75
9279,5346,133,1,5467.46
9280,5346,35,1,41258.05
9281,5347,214,1,28620.9
9282,5347,233,2,6634.04
9283,5348,83,1,6357.35
9284,5348,188,1,79061.87
9285,5349,10,1,70632.35
9286,5349,93,1,4590.57
9287,5350,252,4,7929.32
9288,5350,28,1,387.26
9289,5351,102,1,2957.39
9290,5351,273,2,1444.11
9291,5351,141,1,4557.95
9292,5352,70,2,2643.58
9293,5352,218,4,2529.88
9294,5353,190,1,15463.27
9295,5353,141,1,4587.46
9296,5354,208,3,7566.91
9297,5354,236,1,2300.24
9298,5354,160,1,3144.48
9299,5354,60,2,32167.25
9300,5355,176,2,61777.75
9301,5356,245,1,1072.35
9302,5356,89,2,1518.27
9303,5357,16,3,5840.61
9304,5358,177,2,5609.38
9305,5359,105,1,9647.19
9306,5359,248,1,630.99
9307,5360,184,4,4783.12
9308,5361,234,1,13976.45
9309,5362,150,2,1701.17
9310,5362,67,1,5075.49
9311,5362,197,1,1084.92
9312,5363,235,1,32849.36
9313,5364,71,1,4480.73
9314,5364,204,3,73907.43
9315,5365,292,1,991.11
9316,5366,131,2,3350.2
9317,5366,80,2,72305.44
9318,5366,146,1,1028.7
9319,5366,131,1,3112.71
9320,5367,155,1,5572.69
9321,5368,203,1,5671.98
9322,5368,234,2,15304.21
9323,5368,221,1,1378.3
9324,5369,184,1,5271.23
9325,5370,202,1,25014.18
9326,5371,255,1,46983.64
9327,5372,70,1,2406.84
9328,5373,247,1,5137.92
9329,5373,51,2,723.67
9330,5373,275,2,1199.31
9331,5374,164,1,14718.33
9332,5374,263,2,1193.5
9333,5375,287,1,1131.81
9334,5376,7,1,455.84
9335,5376,164,1,13717.71
9336,5377,109,2,12264.02
9337,5378,55,3,678.8
9338,5378,113,2,1818.86
9339,5379,184,1,5040.22
9340,5379,207,1,15044.02
9341,5380,27,1,3157.4
9342,5380,171,1,4025.01
9343,5381,183,1,6948.75
9344,5381,298,1,223.81
9345,5381,65,1,1070.59
9346,5382,186,1,2824.12
9347,5382,236,3,2187.34
9348,5383,171,1,4334.54
9349,5384,63,1,1926.28
9350,5385,256,4,1770.89
9351,5385,40,1,1490.14
9352,5385,238,1,1461.63
9353,5386,281,1,6000.95
9354,5387,49,2,11960.15
9355,5388,187,2,1116.75
9356,5388,146,2,1038.51
9357,5389,218,1,2332.36
9358,5390,298,1,208.62
9359,5391,70,1,2314.96
9360,5391,213,1,5056.71
9361,5391,280,1,28637.0
9362,5392,8,2,2878.78
9363,5393,243,2,11172.46
9364,5393,19,1,9205.97
9365,5394,51,1,709.59
9366,5395,220,4,604.98
9367,5395,267,1,3090.95
9368,5396,232,2,6054.42
9369,5396,57,2,50764.51
9370,5397,246,1,401.71
9371,5398,87,2,42759.21
9372,5398,88,1,59858.0
9373,5398,238,1,1578.11
9374,5399,242,1,7242.64
9375,5399,238,3,1661.01
9376,5400,298,1,235.63
9377,5400,74,1,18509.4
9378,5400,173,2,29735.3
9379,5401,171,1,3853.6
9380,5402,180,2,16902.23
9381,5402,297,1,4003.62
9382,5403,74,1,19930.33
9383,5403,56,1,9586.24
9384,5403,65,1,1142.08
9385,5403,29,1,34811.17
9386,5404,3,3,7271.65
9387,5404,94,1,1598.05
9388,5405,65,1,1137.12
9389,5405,285,2,379.24
9390,5405,46,1,1493.32
9391,5406,97,1,5784.1
9392,5407,199,1,1813.2
9393,5407,193,3,19525.36
9394,5408,13,2,859.34
9395,5408,156,2,5680.75
9396,5409,291,3,7638.59
9397,5410,62,1,14812.98
9398,5410,276,1,48310.71
9399,5411,256,1,1542.74
9400,5412,95,2,2484.58
9401,5412,116,2,45927.7
9402,5412,274,1,73416.14
9403,5413,174,2,6701.86
9404,5413,144,1,4674.04
9405,5414,147,1,15611.4
9406,5414,258,1,5241.69
9407,5414,41,2,8919.22
9408,5415,207,2,16257.65
9409,5415,12,2,31401.77
9410,5416,28,1,423.18
9411,5416,45,1,626.8
9412,5416,215,1,5735.44
9413,5417,256,1,1745.45
9414,5418,192,1,12628.25
9415,5418,122,3,19806.99
9416,5419,242,1,8160.78
9417,5420,84,1,20318.19
9418,5420,230,1,4359.02
9419,5421,198,1,9720.98
9420,5422,220,2,610.51
9421,5422,83,3,5975.8
9422,5423,194,1,6673.23
9423,5424,56,2,9406.22
9424,5424,258,1,5634.64
9425,5424,27,1,3102.07
9426,5424,234,3,14899.18
9427,5425,180,1,16118.49
9428,5425,221,1,1290.03
9429,5425,21,2,22531.98
9430,5426,37,1,46790.98
9431,5426,99,1,17573.51
9432,5427,292,1,953.47
9433,5428,138,3,64421.03
9434,5428,263,1,1185.93
9435,5429,94,1,1530.83
9436,5429,161,1,6135.21
9437,5430,130,1,39068.98
9438,5431,271,1,16332.6
9439,5431,121,2,63080.37
9440,5432,162,1,41685.25
9441,5432,89,1,1668.16
9442,5432,166,4,57028.07
9443,5433,175,1,6585.32
9444,5434,253,2,20277.22
9445,5435,162,1,43878.78
9446,5435,117,1,1997.69
9447,5435,182,1,45206.91
9448,5436,216,2,66619.49
9449,5437,90,3,16864.63
9450,5437,241,2,673.23
9451,5437,109,1,12823.99
9452,5438,270,2,17644.46
9453,5438,111,1,6023.08
9454,5439,188,2,78181.52
9455,5440,92,1,60351.36
9456,5440,87,2,37630.03
9457,5440,36,3,2668.23
9458,5440,235,2,37011.46
9459,5441,142,1,12467.9
9460,5442,28,1,447.84
9461,5443,77,1,1302.14
9462,5444,195,1,2884.76
9463,5444,220,1,673.19
9464,5444,213,1,5126.79
9465,5444,283,2,1268.04
9466,5445,263,1,1149.66
9467,5446,114,1,5027.36
9468,5447,119,1,5017.52
9469,5448,71,1,4920.64
9470,5448,227,1,2068.49
9471,5449,219,1,1546.46
9472,5450,170,1,45491.45
9473,5451,216,1,65947.7
9474,5451,189,1,18527.13
9475,5452,242,1,7342.03
9476,5452,206,1,7585.74
9477,5453,173,1,26731.59
9478,5453,48,1,968.24
9479,5454,153,2,4450.03
9480,5454,222,1,9734.12
9481,5455,292,1,1045.29
9482,5455,29,1,34174.13
9483,5456,75,3,39726.57
9484,5456,293,3,1116.41
9485,5456,296,1,2402.53
9486,5457,43,3,1157.91
9487,5457,86,2,3491.85
9488,5458,296,1,2652.47
9489,5458,22,1,3515.55
9490,5459,76,1,3000.87
9491,5460,277,1,8008.68
9492,5460,123,1,3891.89
9493,5460,248,1,644.94
9494,5461,172,1,20158.32
9495,5461,85,1,2915.18
9496,5461,144,1,4724.05
9497,5462,181,1,14831.0
9498,5462,213,1,5250.48
9499,5463,149,1,4791.68
9500,5464,203,2,5684.99
9501,5465,41,1,8341.2
9502,5465,111,3,6718.56
9503,5465,228,3,48667.31
9504,5465,231,1,16188.61
9505,5466,245,2,1064.96
9506,5467,147,2,17489.78
9507,5467,172,1,20153.46
9508,5468,186,1,3071.38
9509,5469,30,1,5100.34
9510,5470,212,3,8748.66
9511,5471,67,1,5360.67
9512,5471,185,3,2531.97
9513,5472,260,2,20663.04
9514,5473,24,1,17959.31
9515,5474,104,1,11837.49
9516,5474,227,1,2178.8
9517,5475,31,2,5855.99
9518,5475,143,1,1763.0
9519,5476,221,1,1402.38
9520,5476,40,1,1689.51
9521,5477,291,3,8347.89
9522,5477,58,1,6610.84
9523,5477,212,1,9416.94
9524,5477,67,1,5159.81
9525,5478,122,1,18222.16
9526,5479,267,1,3269.87
9527,5479,298,2,219.75
9528,5480,181,1,13981.47
9529,5481,61,3,4513.4
9530,5482,17,1,278.48
9531,5482,209,3,2281.2
9532,5482,241,1,706.69
9533,5483,117,1,1896.01
9534,5484,210,1,14979.69
9535,5484,64,1,1727.43
9536,5485,155,2,5279.52
9537,5486,32,1,2595.04
9538,5487,248,2,707.25
9539,5487,254,1,12457.62
9540,5488,231,3,14343.21
9541,5488,4,2,5772.33
9542,5489,151,1,2530.04
9543,5489,144,1,4836.79
9544,5490,222,1,9089.58
9545,5491,227,1,2097.45
9546,5492,7,3,410.76
9547,5492,274,1,68133.12
9548,5493,151,1,2849.01
9549,5494,27,4,3420.82
9550,5495,111,1,5959.05
9551,5495,217,1,3696.78
9552,5495,70,1,2426.2
9553,5496,154,1,39512.76
9554,5497,139,1,3209.97
9555,5498,108,2,37731.52
9556,5498,118,1,5949.15
9557,5498,168,1,6753.92
9558,5498,56,1,9964.24
9559,5499,199,1,1789.19
9560,5499,300,1,1047.24
9561,5499,226,1,5819.95
9562,5500,16,1,5381.01
9563,5501,126,1,897.93
9564,5501,252,1,7780.12
9565,5501,209,2,2122.39
9566,5502,227,1,2096.72
9567,5503,195,1,2726.54
9568,5503,23,1,696.38
9569,5504,218,2,2535.17
9570,5505,103,2,1830.76
9571,5505,10,2,65466.24
9572,5505,185,1,2524.79
9573,5505,188,1,78489.79
9574,5506,47,3,5418.97
9575,5506,225,1,4809.72
9576,5507,223,1,5246.14
9577,5508,114,2,4706.33
9578,5509,106,1,36237.54
9579,5510,264,4,1640.52
9580,5511,43,2,1261.67
9581,5512,198,1,8277.92
9582,5513,208,1,6822.35
9583,5513,72,3,5127.8
9584,5514,76,1,2935.48
9585,5514,157,2,4850.28
9586,5515,106,1,36947.07
9587,5516,30,1,4835.77
9588,5517,131,1,3194.78
9589,5518,221,1,1237.12
9590,5519,130,1,37993.49
9591,5520,225,2,5351.26
9592,5521,238,1,1682.39
9593,5522,176,1,63215.92
9594,5523,195,1,2714.32
9595,5524,20,1,780.26
9596,5524,256,2,1650.23
9597,5524,47,1,5218.99
9598,5524,232,1,5723.74
9599,5525,231,1,13828.12
9600,5525,281,1,6724.7
9601,5525,101,2,428.56
9602,5526,105,2,10449.91
9603,5527,75,1,38982.64
9604,5527,174,1,7769.09
9605,5528,64,2,1543.58
9606,5528,253,3,20934.73
9607,5529,199,2,1644.37
9608,5530,246,1,352.92
9609,5530,145,1,575.52
9610,5530,243,3,11781.83
9611,5531,32,1,2924.26
9612,5532,130,1,35988.4
9613,5533,187,3,1113.44
9614,5533,146,1,1020.27
9615,5533,223,1,5547.45
9616,5534,24,1,19194.82
9617,5535,241,2,691.61
9618,5535,53,1,45985.35
9619,5536,38,1,1539.2
9620,5536,133,2,5100.76
9621,5536,240,3,9044.34
9622,5537,94,3,1556.04
9623,5538,252,1,8544.15
9624,5538,73,1,454.24
9625,5538,238,1,1684.84
9626,5538,45,1,586.91
9627,5539,208,3,7399.44
9628,5540,227,1,2147.32
9629,5540,32,2,3058.96
9630,5541,244,2,70036.04
9631,5542,188,1,71962.9
9632,5542,148,1,47558.36
9633,5543,273,1,1429.47
9634,5544,248,1,702.75
9635,5544,109,1,11731.81
9636,5545,275,1,1072.91
9637,5545,266,1,3428.42
9638,5546,46,1,1567.28
9639,5547,191,1,47309.15
9640,5547,250,2,4420.75
9641,5547,39,1,7832.97
9642,5548,9,3,8026.95
9643,5548,229,1,44606.3
9644,5548,34,4,2076.7
9645,5549,97,1,5868.21
9646,5549,124,2,5445.96
9647,5550,259,1,29346.53
9648,5550,202,1,26713.57
9649,5551,84,1,21841.55
9650,5552,147,1,15830.51
9651,5553,143,1,1826.49
9652,5554,63,1,2052.55
9653,5555,137,3,1554.58
9654,5556,190,2,15744.24
9655,5557,40,1,1420.81
9656,5557,261,1,1465.14
9657,5558,207,1,16099.93
9658,5559,239,3,6908.38
9659,5560,158,1,55726.54
9660,5560,90,3,16006.67
9661,5561,218,1,2182.24
9662,5562,271,1,16408.24
9663,5563,50,1,41334.94
9664,5563,116,1,39278.33
9665,5563,280,1,30011.2
9666,5564,270,1,15063.53
9667,5565,259,3,29783.68
9668,5566,32,2,3030.25
9669,5566,39,1,7170.06
9670,5567,281,1,6172.66
9671,5567,260,1,20258.92
9672,5568,105,2,10180.01
9673,5568,93,1,4311.8
9674,5569,132,1,17402.43
9675,5569,3,1,7555.53
9676,5570,252,2,7531.47
9677,5570,263,2,1114.83
9678,5571,207,1,16432.41
9679,5572,54,1,14891.71
9680,5573,167,1,23190.51
9681,5573,125,4,1227.66
9682,5574,204,3,73243.14
9683,5575,17,1,288.71
9684,5575,157,2,4783.72
9685,5576,241,1,686.44
9686,5576,8,1,3076.5
9687,5576,287,2,1093.75
9688,5577,142,3,12982.6
9689,5577,13,1,928.83
9690,5578,182,2,48873.86
9691,5579,205,1,9004.0
9692,5579,40,1,1448.4
9693,5580,144,2,5088.68
9694,5580,68,1,50581.94
9695,5580,275,2,1212.07
9696,5581,69,1,5202.11
9697,5582,37,2,44679.76
9698,5582,163,2,1929.85
9699,5583,273,1,1451.81
9700,5584,68,1,46877.38
9701,5584,268,1,15738.01
9702,5584,69,1,5710.9
9703,5585,277,1,8278.31
9704,5586,128,1,5299.16
9705,5586,121,1,67579.62
9706,5587,237,4,4540.65
9707,5587,147,3,15758.19
9708,5588,84,1,23558.87
9709,5589,114,3,4749.06
9710,5589,76,3,2665.29
9711,5589,135,1,2762.59
9712,5590,151,1,2805.72
9713,5590,206,3,7873.56
9714,5590,106,1,40919.16
9715,5591,81,1,4154.9
9716,5592,295,1,5384.46
9717,5593,248,1,662.07
9718,5593,242,1,7523.26
9719,5594,107,1,5102.68
9720,5595,118,1,6030.52
9721,5596,203,2,5146.81
9722,5597,36,3,2895.89
9723,5598,291,1,8555.22
9724,5598,66,1,1509.47
9725,5599,70,1,2462.5
9726,5600,236,1,2067.11
9727,5601,84,1,22277.74
9728,5601,138,1,65692.74
9729,5601,285,1,337.41
9730,5602,59,1,6725.9
9731,5603,33,3,1083.32
9732,5604,188,3,70942.85
9733,5604,11,1,1017.58
9734,5605,192,1,14328.99
9735,5605,73,2,497.0
9736,5605,99,1,17837.61
9737,5606,118,1,5998.21
9738,5606,44,2,17342.04
9739,5606,271,1,15544.38
9740,5607,170,1,41290.77
9741,5608,107,1,5813.58
9742,5608,170,1,40666.9
9743,5609,97,1,6063.57
9744,5609,138,2,68928.87
9745,5610,44,2,16498.25
9746,5610,291,1,8258.77
9747,5611,234,1,14238.26
9748,5612,97,1,5198.63
9749,5613,164,2,14810.66
9750,5613,151,1,2832.91
9751,5613,19,1,10338.1
9752,5614,191,2,50553.14
9753,5614,156,1,5932.86
9754,5615,208,4,7525.58
9755,5616,74,1,19611.77
9756,5616,254,1,13178.04
9757,5617,222,1,9710.1
9758,5618,67,2,4899.87
9759,5618,169,2,6495.04
9760,5618,259,1,28759.86
9761,5619,9,1,8770.49
9762,5620,31,2,5345.79
9763,5621,247,2,5458.12
9764,5621,20,1,783.87
9765,5622,109,1,11944.1
9766,5623,262,1,5173.38
9767,5624,231,1,14984.9
9768,5625,98,1,4527.42
9769,5625,175,3,5982.45
9770,5626,239,1,6897.77
9771,5626,120,1,3645.12
9772,5626,233,1,5937.1
9773,5626,253,1,22534.1
9774,5627,203,2,5280.56
9775,5627,205,2,9173.24
9776,5628,62,1,14331.17
9777,5628,252,3,7253.05
9778,5629,128,1,5644.75
9779,5629,162,1,40424.25
9780,5629,243,1,12012.54
9781,5630,95,3,2388.64
9782,5630,30,1,4847.11
9783,5630,5,1,73224.27
9784,5631,152,1,6186.05
9785,5632,168,1,6785.13
9786,5633,47,1,5186.94
9787,5633,181,1,14950.22
9788,5634,31,1,5236.88
9789,5634,187,2,979.44
9790,5634,133,2,5073.3
9791,5635,298,2,229.49
9792,5635,93,1,4541.16
9793,5635,237,1,4415.65
9794,5636,247,1,5060.8
9795,5637,282,3,897.67
9796,5637,147,1,16665.51
9797,5637,152,1,6856.72
9798,5638,223,1,5564.65
9799,5639,153,1,4678.48
9800,5639,199,1,1637.52
9801,5640,138,1,62062.21
9802,5640,286,1,1754.91
9803,5640,297,1,3949.29
9804,5641,79,1,2679.85
9805,5642,40,1,1469.08
9806,5642,235,1,36730.61
9807,5643,58,3,5880.21
9808,5644,57,2,44272.23
9809,5644,251,2,990.02
9810,5644,259,1,28272.83
9811,5644,18,4,1374.89
9812,5645,263,1,1181.4
9813,5646,297,1,4133.44
9814,5646,246,1,370.97
9815,5647,68,1,46426.29
9816,5648,97,1,6066.08
9817,5649,192,1,14432.97
9818,5650,45,1,549.18
9819,5651,249,1,43456.31
9820,5652,253,1,19150.57
9821,5653,255,1,51274.52
9822,5653,177,3,4856.75
9823,5653,280,1,26082.41
9824,5654,135,2,2889.23
9825,5655,109,2,11619.22
9826,5655,124,1,5246.84
9827,5656,77,1,1291.72
9828,5656,31,1,5289.11
9829,5657,143,3,1805.06
9830,5657,195,3,2571.92
9831,5657,235,2,34968.74
9832,5658,157,2,4331.34
9833,5659,297,2,4112.38
9834,5660,289,2,4464.99
9835,5661,46,1,1575.87
9836,5662,203,1,5638.89
9837,5662,192,1,14427.25
9838,5663,290,2,2599.65
9839,5663,252,1,7969.97
9840,5664,42,2,4686.99
9841,5664,63,1,1971.0
9842,5665,205,1,9539.43
9843,5665,78,3,4326.78
9844,5665,245,1,1211.91
9845,5666,166,1,58903.94
9846,5666,184,1,4753.77
9847,5666,256,1,1574.66
9848,5667,185,1,2595.79
9849,5668,180,1,17214.39
9850,5668,47,4,5606.13
9851,5669,258,2,5178.31
9852,5670,97,2,5543.7
9853,5670,84,1,21279.35
9854,5670,190,1,16140.83
9855,5671,40,1,1430.78
9856,5671,142,1,12578.52
9857,5672,197,1,1132.01
9858,5672,259,2,27320.96
9859,5673,68,2,48221.77
9860,5673,234,2,14757.91
9861,5674,241,3,767.59
9862,5674,161,3,6332.45
9863,5675,263,1,1071.77
9864,5675,184,1,4726.28
9865,5676,84,1,23130.6
9866,5676,197,1,1033.49
9867,5676,186,2,2648.31
9868,5677,197,1,1128.77
9869,5678,48,1,933.65
9870,5678,209,1,1999.98
9871,5679,257,1,4153.36
9872,5680,150,1,1636.15
9873,5681,153,1,4571.49
9874,5682,38,1,1557.84
9875,5683,98,1,4553.04
9876,5684,287,1,1098.7
9877,5685,274,2,71713.39
9878,5685,5,3,80346.62
9879,5686,199,1,1690.78
9880,5686,5,4,75340.52
9881,5687,202,1,26378.29
9882,5688,282,2,1025.14
9883,5688,176,2,56928.88
9884,5689,149,2,4505.69
9885,5689,77,1,1279.24
9886,5689,246,1,389.72
9887,5689,275,1,1237.28
9888,5690,116,1,42586.69
9889,5691,206,1,7064.41
9890,5692,130,1,37505.26
9891,5692,70,2,2492.82
9892,5692,212,4,9408.84
9893,5693,177,1,5246.57
9894,5694,153,1,5087.86
9895,5694,241,1,720.59
9896,5694,271,2,17682.9
9897,5695,82,1,4404.61
9898,5695,208,1,6777.24
9899,5695,133,1,5050.29
9900,5695,159,1,46122.74
9901,5696,94,3,1691.4
9902,5697,249,3,45520.2
9903,5698,2,2,2037.16
9904,5698,164,1,13428.69
9905,5698,141,1,4532.02
9906,5698,90,1,18056.91
9907,5699,102,2,2744.21
9908,5700,37,1,42866.22
9909,5701,51,1,769.35
9910,5702,106,1,35086.89
9911,5702,33,2,1189.38
9912,5703,191,1,50864.54
9913,5703,169,1,7670.07
9914,5704,295,1,5295.92
9915,5704,274,1,67553.76
9916,5704,224,3,4318.38
9917,5705,154,1,38924.66
9918,5706,186,1,3048.88
9919,5706,25,1,2061.52
9920,5707,61,2,4488.37
9921,5707,218,2,2384.12
9922,5708,213,3,4927.33
9923,5709,6,1,39602.5
9924,5709,157,1,4420.04
9925,5709,94,1,1448.61
9926,5710,222,2,10118.52
9927,5711,187,4,1124.14
9928,5712,110,1,6432.8
9929,5713,276,2,50216.55
9930,5713,144,2,4759.32
9931,5714,94,2,1510.63
9932,5714,158,1,58304.94
9933,5715,273,1,1417.03
9934,5715,109,1,13107.67
9935,5715,74,1,20252.67
9936,5716,174,3,7771.76
9937,5716,83,1,6532.23
9938,5717,83,1,6532.12
9939,5717,173,1,26660.44
9940,5717,23,1,716.4
9941,5718,273,1,1307.85
9942,5718,54,1,15365.29
9943,5719,209,2,2123.62
9944,5719,149,1,4945.8
9945,5719,82,1,4404.31
9946,5720,21,1,22501.05
9947,5720,82,3,5062.43
9948,5720,117,4,1909.79
9949,5721,34,1,2101.65
9950,5722,203,1,6093.52
9951,5723,211,2,4281.44
9952,5723,154,3,38163.2
9953,5723,57,1,45012.81
9954,5723,167,1,22781.22
9955,5724,233,1,5815.26
9956,5725,218,1,2140.68
9957,5725,111,1,6542.79
9958,5726,37,3,47410.5
9959,5727,139,1,3247.27
9960,5728,80,1,76380.04
9961,5729,232,1,6145.25
9962,5730,127,1,38382.15
9963,5730,209,1,2306.34
9964,5731,81,3,3615.41
9965,5731,63,1,1997.73
9966,5731,132,1,16900.77
9967,5732,224,1,3737.97
9968,5732,269,1,7186.11
9969,5733,262,1,5307.16
9970,5733,35,1,44469.37
9971,5734,197,1,1047.25
9972,5735,89,3,1556.08
9973,5736,64,1,1694.17
9974,5737,261,1,1587.69
9975,5737,25,2,2170.53
9976,5738,170,2,42933.01
9977,5738,234,1,14871.17
9978,5739,291,1,7871.43
9979,5740,140,2,10500.21
9980,5740,52,2,1689.21
9981,5741,133,1,4825.56
9982,5742,227,4,2134.36
9983,5742,158,1,61977.68
9984,5742,252,2,7604.89
9985,5742,205,1,9255.5
9986,5743,288,1,1198.4
9987,5744,188,1,69431.3
9988,5744,48,1,825.21
9989,5744,21,1,20719.76
9990,5745,161,2,5784.18
9991,5745,286,1,1736.64
9992,5746,121,3,69968.19
9993,5746,15,1,71436.63
9994,5746,182,1,49252.5
9995,5746,183,1,7521.71
9996,5747,24,3,19921.49
9997,5747,191,1,49979.4
9998,5748,143,1,1639.13
9999,5748,49,4,12813.55
10000,5749,9,1,9069.16
10001,5750,180,1,15964.78
10002,5751,93,1,4240.68
10003,5752,65,1,1029.66
10004,5752,247,1,5219.5
10005,5752,86,1,3787.1
10006,5752,141,2,4060.39
10007,5753,175,1,6285.71
10008,5753,256,3,1759.89
10009,5754,272,2,42824.89
10010,5754,18,1,1451.66
10011,5755,90,2,17808.04
10012,5756,211,2,4234.49
10013,5757,205,1,9474.95
10014,5758,18,2,1511.97
10015,5759,86,2,3677.8
10016,5759,47,2,5096.76
10017,5760,54,2,16252.18
10018,5761,242,2,7662.35
10019,5761,300,1,1047.55
10020,5762,6,1,35178.82
10021,5763,264,1,1727.54
10022,5764,115,1,1415.91
10023,5764,250,2,4058.73
10024,5765,281,2,5840.36
10025,5765,139,1,3344.97
10026,5766,47,2,5262.61
10027,5767,53,1,48049.86
10028,5767,285,1,349.42
10029,5767,233,1,6594.64
10030,5768,59,1,6929.72
10031,5769,256,2,1730.68
10032,5769,81,1,3876.93
10033,5770,23,1,721.88
10034,5770,192,3,14064.53
10035,5771,166,1,59403.2
10036,5772,2,1,2008.86
10037,5773,165,2,6853.78
10038,5774,213,2,4838.75
10039,5775,111,1,5905.75
10040,5776,272,1,37324.74
10041,5776,116,1,44934.14
10042,5777,107,1,5285.77
10043,5778,206,1,7350.64
10044,5779,182,1,46608.13
10045,5780,281,3,6706.66
10046,5780,108,1,34314.92
10047,5781,37,3,42208.41
10048,5782,208,1,6914.62
10049,5782,289,2,4078.09
10050,5783,159,1,40360.42
10051,5784,176,1,60123.57
10052,5785,151,2,2662.73
10053,5785,109,3,12099.27
10054,5785,16,1,5957.26
10055,5786,300,2,937.7
10056,5786,199,4,1783.84
10057,5787,238,1,1625.48
10058,5787,152,1,6192.07
10059,5788,118,1,5415.87
10060,5788,97,1,5521.92
10061,5788,67,1,5330.84
10062,5789,144,1,5324.01
10063,5789,39,1,6733.37
10064,5789,100,1,7944.98
10065,5790,287,3,1120.77
10066,5790,82,1,5129.27
10067,5790,88,1,59795.33
10068,5791,37,2,45169.34
10069,5792,270,1,17442.07
10070,5793,66,1,1415.12
10071,5793,241,2,731.79
10072,5793,39,1,6927.53
10073,5793,93,1,4776.2
10074,5794,4,1,5898.5
10075,5794,193,1,17693.27
10076,5795,222,1,10156.46
10077,5795,264,1,1857.33
10078,5796,29,1,34473.46
10079,5796,251,2,1085.39
10080,5797,119,1,5049.58
10081,5797,32,1,2707.13
10082,5798,195,1,2645.03
10083,5798,101,1,411.26
10084,5799,213,1,5228.51
10085,5800,120,2,3128.45
10086,5801,23,1,711.48
10087,5802,251,1,981.07
10088,5802,265,1,9608.92
10089,5802,172,2,19110.76
10090,5803,27,1,3318.01
10091,5804,147,1,15674.73
10092,5804,154,1,36763.88
10093,5804,233,1,6199.42
10094,5805,247,1,4659.06
10095,5805,285,1,378.4
10096,5806,138,1,67078.91
10097,5806,224,1,3956.0
10098,5806,300,1,966.67
10099,5807,97,1,5916.59
10100,5807,212,1,8756.85
10101,5807,283,1,1114.44
10102,5808,102,1,2612.68
10103,5809,43,2,1189.41
10104,5809,23,1,771.69
10105,5810,78,2,4138.72
10106,5810,248,1,622.41
10107,5811,156,3,6054.3
10108,5812,262,2,5313.01
10109,5813,199,2,1690.89
10110,5813,190,1,16531.32
10111,5814,15,1,67008.25
10112,5814,100,1,7487.34
10113,5814,145,1,504.41
10114,5815,170,4,39099.18
10115,5816,220,1,651.43
10116,5817,1,1,426.95
10117,5817,200,1,1088.52
10118,5817,126,1,909.85
10119,5818,278,1,1590.54
10120,5819,296,3,2545.13
10121,5819,34,2,1964.45
10122,5819,64,4,1711.02
10123,5820,247,1,5335.38
10124,5821,205,1,9103.38
10125,5822,15,1,63513.98
10126,5823,32,1,2636.62
10127,5824,73,3,490.84
10128,5825,219,1,1467.05
10129,5825,76,1,2969.85
10130,5826,132,3,17517.97
10131,5827,257,1,3934.63
10132,5827,103,2,1861.5
10133,5827,163,1,2005.4
10134,5828,152,1,6317.82
10135,5829,167,1,24300.39
10136,5829,246,2,383.94
10137,5830,276,1,48831.71
10138,5830,252,2,8256.77
10139,5831,171,1,4040.45
10140,5832,106,1,40459.53
10141,5832,269,1,6527.9
10142,5833,190,2,16340.18
10143,5834,215,1,5699.25
10144,5834,97,2,5703.7
10145,5834,286,3,1595.04
10146,5835,136,2,509.58
10147,5836,79,1,2434.75
10148,5837,197,1,990.4
10149,5837,74,3,19617.48
10150,5838,77,1,1371.48
10151,5839,104,1,11409.93
10152,5839,98,1,4785.15
10153,5839,33,2,1163.83
10154,5839,50,1,37251.1
10155,5840,254,1,14079.69
10156,5841,181,1,14949.69
10157,5842,64,3,1537.72
10158,5843,254,1,13988.24
10159,5844,6,3,40040.96
10160,5844,276,1,49605.43
10161,5845,226,2,6327.71
10162,5845,283,1,1268.77
10163,5846,143,1,1656.73
10164,5846,234,4,13903.26
10165,5847,90,1,16136.06
10166,5848,142,1,11807.75
10167,5848,286,2,1664.56
10168,5848,244,2,70256.55
10169,5849,151,1,2646.66
10170,5849,77,2,1409.5
10171,5850,147,1,16890.7
10172,5850,154,2,38951.69
10173,5851,196,3,286.35
10174,5852,276,1,46820.02
10175,5853,27,2,3181.34
10176,5854,174,1,6912.8
10177,5854,109,2,12197.65
10178,5854,184,4,5222.29
10179,5855,68,1,49211.53
10180,5855,187,1,1045.39
10181,5856,21,2,23819.99
10182,5857,242,1,7835.24
10183,5857,110,1,6525.6
10184,5858,26,3,2503.65
10185,5859,175,1,6429.05
10186,5860,113,2,1870.51
10187,5860,276,1,45143.7
10188,5861,281,1,6569.61
10189,5862,192,1,12976.57
10190,5862,290,2,2620.22
10191,5863,34,1,1897.43
10192,5863,168,1,6419.89
10193,5864,235,2,31316.82
10194,5865,91,4,4778.27
10195,5865,136,2,569.17
10196,5866,256,1,1735.85
10197,5867,266,1,3857.65
10198,5867,268,2,14625.45
10199,5867,217,1,3491.5
10200,5868,90,1,15806.51
10201,5869,40,2,1602.41
10202,5870,221,3,1345.1
10203,5871,13,3,855.6
10204,5872,286,1,1624.87
10205,5873,65,3,1089.25
10206,5874,130,1,35157.07
10207,5874,300,1,1089.41
10208,5874,25,1,2389.82
10209,5875,177,2,5508.82
10210,5876,251,1,1075.74
10211,5877,48,1,825.93
10212,5878,203,1,5904.06
10213,5878,224,3,3766.51
10214,5879,228,1,46080.28
10215,5879,66,3,1515.86
10216,5880,199,1,1661.3
10217,5880,168,2,6604.13
10218,5880,126,3,975.24
10219,5881,147,1,17366.26
10220,5881,290,1,2461.3
10221,5882,11,1,968.04
10222,5882,187,1,1161.95
10223,5883,171,1,3960.95
10224,5884,158,3,57191.9
10225,5884,266,1,3802.68
10226,5884,167,1,23680.96
10227,5885,248,1,684.8
10228,5886,230,3,4658.97
10229,5886,245,1,1103.45
10230,5887,183,1,7075.73
10231,5887,6,2,36702.51
10232,5887,23,1,785.47
10233,5888,156,2,5472.27
10234,5889,84,2,24002.94
10235,5890,75,1,38844.23
10236,5891,154,1,37689.42
10237,5891,142,2,12021.81
10238,5891,50,3,37419.83
10239,5892,138,1,61423.77
10240,5893,257,1,4160.91
10241,5894,44,1,19237.3
10242,5894,233,4,6629.79
10243,5895,239,1,7509.89
10244,5895,227,1,2180.46
10245,5896,47,1,5103.63
10246,5896,141,1,4257.14
10247,5897,278,1,1620.68
10248,5897,87,1,36839.54
10249,5898,150,1,1504.33
10250,5898,252,1,7330.49
10251,5898,174,2,7340.72
10252,5899,106,1,40085.01
10253,5900,36,4,2670.52
10254,5901,168,3,7035.38
10255,5901,148,1,49923.31
10256,5902,88,1,61662.69
10257,5903,95,1,2486.52
10258,5903,295,1,5254.2
10259,5904,186,1,2811.94
10260,5904,213,2,4841.46
10261,5904,19,1,10468.98
10262,5904,290,1,2612.36
10263,5905,95,1,2218.91
10264,5906,289,3,4122.33
10265,5907,285,1,381.3
10266,5907,63,1,1793.33
10267,5907,100,1,7103.01
10268,5907,220,2,637.81
10269,5908,151,4,2729.38
10270,5909,140,1,9972.29
10271,5910,122,1,19293.36
10272,5911,190,2,17166.66
10273,5912,200,2,978.92
10274,5913,140,1,9310.16
10275,5914,173,2,28816.14
10276,5915,18,1,1435.25
10277,5916,115,2,1396.15
10278,5916,205,1,9312.02
10279,5917,227,1,2275.36
10280,5917,147,1,17261.92
10281,5918,203,1,5616.34
10282,5918,41,1,8444.64
10283,5918,185,4,2719.28
10284,5919,197,1,1149.24
10285,5919,167,1,22972.49
10286,5919,48,1,825.33
10287,5920,273,1,1298.0
10288,5921,263,2,1054.63
10289,5922,285,1,337.04
10290,5922,7,1,392.6
10291,5923,23,4,673.53
10292,5924,127,2,38442.15
10293,5925,290,1,2470.08
10294,5926,103,1,2020.56
10295,5927,96,1,50786.06
10296,5928,265,1,9920.09
10297,5928,12,3,33949.38
10298,5928,224,2,4346.25
10299,5929,168,1,7059.08
10300,5929,80,1,73697.6
10301,5930,201,1,6051.58
10302,5931,102,1,2650.16
10303,5931,250,1,3792.91
10304,5932,191,4,51271.62
10305,5932,3,1,6719.87
10306,5933,291,1,7566.25
10307,5934,228,1,47962.0
10308,5934,122,1,20056.38
10309,5935,186,1,2912.88
10310,5936,251,1,1037.35
10311,5936,147,1,15021.58
10312,5937,216,1,72034.01
10313,5938,246,2,344.83
10314,5939,212,1,9155.37
10315,5939,147,1,17696.85
10316,5940,72,1,5590.41
10317,5940,68,2,44913.67
10318,5941,9,1,7845.83
10319,5942,138,1,69700.26
10320,5942,141,1,4247.9
10321,5942,110,1,6643.32
10322,5943,183,1,7541.22
10323,5943,94,2,1515.01
10324,5943,144,1,5207.29
10325,5944,233,1,6574.24
10326,5944,116,1,41462.5
10327,5945,21,2,24308.42
10328,5945,87,2,43312.21
10329,5946,125,1,1214.08
10330,5946,258,1,5112.24
10331,5947,19,1,9767.09
10332,5948,51,1,761.56
10333,5949,82,2,5042.28
10334,5949,2,1,2066.93
10335,5949,275,1,1198.06
10336,5950,33,4,1227.14
10337,5951,192,1,13270.81
10338,5951,133,1,4962.39
10339,5951,255,2,49736.6
10340,5952,169,1,7528.83
10341,5953,266,1,3558.59
10342,5954,210,2,15844.07
10343,5955,248,1,652.66
10344,5956,169,1,6684.72
10345,5956,25,1,2412.07
10346,5957,191,2,46135.38
10347,5958,115,1,1497.39
10348,5958,36,1,2891.85
10349,5958,132,1,17081.14
10350,5959,132,1,16800.2
10351,5959,299,1,990.3
10352,5960,213,3,5063.13
10353,5961,234,3,15260.82
10354,5961,98,1,4524.75
10355,5962,130,3,36664.61
10356,5962,78,1,4233.95
10357,5962,155,1,5404.97
10358,5963,83,2,6173.46
10359,5964,93,1,4349.59
10360,5965,114,2,4557.66
10361,5966,285,1,367.48
10362,5966,2,2,1998.37
10363,5966,260,1,20054.96
10364,5966,272,1,41106.88
10365,5967,76,1,2981.98
10366,5967,62,2,13424.72
10367,5967,78,1,3900.75
10368,5967,258,2,5631.32
10369,5968,45,4,584.62
10370,5968,17,1,288.43
10371,5968,47,1,5620.12
10372,5969,84,1,20496.94
10373,5970,205,1,9151.16
10374,5970,164,1,13355.28
10375,5970,146,1,1112.57
10376,5971,44,1,16948.05
10377,5972,228,1,48099.38
10378,5972,297,3,3927.86
10379,5973,116,1,45567.88
10380,5973,169,1,6811.06
10381,5973,90,1,15731.81
10382,5974,243,4,10732.68
10383,5975,173,1,26128.18
10384,5975,84,3,21700.88
10385,5975,94,2,1524.44
10386,5976,58,1,6209.15
10387,5977,283,2,1307.42
10388,5977,255,3,51623.06
10389,5977,129,3,45510.32
10390,5978,67,1,4962.88
10391,5978,60,3,34678.6
10392,5979,115,2,1359.89
10393,5980,25,1,2351.61
10394,5980,223,1,5430.46
10395,5981,26,1,2749.12
10396,5982,71,1,5259.66
10397,5983,120,3,3102.41
10398,5984,197,1,1036.95
10399,5984,129,1,46148.25
10400,5984,287,2,1209.67
10401,5985,112,1,6261.87
10402,5985,162,1,43002.17
10403,5985,144,1,4818.77
10404,5986,82,1,4487.22
10405,5986,184,1,5264.2
10406,5987,283,1,1165.72
10407,5988,58,1,6820.38
10408,5989,275,1,1192.58
10409,5990,249,1,43950.66
10410,5991,188,3,71164.4
10411,5991,221,1,1263.11
10412,5991,226,1,6261.37
10413,5992,103,1,1889.33
10414,5993,226,2,6295.49
10415,5994,132,2,18380.58
10416,5995,134,4,3048.79
10417,5995,277,1,8760.61
10418,5995,80,1,72945.65
10419,5996,24,2,17855.47
10420,5997,20,1,700.26
10421,5997,123,2,3704.9
10422,5998,15,1,67023.82
10423,5999,279,2,809.23
10424,5999,16,1,5110.52
10425,6000,237,1,4815.99
10426,6000,72,2,5176.46
10427,6001,219,3,1459.31
10428,6002,34,1,1894.93
10429,6003,284,2,6553.59
10430,6004,15,2,70707.64
10431,6004,108,1,39504.83
10432,6004,175,1,5786.31
10433,6005,190,4,15487.39
10434,6005,102,1,2843.33
10435,6006,15,1,66901.08
10436,6006,300,1,1085.93
10437,6006,261,1,1478.28
10438,6007,201,1,6022.71
10439,6008,100,1,7612.14
10440,6008,282,2,983.64
10441,6009,54,1,14175.76
10442,6009,20,1,759.63
10443,6010,239,4,7027.77
10444,6011,79,1,2463.59
10445,6012,226,2,6120.16
10446,6013,235,4,35572.74
10447,6014,41,3,9120.58
10448,6014,186,2,3030.35
10449,6014,136,4,582.41
10450,6014,109,1,12145.4
10451,6015,141,3,4465.82
10452,6015,253,1,21889.16
10453,6015,40,1,1486.36
10454,6015,151,2,2720.32
10455,6016,218,1,2189.23
10456,6016,275,1,1234.51
10457,6016,168,1,7491.42
10458,6017,165,1,6891.91
10459,6018,54,1,15713.36
10460,6019,177,1,5688.54
10461,6020,291,2,7286.42
10462,6020,93,3,4736.82
10463,6020,148,1,46994.34
10464,6021,24,1,18546.62
10465,6022,85,3,2624.54
10466,6023,5,1,74718.54
10467,6023,265,1,8713.41
10468,6024,87,1,36638.91
10469,6025,281,1,6331.04
10470,6025,256,1,1676.37
10471,6026,51,3,758.17
10472,6026,102,1,2733.58
10473,6027,133,1,5433.46
10474,6027,251,1,1108.67
10475,6028,289,1,4538.01
10476,6028,298,1,227.05
10477,6028,141,1,4053.52
10478,6029,130,1,35200.81
10479,6030,43,1,1226.32
10480,6031,131,1,3153.75
10481,6032,57,3,44325.87
10482,6032,256,4,1617.79
10483,6033,109,1,13531.14
10484,6034,169,1,7329.03
10485,6034,69,3,5893.87
10486,6035,250,1,4258.68
10487,6036,225,1,5275.63
10488,6036,211,2,4443.03
10489,6037,254,2,12271.33
10490,6037,113,1,1638.12
10491,6037,286,1,1892.01
10492,6038,194,4,6529.66
10493,6039,29,1,38900.94
10494,6039,9,2,8653.74
10495,6039,228,1,46589.31
10496,6040,151,1,2674.95
10497,6040,281,1,6760.43
10498,6041,27,1,3152.58
10499,6042,213,1,4873.0
10500,6043,166,2,58388.11
10501,6043,23,1,682.54
10502,6044,244,1,75845.59
10503,6044,20,1,693.73
10504,6045,49,1,14031.42
10505,6045,276,1,45768.76
10506,6046,119,2,4954.88
10507,6047,250,2,3863.05
10508,6048,164,1,14485.05
10509,6048,144,1,4867.7
10510,6049,61,1,4322.85
10511,6049,39,1,7086.53
10512,6049,10,1,66046.98
10513,6050,10,2,66327.99
10514,6051,1,2,473.95
10515,6051,286,1,1767.76
10516,6052,77,1,1368.23
10517,6053,265,3,9335.16
10518,6054,93,3,4153.55
10519,6054,154,1,41199.0
10520,6055,140,1,9416.75
10521,6055,250,2,3902.04
10522,6055,255,1,48855.8
10523,6056,37,2,46911.47
10524,6056,125,1,1154.75
10525,6057,265,1,8458.96
10526,6057,26,1,2728.83
10527,6058,246,1,373.42
10528,6059,98,2,4286.39
10529,6060,211,3,4334.98
10530,6060,92,1,63239.67
10531,6061,160,1,2893.85
10532,6061,171,3,4460.43
10533,6062,71,1,4752.68
10534,6063,195,3,2872.75
10535,6063,30,2,4757.15
10536,6063,1,1,489.01
10537,6063,201,1,6151.96
10538,6064,162,1,42411.65
10539,6064,178,2,14101.84
10540,6064,74,2,19553.26
10541,6064,14,1,29975.18
10542,6065,229,1,51862.16
10543,6066,87,1,40488.51
10544,6067,102,1,2970.62
10545,6068,262,1,5312.55
10546,6068,275,1,1079.41
10547,6068,108,1,34151.71
10548,6068,120,2,3390.52
10549,6069,293,3,1066.78
10550,6070,106,3,39085.95
10551,6071,170,1,41722.7
10552,6071,41,2,9061.2
10553,6071,263,1,1055.3
10554,6072,53,1,46304.67
10555,6073,95,1,2580.07
10556,6073,203,1,5969.39
10557,6073,259,1,26787.6
10558,6074,172,1,21214.4
10559,6074,257,1,4181.05
10560,6074,166,2,50359.41
10561,6075,143,4,1582.36
10562,6076,40,1,1636.79
10563,6076,110,2,7333.19
10564,6077,32,3,3034.78
10565,6077,80,1,78353.85
10566,6078,132,1,17322.69
10567,6078,283,1,1243.05
10568,6079,286,1,1707.18
10569,6079,173,1,29668.69
10570,6080,127,1,37666.7
10571,6080,106,2,36629.07
10572,6081,272,3,43307.5
10573,6081,111,1,6114.53
10574,6081,291,1,8490.82
10575,6082,137,1,1721.97
10576,6082,34,1,1916.04
10577,6083,122,1,18939.71
10578,6083,278,1,1636.22
10579,6083,117,1,1952.85
10580,6084,217,1,3439.08
10581,6084,299,2,1079.39
10582,6085,29,1,36484.5
10583,6085,266,2,3847.87
10584,6085,219,2,1525.45
10585,6086,198,1,8888.51
10586,6087,148,1,46651.65
10587,6088,206,3,7962.23
10588,6089,42,1,4788.34
10589,6090,279,1,842.85
10590,6090,72,1,5177.83
10591,6090,46,1,1494.68
10592,6091,213,2,5174.08
10593,6092,24,2,17755.1
10594,6093,96,3,58726.4
10595,6093,74,2,18292.36
10596,6094,286,2,1897.21
10597,6094,76,1,2996.66
10598,6094,247,2,4746.99
10599,6095,175,2,6013.05
10600,6096,167,1,23476.54
10601,6096,207,1,16108.11
10602,6096,188,1,76832.72
10603,6096,78,1,4106.84
10604,6097,276,1,50645.34
10605,6098,11,3,1013.12
10606,6099,97,1,5734.21
10607,6100,92,1,63778.56
10608,6100,243,1,10302.92
10609,6100,146,2,1088.3
10610,6101,135,1,2838.04
10611,6102,5,1,81869.44
10612,6103,262,1,5936.72
10613,6104,122,1,17370.22
10614,6104,20,1,823.81
10615,6105,80,1,69333.21
10616,6106,216,1,67994.6
10617,6107,7,1,401.74
10618,6108,243,1,11425.73
10619,6108,139,1,3313.79
10620,6109,184,1,4996.53
10621,6110,224,1,4347.53
10622,6110,89,2,1657.02
10623,6111,160,4,2737.34
10624,6111,45,1,611.34
10625,6111,152,1,6715.57
10626,6112,222,1,8958.52
10627,6112,45,1,565.28
10628,6113,39,1,7652.99
10629,6113,33,1,1256.49
10630,6113,254,1,13290.21
10631,6114,264,1,1769.65
10632,6115,151,1,2483.63
10633,6115,169,2,7033.67
10634,6116,115,2,1478.91
10635,6117,154,1,36343.06
10636,6118,72,1,5022.67
10637,6119,141,1,4448.57
10638,6119,5,1,74816.39
10639,6120,156,1,5651.72
10640,6120,272,1,44167.32
10641,6121,212,3,8706.75
10642,6121,182,2,48031.72
10643,6122,72,1,5863.72
10644,6123,211,1,4259.08
10645,6124,280,2,27745.75
10646,6125,293,1,1124.64
10647,6125,285,1,344.45
10648,6126,66,3,1357.96
10649,6127,67,1,4940.66
10650,6127,19,2,9404.74
10651,6128,273,4,1309.18
10652,6128,146,1,1103.58
10653,6129,173,1,27619.2
10654,6130,127,1,34045.73
10655,6131,201,1,5435.77
10656,6131,20,2,824.31
10657,6132,99,1,17757.37
10658,6132,142,1,11792.9
10659,6133,46,2,1495.59
10660,6134,163,3,2006.41
10661,6135,209,2,2302.73
10662,6135,36,1,2858.89
10663,6135,249,1,45699.49
10664,6136,209,2,1988.97
10665,6137,22,2,3566.93
10666,6138,104,1,10745.92
10667,6138,225,3,4865.82
10668,6139,170,1,44932.06
10669,6140,7,1,456.49
10670,6141,192,1,13250.13
10671,6141,88,1,57099.24
10672,6141,108,1,37183.03
10673,6142,16,1,5308.12
10674,6142,221,1,1400.2
10675,6142,85,1,2654.31
10676,6143,197,3,1132.17
10677,6144,130,3,35000.45
10678,6144,18,1,1413.75
10679,6145,33,1,1192.4
10680,6146,41,2,8829.58
10681,6146,10,1,65738.75
10682,6147,14,1,31079.27
10683,6147,8,1,3042.64
10684,6148,261,4,1431.0
10685,6148,278,1,1523.46
10686,6149,105,2,9677.18
10687,6150,25,1,2346.41
10688,6151,160,1,3016.17
10689,6151,214,2,29099.26
10690,6152,159,4,40697.91
10691,6152,123,2,4201.01
10692,6153,142,1,13514.25
10693,6153,30,2,4861.59
10694,6153,120,1,3381.57
10695,6154,33,1,1252.29
10696,6155,104,2,10894.51
10697,6155,36,1,2556.02
10698,6155,78,1,4134.82
10699,6155,61,1,4283.54
10700,6156,71,1,4707.29
10701,6157,47,3,5574.57
10702,6158,194,1,5992.53
10703,6158,84,1,21870.12
10704,6158,211,1,3935.12
10705,6159,153,3,5242.13
10706,6159,74,1,18835.2
10707,6160,60,4,34624.02
10708,6161,42,1,4748.25
10709,6161,261,1,1604.84
10710,6162,232,2,5280.34
10711,6163,173,1,29433.67
10712,6163,23,2,715.0
10713,6163,172,1,18603.21
10714,6163,166,2,54276.3
10715,6164,289,1,4657.67
10716,6164,146,2,1063.22
10717,6165,32,1,2895.41
10718,6165,209,1,2084.35
10719,6166,137,2,1782.44
10720,6167,239,1,7324.83
10721,6168,297,1,4220.57
10722,6168,277,1,9120.56
10723,6169,177,2,5257.69
10724,6170,83,1,5951.31
10725,6171,166,1,59176.76
10726,6171,12,2,30335.5
10727,6172,196,1,286.81
10728,6172,171,1,4339.53
10729,6173,257,1,3889.51
10730,6174,115,1,1395.81
10731,6174,226,1,5841.92
10732,6175,134,1,2855.22
10733,6175,170,2,44898.73
10734,6175,253,1,22643.68
10735,6175,101,3,444.38
10736,6176,109,1,11934.73
10737,6177,133,1,5249.35
10738,6178,162,3,38202.05
10739,6179,16,1,5184.85
10740,6180,41,2,7895.16
10741,6180,160,1,2730.98
10742,6181,238,1,1473.76
10743,6182,19,3,9509.47
10744,6182,147,1,15736.71
10745,6183,248,2,722.72
10746,6183,98,1,4840.29
10747,6184,290,1,2467.51
10748,6185,132,1,17088.84
10749,6186,208,2,7327.98
10750,6187,72,2,5382.78
10751,6188,268,1,14401.0
10752,6189,169,1,6571.86
10753,6190,140,2,10110.61
10754,6191,68,1,49013.38
10755,6191,234,1,14385.8
10756,6192,108,1,40139.75
10757,6193,285,1,390.81
10758,6194,26,1,2528.64
10759,6195,299,1,1031.68
10760,6196,91,1,4665.48
10761,6196,3,1,7243.48
10762,6197,115,1,1593.36
10763,6198,100,1,7789.04
10764,6198,234,1,15549.42
10765,6199,293,1,1220.43
10766,6200,195,3,2593.83
10767,6201,184,1,5097.08
10768,6201,36,1,2636.24
10769,6201,74,2,17500.3
10770,6202,181,2,13909.84
10771,6203,203,1,5585.84
10772,6204,133,2,5389.97
10773,6204,250,2,4373.68
10774,6205,125,1,1178.13
10775,6205,262,1,5123.17
10776,6206,32,1,3027.93
10777,6207,260,1,21118.83
10778,6207,176,1,66002.76
10779,6208,287,1,1059.03
10780,6209,53,3,49333.95
10781,6209,36,2,2442.18
10782,6209,84,1,23605.17
10783,6210,172,1,21287.33
10784,6211,246,1,380.37
10785,6212,237,1,4736.36
10786,6213,18,3,1505.42
10787,6213,135,1,3072.94
10788,6214,234,4,15187.64
10789,6215,226,1,5946.66
10790,6215,117,1,1776.59
10791,6216,122,2,18667.41
10792,6216,86,4,3696.37
10793,6217,84,1,21320.91
10794,6218,152,3,6581.62
10795,6218,139,1,3623.36
10796,6219,80,2,77216.8
10797,6219,14,2,31737.24
10798,6220,253,1,20764.15
10799,6220,243,1,11175.16
10800,6220,14,4,28981.55
10801,6221,179,2,1226.72
10802,6222,202,4,26274.52
10803,6222,168,1,7372.25
10804,6223,242,1,7613.87
10805,6223,190,1,17396.47
10806,6223,65,1,1025.87
10807,6224,111,3,5810.12
10808,6225,232,1,5714.28
10809,6225,298,2,215.22
10810,6226,136,1,515.56
10811,6227,119,1,5235.81
10812,6227,297,3,3986.14
10813,6227,71,1,4525.26
10814,6228,114,1,4566.15
10815,6228,249,1,44437.58
10816,6229,97,2,6024.78
10817,6229,197,1,1101.74
10818,6229,268,1,14822.27
10819,6230,298,1,211.57
10820,6230,198,1,9227.69
10821,6231,33,1,1193.64
10822,6232,232,1,5237.8
10823,6232,272,1,42390.39
10824,6233,125,1,1202.57
10825,6233,227,1,2417.41
10826,6234,148,1,43999.31
10827,6234,296,1,2359.32
10828,6235,295,1,5307.04
10829,6236,182,1,46507.84
10830,6237,163,4,1872.69
10831,6237,216,4,69210.96
10832,6238,224,1,4405.59
10833,6239,54,1,14316.8
10834,6239,294,3,1207.78
10835,6240,196,1,280.73
10836,6240,218,2,2455.48
10837,6240,42,1,4552.84
10838,6241,215,4,5156.54
10839,6242,63,1,1872.0
10840,6243,35,1,45926.79
10841,6243,249,1,44044.83
10842,6243,64,3,1796.4
10843,6244,87,1,39988.31
10844,6245,235,1,34298.06
10845,6245,120,1,3162.34
10846,6245,295,4,5502.76
10847,6246,156,4,6027.76
10848,6247,131,1,3164.39
10849,6248,202,1,23851.7
10850,6249,229,2,48776.05
10851,6250,174,1,7648.24
10852,6250,4,1,5743.15
10853,6250,57,2,44054.42
10854,6251,38,1,1617.95
10855,6251,167,1,25571.33
10856,6252,24,1,19443.73
10857,6253,258,2,5377.08
10858,6254,32,1,2899.39
10859,6254,182,2,45984.86
10860,6255,18,1,1405.39
10861,6256,262,1,5604.01
10862,6257,8,1,3043.82
10863,6257,207,1,15783.42
10864,6258,202,1,25235.89
10865,6259,155,1,5454.32
10866,6260,132,2,18128.8
10867,6261,277,1,7895.53
10868,6262,163,2,2083.1
10869,6263,46,3,1565.42
10870,6264,103,1,1867.2
10871,6265,175,1,6564.2
10872,6265,121,2,72551.6
10873,6265,111,1,6134.33
10874,6265,48,1,939.45
10875,6266,70,2,2602.17
10876,6267,193,1,17094.77
10877,6267,254,1,14109.15
10878,6268,41,1,9018.91
10879,6269,68,3,49813.25
10880,6270,265,1,8726.13
10881,6271,111,1,5907.38
10882,6271,85,1,2743.36
10883,6272,163,4,1847.8
10884,6273,79,1,2457.25
10885,6274,264,3,1714.59
10886,6274,60,1,32267.95
10887,6275,183,1,7213.52
10888,6276,33,2,1211.14
10889,6276,271,1,16790.72
10890,6276,76,1,2881.32
10891,6277,235,2,31947.65
10892,6278,300,1,1072.19
10893,6278,169,2,6531.5
10894,6278,8,3,3082.36
10895,6279,111,1,5962.94
10896,6279,148,1,48354.22
10897,6280,29,1,33413.58
10898,6281,107,2,4928.72
10899,6282,170,1,39941.46
10900,6282,234,1,14662.54
10901,6282,60,2,30204.08
10902,6283,185,1,2602.21
10903,6284,210,1,16854.09
10904,6285,9,2,8700.7
10905,6286,129,1,46448.13
10906,6287,25,1,2077.79
10907,6287,249,1,41057.44
10908,6288,198,1,9152.74
10909,6289,172,1,21403.32
10910,6289,208,1,6828.91
10911,6289,281,1,5980.01
10912,6290,192,1,14702.5
10913,6291,81,1,4135.27
10914,6291,197,1,1066.3
10915,6292,240,1,8666.76
10916,6292,251,1,1087.3
10917,6292,160,1,2710.27
10918,6293,115,3,1447.27
10919,6294,135,1,2682.22
10920,6294,96,1,52047.92
10921,6295,64,2,1652.2
10922,6296,247,3,4662.55
10923,6297,286,1,1692.81
10924,6298,101,1,405.17
10925,6299,176,1,66204.62
10926,6300,288,1,1098.43
10927,6301,112,1,5866.46
10928,6302,217,1,3724.88
10929,6302,245,2,1148.01
10930,6302,211,1,3916.82
10931,6303,152,2,6972.93
10932,6303,273,2,1377.27
10933,6303,103,1,1738.49
10934,6304,230,2,4564.07
10935,6304,75,2,36488.71
10936,6305,13,1,820.75
10937,6306,248,1,699.74
10938,6306,138,3,69022.15
10939,6306,203,3,5525.1
10940,6307,114,1,4728.8
10941,6307,141,1,3958.77
10942,6307,128,1,5793.79
10943,6307,175,3,6554.54
10944,6308,85,3,2819.66
10945,6308,63,1,1805.59
10946,6309,67,1,4732.73
10947,6309,184,1,4836.08
10948,6310,163,1,2053.41
10949,6311,291,1,7402.84
10950,6311,223,1,5520.94
10951,6311,77,1,1334.68
10952,6312,56,2,9832.32
10953,6313,60,1,30052.08
10954,6313,83,4,6254.02
10955,6314,226,2,6660.99
10956,6315,200,1,1008.27
10957,6316,85,1,2811.24
10958,6316,201,1,5783.44
10959,6316,63,1,1813.33
10960,6316,26,3,2511.53
10961,6317,121,1,69049.21
10962,6317,24,1,17722.12
10963,6318,243,3,11145.61
10964,6318,150,1,1459.43
10965,6319,187,1,1143.95
10966,6320,252,1,8484.49
10967,6321,215,1,5420.7
10968,6322,67,2,5022.9
10969,6322,116,2,45369.11
10970,6322,300,3,1070.36
10971,6323,147,2,16687.58
10972,6324,300,1,1072.47
10973,6325,168,1,6956.2
10974,6326,181,3,13550.71
10975,6327,179,1,1425.85
10976,6328,289,1,4734.17
10977,6328,179,2,1383.89
10978,6329,118,2,6205.29
10979,6329,137,2,1529.42
10980,6329,151,1,2890.89
10981,6330,64,1,1644.91
10982,6331,211,1,3747.8
10983,6332,112,3,6233.93
10984,6332,22,1,3573.16
10985,6332,116,1,41410.03
10986,6332,231,1,14537.98
10987,6333,230,2,4838.14
10988,6334,282,1,1006.18
10989,6334,284,2,7146.63
10990,6335,172,1,18027.62
10991,6336,168,2,7361.35
10992,6337,66,1,1391.08
10993,6338,282,1,943.9
10994,6339,40,2,1654.34
10995,6340,296,1,2332.15
10996,6341,66,3,1603.8
10997,6342,268,2,14947.43
10998,6342,61,1,4344.99
10999,6342,220,1,675.55
11000,6343,259,2,28447.49
11001,6344,218,2,2227.49
11002,6345,42,1,4660.6
11003,6346,285,1,340.8
11004,6347,292,1,1068.74
11005,6348,196,1,309.23
11006,6349,234,3,14793.09
11007,6349,130,2,37902.67
11008,6350,220,2,657.57
11009,6351,297,1,4410.49
11010,6352,186,1,2891.62
11011,6352,83,4,6104.44
11012,6353,14,1,31330.53
11013,6354,202,2,26945.5
11014,6354,216,2,73587.99
11015,6355,241,1,741.67
11016,6355,115,1,1616.37
11017,6355,222,1,10200.27
11018,6356,38,3,1592.03
11019,6357,234,1,14381.38
11020,6358,250,3,4086.39
11021,6358,86,1,3671.01
11022,6359,101,1,447.74
11023,6359,249,2,46271.47
11024,6360,181,1,14696.62
11025,6360,151,1,2804.39
11026,6360,47,1,5424.14
11027,6361,244,1,75915.76
11028,6361,39,1,6660.18
11029,6362,130,1,38496.18
11030,6363,134,1,2963.94
11031,6363,217,2,3701.94
11032,6363,13,1,875.6
11033,6364,4,1,5288.7
11034,6365,185,2,2570.12
11035,6366,109,3,12317.9
11036,6366,24,1,20484.02
11037,6366,233,3,6424.77
11038,6367,157,1,4726.66
11039,6367,186,1,2815.33
11040,6368,109,1,13047.36
11041,6369,66,1,1598.48
11042,6370,98,1,4614.09
11043,6371,272,2,44194.83
11044,6371,231,1,15846.27
11045,6372,258,3,5081.53
11046,6372,143,1,1617.51
11047,6372,265,4,9839.25
11048,6373,59,1,6157.37
11049,6373,200,1,968.06
11050,6374,117,1,1821.52
11051,6374,58,1,6634.49
11052,6375,116,1,41414.44
11053,6375,202,2,26344.05
11054,6376,159,1,40758.47
11055,6377,268,3,15637.1
11056,6378,194,1,6274.45
11057,6379,167,1,22550.19
11058,6380,92,1,57027.48
11059,6381,241,2,762.95
11060,6381,95,2,2216.22
11061,6381,44,1,17728.88
11062,6382,239,1,7588.44
11063,6383,215,1,5043.71
11064,6384,55,1,642.69
11065,6384,296,1,2316.98
11066,6384,197,1,1065.0
11067,6385,163,1,2045.99
11068,6385,297,1,4348.44
11069,6386,221,1,1196.28
11070,6387,235,1,32227.7
11071,6388,172,1,18332.66
11072,6388,81,3,3768.02
11073,6389,21,1,22699.78
11074,6390,11,1,1001.72
11075,6391,73,1,471.93
11076,6391,87,1,36665.18
11077,6392,95,1,2221.39
11078,6393,1,1,419.74
11079,6393,92,1,60224.24
11080,6394,176,2,56942.49
11081,6395,156,2,5518.61
11082,6395,138,4,72212.02
11083,6395,269,3,6673.99
11084,6396,181,1,13810.87
11085,6396,174,1,7358.8
11086,6396,238,1,1457.58
11087,6397,273,2,1300.55
11088,6398,70,3,2562.14
11089,6399,262,1,5279.23
11090,6400,112,1,5701.67
11091,6400,273,1,1285.75
11092,6401,139,1,3302.23
11093,6402,209,1,2316.05
11094,6402,231,1,14384.2
11095,6403,119,1,5295.15
11096,6403,137,3,1754.23
11097,6403,105,1,9601.9
11098,6404,64,1,1704.91
11099,6405,296,1,2340.42
11100,6406,269,1,6612.02
11101,6407,25,1,2361.25
11102,6408,19,1,9158.11
11103,6408,241,3,782.21
11104,6408,192,2,13446.47
11105,6409,220,1,604.28
11106,6410,92,1,58410.45
11107,6410,177,1,4862.28
11108,6411,147,1,15223.72
11109,6412,10,1,66003.37
11110,6413,291,1,8247.05
11111,6414,291,3,7187.35
11112,6414,179,2,1231.22
11113,6414,39,1,6796.26
11114,6415,202,2,25150.86
11115,6415,71,1,4788.23
11116,6415,196,2,307.89
11117,6416,60,1,31922.37
11118,6417,216,2,64497.24
11119,6417,137,2,1719.15
11120,6418,134,2,2922.39
11121,6419,297,3,4272.45
11122,6420,6,2,38028.47
11123,6421,274,1,69669.43
11124,6422,267,2,2929.51
11125,6422,284,1,7117.56
11126,6423,169,2,6589.66
11127,6424,2,1,2049.59
11128,6424,274,1,70623.99
11129,6425,203,2,5658.63
11130,6425,221,1,1243.95
11131,6425,77,2,1377.78
11132,6425,226,1,6551.29
11133,6426,50,2,41837.82
11134,6427,196,1,290.72
11135,6427,211,1,3949.17
11136,6428,289,1,4577.38
11137,6428,264,1,1570.27
11138,6428,239,1,7854.23
11139,6428,214,1,28617.5
11140,6429,131,1,3377.17
11141,6430,185,1,2862.32
11142,6431,83,1,6209.37
11143,6432,233,1,6307.51
11144,6433,119,1,5133.67
11145,6433,257,1,3757.15
11146,6433,55,1,670.36
11147,6434,29,1,37593.89
11148,6435,72,1,5799.54
11149,6436,134,1,2965.17
11150,6437,49,1,12111.5
11151,6438,163,2,1784.32
11152,6438,18,3,1397.5
11153,6438,239,2,6611.44
11154,6439,118,1,6184.18
11155,6439,247,1,4936.86
11156,6440,228,1,48574.32
11157,6440,271,4,15862.15
11158,6441,21,3,23213.12
11159,6442,159,2,40071.31
11160,6442,193,1,18676.1
11161,6442,66,1,1350.68
11162,6443,294,4,1097.73
11163,6443,265,2,8831.9
11164,6443,137,1,1694.65
11165,6443,289,1,4432.97
11166,6444,83,1,6260.33
11167,6444,289,1,4668.8
11168,6444,187,2,993.95
11169,6444,7,1,430.15
11170,6445,206,1,7396.86
11171,6445,245,1,1143.39
11172,6445,88,3,54714.53
11173,6445,193,2,17803.74
11174,6446,120,3,3271.5
11175,6446,296,1,2718.6
11176,6447,282,1,904.63
11177,6447,171,2,3907.02
11178,6448,158,1,59283.49
11179,6449,25,1,2434.49
11180,6450,297,2,4421.26
11181,6450,197,1,1027.49
11182,6451,153,2,5043.98
11183,6452,106,1,35477.23
11184,6452,50,1,44003.51
11185,6453,67,1,4850.13
11186,6453,240,1,8063.53
11187,6454,85,2,2462.65
11188,6454,258,2,5133.89
11189,6455,300,1,927.13
11190,6456,10,2,72567.19
11191,6456,243,1,10994.67
11192,6456,71,1,4883.82
11193,6457,152,2,6446.0
11194,6458,136,1,504.46
11195,6458,103,1,1754.83
11196,6459,277,2,8597.63
11197,6460,65,1,1063.72
11198,6460,266,1,3610.18
11199,6460,261,2,1621.56
11200,6461,197,1,1149.37
11201,6461,219,1,1595.43
11202,6462,230,3,4370.61
11203,6462,205,3,8191.45
11204,6462,44,1,18057.48
11205,6462,112,1,6220.41
11206,6463,171,2,3922.28
11207,6464,146,2,1089.52
11208,6464,235,1,31425.74
11209,6464,285,2,350.66
11210,6465,71,1,5239.63
11211,6466,244,1,73966.9
11212,6467,38,1,1643.85
11213,6468,290,3,2769.44
11214,6468,180,1,15919.08
11215,6469,289,1,4514.33
11216,6469,276,1,50340.53
11217,6469,7,1,438.59
11218,6470,293,1,1091.01
11219,6470,295,1,4751.0
11220,6471,128,1,5429.45
11221,6472,136,2,576.8
11222,6473,141,1,4420.41
11223,6474,165,3,7169.01
11224,6475,188,2,73635.9
11225,6475,25,2,2294.11
11226,6476,12,1,34208.71
11227,6477,19,1,9345.58
11228,6477,163,3,1924.26
11229,6478,168,2,7550.75
11230,6479,189,1,18922.93
11231,6480,75,1,39512.95
11232,6481,38,1,1609.29
11233,6482,83,2,6391.15
11234,6482,249,3,43665.14
11235,6483,135,2,3112.86
11236,6483,161,4,5622.37
11237,6484,33,2,1080.79
11238,6484,261,2,1524.33
11239,6484,53,1,47508.21
11240,6485,167,1,22813.62
11241,6486,299,1,989.53
11242,6487,93,1,4482.73
11243,6488,141,1,4307.7
11244,6488,113,1,1849.79
11245,6488,88,1,60499.61
11246,6489,287,1,1208.27
11247,6489,220,1,643.96
11248,6490,136,1,511.7
11249,6490,181,1,15289.04
11250,6490,153,2,4630.39
11251,6491,286,3,1769.61
11252,6492,228,1,42989.7
11253,6492,96,2,54209.91
11254,6493,245,1,1120.85
11255,6493,124,1,5245.82
11256,6494,277,2,8649.14
11257,6495,7,2,421.37
11258,6496,208,2,7661.79
11259,6497,191,1,50649.34
11260,6498,90,1,16815.39
11261,6499,185,3,2869.34
11262,6499,45,1,580.33
11263,6500,49,1,13147.12
11264,6501,138,2,61971.57
11265,6501,254,1,14033.91
11266,6502,29,1,34242.65
11267,6503,76,3,2931.88
11268,6504,275,2,1233.57
11269,6504,133,1,4946.81
11270,6505,294,1,1124.02
11271,6506,62,1,14226.3
11272,6507,157,2,4824.74
11273,6507,108,1,39890.0
11274,6508,12,2,30155.94
11275,6509,269,4,7491.53
11276,6510,89,1,1687.51
11277,6511,22,1,3940.53
11278,6511,117,3,1776.44
11279,6512,159,1,42144.61
11280,6512,118,1,5399.57
11281,6513,94,1,1627.51
11282,6514,211,3,3981.27
11283,6514,211,1,4166.36
11284,6515,295,2,5400.41
11285,6515,40,1,1585.51
11286,6516,8,1,2751.96
11287,6516,258,1,4975.85
11288,6516,290,1,2564.57
11289,6517,198,2,8940.72
11290,6518,276,1,47404.48
11291,6518,182,2,42063.44
11292,6519,257,2,3737.43
11293,6520,145,1,547.65
11294,6521,131,1,3659.16
11295,6521,168,1,6608.43
11296,6522,118,1,5325.38
11297,6523,115,2,1402.19
11298,6524,144,1,5067.0
11299,6524,192,1,12829.72
11300,6525,197,3,994.56
11301,6526,6,1,39426.79
11302,6526,79,2,2634.84
11303,6526,77,1,1402.94
11304,6527,121,1,69780.51
11305,6527,192,3,13137.16
11306,6527,288,2,1201.17
11307,6528,216,1,66381.52
11308,6529,23,1,662.42
11309,6529,204,2,73772.25
11310,6529,61,2,4723.98
11311,6530,214,2,32718.36
11312,6530,13,2,804.12
11313,6531,106,1,37337.75
11314,6531,178,2,13459.65
11315,6532,63,3,2000.52
11316,6533,156,1,5511.85
11317,6533,130,3,37564.91
11318,6533,20,3,791.94
11319,6534,110,1,7424.29
11320,6534,139,3,3229.66
11321,6535,171,1,3902.07
11322,6535,59,2,6590.7
11323,6535,244,1,69779.84
11324,6535,194,1,6648.62
11325,6536,232,3,5456.41
11326,6536,243,1,11467.35
11327,6537,229,3,45626.15
11328,6538,33,1,1076.88
11329,6538,115,2,1584.68
11330,6538,227,1,2040.26
11331,6539,116,1,42211.42
11332,6540,133,2,5011.65
11333,6540,122,1,18900.32
11334,6540,154,1,41707.57
11335,6541,10,1,66092.43
11336,6542,135,1,3006.25
11337,6543,191,3,48009.26
11338,6543,216,1,70238.08
11339,6543,181,1,15660.59
11340,6544,214,2,33343.51
11341,6545,20,1,816.67
11342,6545,177,2,5526.18
11343,6545,199,1,1738.13
11344,6546,68,1,49982.07
11345,6547,118,1,5889.0
11346,6547,115,1,1413.49
11347,6548,15,3,70539.4
11348,6548,245,1,1182.74
11349,6549,174,1,7513.46
11350,6550,94,2,1614.28
11351,6550,288,1,1229.12
11352,6550,276,1,45955.56
11353,6551,21,1,24120.53
11354,6552,87,2,37837.14
11355,6552,284,1,6763.12
11356,6552,166,3,54691.24
11357,6553,122,2,18049.76
11358,6553,184,2,5472.08
11359,6553,235,1,33466.88
11360,6553,51,1,772.32
11361,6554,71,2,4774.15
11362,6554,148,1,50490.19
11363,6555,57,1,43664.01
11364,6555,79,1,2778.37
11365,6555,41,1,9025.92
11366,6556,72,1,5812.85
11367,6556,180,3,16614.06
11368,6557,147,1,17707.51
11369,6557,177,1,5089.68
11370,6557,90,1,17620.21
11371,6557,225,3,5080.04
11372,6558,178,4,12270.47
11373,6558,7,1,433.65
11374,6559,213,2,5159.89
11375,6559,198,3,8467.84
11376,6560,219,3,1432.92
11377,6560,176,2,56564.29
11378,6560,63,1,2104.59
11379,6560,239,1,6612.6
11380,6561,101,1,419.79
11381,6562,67,3,4714.2
11382,6563,291,1,7790.92
11383,6563,175,1,6539.05
11384,6563,275,2,1162.1
11385,6564,109,3,12656.87
11386,6564,277,1,8090.92
11387,6565,292,1,996.15
11388,6566,183,1,7093.59
11389,6567,93,3,4528.87
11390,6567,168,1,6718.28
11391,6568,178,1,12965.03
11392,6569,160,3,2738.43
11393,6569,96,1,51943.57
11394,6570,220,1,633.68
11395,6571,216,1,65184.79
11396,6572,14,1,31780.71
11397,6572,190,1,17307.61
11398,6572,49,1,11829.75
11399,6573,288,1,1228.98
11400,6574,82,1,4881.34
11401,6574,183,1,8130.69
11402,6574,194,1,7118.06
11403,6575,237,3,4973.63
11404,6575,80,1,80641.27
11405,6576,247,4,5149.55
11406,6576,43,3,1164.79
11407,6576,4,1,5707.96
11408,6577,30,1,4623.89
11409,6577,14,3,32819.58
11410,6578,269,2,7017.74
11411,6579,25,1,2128.89
11412,6580,203,1,5460.98
11413,6580,160,3,2748.49
11414,6580,127,2,34016.79
11415,6581,51,1,717.47
11416,6581,30,1,5277.05
11417,6582,149,2,4319.85
11418,6583,191,2,44865.11
11419,6583,193,1,19508.27
11420,6583,187,1,1064.92
11421,6584,121,1,64451.03
11422,6585,3,2,7324.98
11423,6586,242,1,8165.06
11424,6587,97,1,5925.56
11425,6587,200,1,965.83
11426,6587,230,1,4607.44
11427,6588,299,1,1015.2
11428,6589,260,3,21233.2
11429,6589,262,1,5177.84
11430,6589,77,3,1379.41
11431,6590,190,1,17048.52
11432,6591,134,3,2888.53
11433,6592,148,1,43605.48
11434,6593,232,1,6064.58
11435,6593,285,1,380.43
11436,6593,179,1,1265.91
11437,6594,39,1,7456.59
11438,6595,106,1,38081.14
11439,6595,65,1,1123.71
11440,6595,292,1,1011.35
11441,6596,291,1,7483.4
11442,6597,154,2,38435.89
11443,6597,59,1,6488.67
11444,6597,188,2,74946.89
11445,6597,282,1,982.4
11446,6598,152,1,6193.91
11447,6599,69,1,6081.94
11448,6599,39,1,7140.6
11449,6600,181,1,14868.07
11450,6601,164,3,13956.97
11451,6602,103,1,2038.26
11452,6602,85,2,2860.39
11453,6602,229,2,50897.16
11454,6603,8,1,2957.77
11455,6604,216,1,68571.19
11456,6604,49,1,12622.46
11457,6604,294,2,1151.76
11458,6605,278,3,1559.6
11459,6605,26,1,2514.28
11460,6606,241,2,754.3
11461,6606,178,1,13173.69
11462,6607,7,1,425.63
11463,6608,99,1,18397.27
11464,6608,183,4,7742.81
11465,6608,43,1,1167.63
11466,6608,177,1,4935.33
11467,6609,97,3,6070.12
11468,6609,142,1,12300.36
11469,6609,45,2,620.04
11470,6610,44,1,16445.78
11471,6610,282,1,1023.24
11472,6610,281,2,6509.03
11473,6611,244,1,72534.76
11474,6612,157,3,4327.85
11475,6613,279,1,934.53
11476,6613,220,1,607.31
11477,6613,163,1,1872.72
11478,6614,255,1,46494.24
11479,6614,260,1,20932.33
11480,6615,289,2,4645.12
11481,6616,299,1,971.63
11482,6617,33,1,1165.63
11483,6618,294,2,1266.44
11484,6618,116,1,44744.14
11485,6619,198,1,8645.94
11486,6620,158,1,58748.61
11487,6621,94,1,1452.23
11488,6622,174,1,6741.36
11489,6623,175,1,6567.12
11490,6624,274,2,66134.92
11491,6625,296,1,2599.91
11492,6625,145,1,580.37
11493,6626,17,1,256.04
11494,6626,230,2,4302.71
11495,6626,265,2,8477.86
11496,6626,135,1,3000.96
11497,6627,94,1,1495.62
11498,6628,116,1,43666.47
11499,6628,125,2,1253.71
11500,6628,78,1,3938.93
11501,6629,105,2,9707.86
11502,6629,92,1,54800.38
11503,6630,38,1,1590.37
11504,6630,191,1,44528.57
11505,6630,116,1,44474.46
11506,6630,17,1,254.57
11507,6631,187,1,1031.89
11508,6632,94,2,1642.49
11509,6632,42,1,4781.36
11510,6633,203,1,5420.61
11511,6633,209,3,2158.09
11512,6634,27,3,3450.32
11513,6634,228,1,45621.31
11514,6634,163,1,2083.77
11515,6634,47,3,5358.13
11516,6635,138,1,67869.07
11517,6636,298,2,234.62
11518,6637,20,2,744.98
11519,6637,147,1,17284.87
11520,6637,23,1,680.93
11521,6638,61,1,4525.13
11522,6639,181,1,13583.62
11523,6639,177,1,4992.82
11524,6639,159,1,45486.04
11525,6640,175,2,6489.22
11526,6641,217,1,3574.99
11527,6642,141,1,4211.03
11528,6643,188,1,81272.01
11529,6643,268,1,14121.98
11530,6644,148,1,44120.09
11531,6644,36,1,2590.45
11532,6645,130,2,35850.74
11533,6645,209,1,2345.96
11534,6645,96,1,58103.27
11535,6646,104,3,11961.83
11536,6646,13,1,916.13
11537,6647,280,1,26453.98
11538,6647,24,1,18704.68
11539,6648,260,2,19982.63
11540,6648,174,1,6758.99
11541,6649,223,4,5748.84
11542,6650,174,1,7842.65
11543,6650,27,3,3494.57
11544,6651,14,2,29964.77
11545,6651,82,1,5098.39
11546,6651,131,2,3531.19
11547,6651,289,1,4101.88
11548,6652,285,1,380.36
11549,6652,47,1,4938.06
11550,6652,57,1,46319.32
11551,6652,285,1,338.19
11552,6653,231,3,15686.36
11553,6654,112,1,6160.71
11554,6655,153,1,4819.22
11555,6655,10,1,71036.22
11556,6656,234,1,15167.5
11557,6656,246,1,377.29
11558,6657,82,1,4370.55
11559,6658,23,2,786.88
11560,6658,296,3,2714.17
11561,6658,145,1,541.92
11562,6658,108,2,39771.42
11563,6659,8,1,2846.26
11564,6660,189,1,17759.95
11565,6661,292,1,970.87
11566,6661,206,4,8116.37
11567,6662,290,2,2381.59
11568,6662,199,1,1818.4
11569,6663,211,2,4370.88
11570,6663,159,1,40241.84
11571,6663,244,1,69416.71
11572,6664,203,1,5925.21
11573,6665,179,1,1419.98
11574,6666,204,1,78769.68
11575,6666,274,4,66758.22
11576,6666,222,1,9111.01
11577,6667,126,1,957.2
11578,6668,218,1,2240.87
11579,6669,270,1,16378.04
11580,6669,202,1,25654.59
11581,6670,159,2,44227.13
11582,6670,274,1,66383.24
11583,6670,114,4,4627.96
11584,6670,270,1,17094.92
11585,6671,163,1,2110.75
11586,6671,13,4,877.37
11587,6671,18,1,1558.01
11588,6671,295,1,4795.51
11589,6672,81,1,3633.58
11590,6672,239,1,7766.92
11591,6672,195,1,2856.49
11592,6672,179,1,1299.22
11593,6673,155,3,5730.92
11594,6674,183,1,7931.02
11595,6674,235,1,33964.07
11596,6674,117,1,1766.83
11597,6675,194,2,6447.05
11598,6676,130,1,38618.24
11599,6677,204,1,70317.42
11600,6678,114,1,4716.58
11601,6679,60,1,32440.3
11602,6680,285,1,352.64
11603,6680,289,3,4316.25
11604,6680,180,4,17599.5
11605,6681,194,2,6754.94
11606,6681,48,3,916.79
11607,6681,222,3,9940.85
11608,6681,232,1,5712.12
11609,6682,36,1,2666.28
11610,6683,209,1,2058.52
11611,6684,49,1,14112.18
11612,6685,190,1,16790.9
11613,6685,236,1,2218.18
11614,6686,80,1,73725.41
11615,6686,260,1,19638.86
11616,6686,186,1,2950.62
11617,6687,297,2,4160.31
11618,6687,245,1,1166.73
11619,6688,189,1,17514.14
11620,6689,51,1,776.11
11621,6689,286,1,1830.21
11622,6689,165,1,7703.34
11623,6689,126,2,1025.31
11624,6690,63,1,1846.71
11625,6690,154,2,35429.47
11626,6691,166,1,55599.18
11627,6691,14,3,31972.0
11628,6692,193,2,18038.85
11629,6693,13,3,867.7
11630,6693,244,1,72180.54
11631,6694,154,1,38976.05
11632,6695,150,1,1653.41
11633,6696,121,1,71056.96
11634,6696,280,1,26905.45
11635,6697,225,1,5080.26
11636,6698,274,1,71337.53
11637,6698,248,1,684.95
11638,6699,246,1,349.89
11639,6699,251,1,1007.12
11640,6700,167,3,22844.71
11641,6701,96,1,53856.85
11642,6702,57,1,46088.69
11643,6702,82,2,4699.12
11644,6702,196,1,280.04
11645,6703,127,3,36433.01
11646,6704,212,1,8737.66
11647,6705,172,3,20796.32
11648,6706,149,1,4591.29
11649,6707,71,1,4700.0
11650,6708,291,1,7629.86
11651,6708,162,3,38342.59
11652,6709,30,1,4837.02
11653,6709,118,1,6164.6
11654,6710,257,2,3933.83
11655,6711,96,3,55314.91
11656,6712,272,2,43459.37
11657,6712,77,1,1338.72
11658,6712,189,2,17344.19
11659,6712,155,2,5197.46
11660,6713,267,3,2951.62
11661,6713,84,1,21547.0
11662,6713,64,1,1698.26
11663,6714,71,1,4569.96
11664,6715,104,2,11232.13
11665,6715,81,1,3934.28
11666,6716,55,1,635.87
11667,6716,174,1,7495.38
11668,6716,95,2,2591.35
11669,6717,47,1,5135.11
11670,6717,50,1,43126.75
11671,6717,35,1,42748.54
11672,6718,50,1,43722.71
11673,6719,283,1,1295.01
11674,6719,10,1,70164.68
11675,6720,287,1,1157.52
11676,6720,224,1,3973.14
11677,6721,85,2,2636.09
11678,6721,91,1,4991.77
11679,6722,28,1,404.14
11680,6722,184,1,5490.23
11681,6722,23,1,660.49
11682,6723,209,1,2283.36
11683,6724,138,1,69568.99
11684,6725,202,2,25399.57
11685,6725,287,3,1216.94
11686,6726,280,1,26243.08
11687,6726,58,1,6407.74
11688,6726,216,2,62492.45
11689,6727,167,1,22524.47
11690,6727,185,1,2832.09
11691,6727,24,1,18705.97
11692,6728,40,1,1524.24
11693,6729,51,1,722.27
11694,6729,7,1,441.42
11695,6729,30,1,5025.8
11696,6730,218,1,2476.97
11697,6731,97,2,5744.81
11698,6731,261,1,1626.73
11699,6731,235,1,36085.82
11700,6731,180,1,15469.12
11701,6732,111,1,6035.15
11702,6732,298,2,209.73
11703,6733,190,1,16961.3
11704,6734,267,1,3055.77
11705,6735,82,2,5041.69
11706,6736,282,1,1011.75
11707,6737,84,1,23456.34
11708,6738,220,2,622.43
11709,6738,300,4,1059.76
11710,6738,290,2,2785.51
11711,6739,109,1,13245.86
11712,6740,181,1,13611.91
11713,6740,218,1,2221.58
11714,6740,141,1,4331.83
11715,6740,151,1,2652.37
11716,6741,14,1,32759.66
11717,6742,26,3,2485.05
11718,6742,277,1,8990.77
11719,6743,23,4,757.77
11720,6743,119,1,5493.04
11721,6744,231,1,15303.91
11722,6745,30,1,5159.3
11723,6746,262,2,5878.0
11724,6746,214,1,28765.5
11725,6747,131,3,3378.66
11726,6748,100,1,7253.75
11727,6749,28,1,449.08
11728,6749,164,2,13228.66
11729,6750,231,1,13900.23
11730,6751,299,3,1062.36
11731,6752,82,1,4649.84
11732,6753,197,1,990.84
11733,6753,9,2,8696.8
11734,6754,8,1,2745.74
11735,6754,57,1,44706.39
11736,6754,17,1,265.4
11737,6754,91,2,4659.17
11738,6755,174,1,7917.68
11739,6756,49,1,12065.03
11740,6756,16,1,5057.51
11741,6757,115,1,1549.01
11742,6758,2,3,2014.01
11743,6758,188,3,69123.41
11744,6758,97,1,5733.12
11745,6759,233,2,6770.66
11746,6759,18,1,1360.54
11747,6759,104,2,11868.12
11748,6760,258,1,5744.68
11749,6761,108,1,39758.07
11750,6762,112,1,5838.87
11751,6762,10,1,69341.09
11752,6763,144,1,4761.29
11753,6763,212,1,9763.01
11754,6764,228,1,45279.46
11755,6764,48,1,912.06
11756,6765,100,1,7460.86
11757,6766,22,1,4036.73
11758,6767,97,1,5271.35
11759,6768,273,1,1440.2
11760,6768,81,3,3966.32
11761,6769,150,3,1486.35
11762,6769,293,1,1131.34
11763,6770,285,1,387.58
11764,6771,63,1,2040.38
11765,6771,126,1,1053.49
11766,6771,206,1,8310.53
11767,6772,297,1,4521.19
11768,6772,194,1,6787.35
11769,6772,231,1,14213.36
11770,6773,139,1,3040.28
11771,6773,40,2,1622.55
11772,6773,229,1,44541.87
11773,6774,120,1,3151.31
11774,6774,55,1,657.35
11775,6775,151,1,2692.7
11776,6775,24,1,19590.53
11777,6776,205,1,9187.2
11778,6776,192,1,14496.5
11779,6777,134,2,2826.63
11780,6778,79,1,2530.14
11781,6778,143,1,1756.76
11782,6779,263,1,1109.46
11783,6779,87,1,36499.81
11784,6780,172,3,18704.64
11785,6780,165,1,7448.49
11786,6781,56,3,9736.6
11787,6781,160,1,2920.14
11788,6782,86,3,3461.95
11789,6783,254,2,13609.28
11790,6783,180,3,16131.85
11791,6784,169,1,6754.59
11792,6785,280,3,27907.8
11793,6785,114,2,5128.06
11794,6785,115,2,1507.68
11795,6786,72,1,5283.35
11796,6786,18,1,1571.47
11797,6786,244,4,74801.23
11798,6786,207,2,14288.39
11799,6787,204,3,78314.14
11800,6787,167,1,23891.98
11801,6788,197,1,979.62
11802,6789,227,1,2210.52
11803,6790,24,1,17424.45
11804,6790,151,1,2878.14
11805,6790,254,1,13755.15
11806,6791,120,1,3581.81
11807,6792,169,1,7114.56
11808,6792,130,1,41001.74
11809,6792,255,1,47150.83
11810,6793,244,1,72387.51
11811,6794,239,1,6731.94
11812,6794,117,1,1986.04
11813,6794,287,1,1058.76
11814,6795,140,3,10053.12
11815,6796,222,1,9531.33
11816,6796,76,1,2700.44
11817,6797,55,2,645.31
11818,6798,5,2,75473.29
11819,6798,84,2,20336.95
11820,6798,64,2,1733.11
11821,6798,289,3,4295.88
11822,6799,243,1,10606.32
11823,6799,297,4,3905.49
11824,6800,275,3,1182.25
11825,6800,172,1,19400.85
11826,6801,223,1,5863.52
11827,6802,64,2,1797.47
11828,6802,132,3,16128.5
11829,6803,248,1,625.72
11830,6804,205,1,8879.37
11831,6805,288,1,1119.09
11832,6806,38,2,1553.04
11833,6806,140,1,9262.02
11834,6807,28,1,410.63
11835,6807,49,3,12099.19
11836,6807,57,1,51709.75
11837,6808,219,1,1389.5
11838,6809,182,2,42812.42
11839,6809,145,2,511.42
11840,6809,127,1,35331.72
11841,6810,251,4,1003.22
11842,6811,55,1,634.0
11843,6811,115,2,1467.1
11844,6812,164,1,14367.62
11845,6812,119,1,5455.6
11846,6813,274,1,76131.22
11847,6813,118,1,6238.29
11848,6813,166,1,52566.12
11849,6813,178,3,12405.66
11850,6814,156,1,6093.13
11851,6815,59,1,6269.9
11852,6815,107,1,5699.08
11853,6816,298,1,246.93
11854,6816,4,1,5451.74
11855,6817,251,3,1134.97
11856,6817,74,1,18510.03
11857,6817,185,2,2703.59
11858,6818,100,1,8104.23
11859,6818,48,1,947.35
11860,6818,137,1,1531.0
11861,6819,135,1,2711.66
11862,6820,277,3,8970.39
11863,6820,55,3,628.27
11864,6820,91,1,4875.03
11865,6821,253,1,20306.99
11866,6821,94,1,1673.52
11867,6821,6,3,37553.62
11868,6821,97,2,5566.86
11869,6822,137,1,1791.31
11870,6823,65,1,1012.99
11871,6823,49,1,13401.62
11872,6824,130,1,36493.25
11873,6825,10,1,63923.85
11874,6826,225,1,4986.65
11875,6827,119,1,5583.21
11876,6828,221,1,1282.49
11877,6828,148,2,43152.5
11878,6829,2,1,1942.32
11879,6829,296,2,2478.6
11880,6829,231,1,15269.46
11881,6830,22,1,3817.1
11882,6831,118,1,5652.65
11883,6832,197,3,1140.09
11884,6833,6,2,38038.75
11885,6833,60,2,34108.54
11886,6834,298,3,217.64
11887,6835,219,1,1483.08
11888,6835,263,2,1069.92
11889,6836,270,2,16542.1
11890,6837,108,4,34744.33
11891,6837,243,1,12155.82
11892,6838,205,2,8309.05
11893,6838,186,1,2758.72
11894,6839,192,1,12731.23
11895,6839,59,1,6215.7
11896,6839,296,1,2349.37
11897,6840,47,3,5713.8
11898,6840,55,3,622.61
11899,6841,268,3,14697.03
11900,6841,64,1,1690.04
11901,6841,21,1,21353.26
11902,6842,202,2,27480.31
11903,6843,94,1,1666.74
11904,6843,23,1,686.01
11905,6844,57,1,51370.84
11906,6845,247,1,5478.31
11907,6845,46,1,1584.74
11908,6845,65,1,1014.68
11909,6845,196,1,276.42
11910,6846,231,3,15132.33
11911,6846,168,1,7028.93
11912,6847,47,1,5694.46
11913,6847,90,1,17723.09
11914,6848,223,1,5323.65
11915,6848,140,1,10341.59
11916,6848,25,1,2346.08
11917,6849,264,2,1676.23
11918,6850,32,1,2844.27
11919,6851,206,2,7881.21
11920,6852,15,1,63906.32
11921,6853,125,2,1146.9
11922,6853,198,1,9045.22
11923,6854,51,1,777.88
11924,6855,50,1,42050.47
11925,6856,197,1,1005.79
11926,6857,110,2,6321.84
11927,6858,83,1,6582.7
11928,6859,267,3,3027.13
11929,6859,89,1,1665.2
11930,6860,96,1,49668.64
11931,6861,240,1,8415.68
11932,6861,50,1,38845.85
11933,6861,135,1,3178.89
11934,6862,201,1,5736.05
11935,6863,21,1,21244.02
11936,6864,48,1,925.16
11937,6865,276,1,47865.79
11938,6866,219,1,1558.62
11939,6866,100,1,7066.49
11940,6866,134,1,2772.66
11941,6866,113,1,1610.93
11942,6867,281,3,5768.21
11943,6867,223,1,5252.11
11944,6868,70,1,2271.17
11945,6869,27,1,3404.09
11946,6869,146,1,1139.2
11947,6869,242,1,8173.37
11948,6869,256,1,1675.64
11949,6870,31,1,5330.02
11950,6870,195,4,2878.16
11951,6871,138,3,67955.37
11952,6871,62,1,14752.87
11953,6872,163,2,1964.85
11954,6873,22,1,3656.53
11955,6874,17,2,268.47
11956,6875,169,3,7643.04
11957,6876,51,2,735.9
11958,6876,171,1,4088.49
11959,6876,294,2,1081.88
11960,6876,65,1,1073.78
11961,6877,217,1,3374.96
11962,6878,238,2,1572.99
11963,6879,39,1,7265.71
11964,6879,71,1,4977.04
11965,6880,65,2,1175.68
11966,6880,292,1,1009.78
11967,6881,177,1,5603.23
11968,6881,214,1,33735.57
11969,6882,36,1,2452.12
11970,6883,182,2,42060.25
11971,6884,168,1,7467.66
11972,6885,197,1,980.56
11973,6885,135,1,2776.68
11974,6886,2,1,1826.12
11975,6887,200,1,1026.81
11976,6887,109,2,12633.08
11977,6887,79,1,2419.94
11978,6888,261,1,1544.09
11979,6889,52,1,1468.62
11980,6889,277,1,9182.56
11981,6889,148,2,44568.62
11982,6890,58,1,6121.83
11983,6890,254,1,13681.07
11984,6890,270,1,16515.55
11985,6891,284,1,6797.8
11986,6891,112,1,5708.52
11987,6892,278,1,1614.8
11988,6892,209,3,2098.97
11989,6893,119,1,5700.42
11990,6894,263,1,1171.23
11991,6895,155,1,5702.87
11992,6895,67,1,5222.27
11993,6896,225,1,5186.52
11994,6897,41,1,8011.77
11995,6897,88,1,55060.3
11996,6898,142,1,13021.82
11997,6899,180,1,17050.92
11998,6900,187,1,1101.28
11999,6901,247,1,5443.6
12000,6901,171,4,4103.36
12001,6901,153,1,4583.33
12002,6902,204,1,69983.94
12003,6902,155,4,4849.97
12004,6903,276,3,49306.33
12005,6903,118,2,5623.5
12006,6904,35,1,43112.73
12007,6904,186,2,2801.46
12008,6905,290,3,2606.88
12009,6905,61,1,4305.84
12010,6905,49,1,13599.67
12011,6906,127,1,35614.32
12012,6907,280,1,30958.58
12013,6907,84,1,22046.53
12014,6907,228,1,43217.19
12015,6908,81,1,4026.31
12016,6909,244,1,68841.88
12017,6909,77,1,1293.65
12018,6910,263,1,1073.96
12019,6910,150,1,1665.81
12020,6910,34,3,1997.52
12021,6911,283,4,1179.07
12022,6911,200,4,1056.52
12023,6911,2,1,1841.81
12024,6912,104,1,11184.53
12025,6912,268,1,14115.07
12026,6913,115,3,1563.31
12027,6913,287,2,1188.24
12028,6914,158,1,62411.68
12029,6915,36,1,2460.42
12030,6916,180,1,16833.26
12031,6916,20,1,724.82
12032,6917,211,1,4420.26
12033,6917,25,1,2270.37
12034,6918,184,2,5453.45
12035,6919,49,1,13159.09
12036,6920,69,1,5502.61
12037,6920,60,1,35253.34
12038,6921,109,1,12548.81
12039,6922,182,1,41645.69
12040,6923,259,1,27314.72
12041,6923,195,1,2902.11
12042,6924,215,3,5037.6
12043,6925,256,1,1577.4
12044,6925,138,2,62158.9
12045,6925,30,1,5012.53
12046,6926,72,1,5774.3
12047,6926,297,1,3847.04
12048,6927,250,2,4305.7
12049,6928,298,1,213.51
12050,6929,75,1,38595.9
12051,6930,45,2,619.61
12052,6930,272,2,44008.63
12053,6930,300,2,1086.0
12054,6931,132,1,16261.04
12055,6932,295,1,5597.49
12056,6932,199,1,1790.34
12057,6933,254,1,13222.3
12058,6933,67,3,5257.7
12059,6934,172,1,20104.23
12060,6935,46,1,1666.06
12061,6936,227,1,2184.07
12062,6937,72,3,5814.28
12063,6937,257,1,4158.73
12064,6937,168,3,6512.36
12065,6938,206,3,7685.31
12066,6938,207,1,16450.7
12067,6938,271,1,18373.45
12068,6938,145,1,504.27
12069,6939,119,1,5705.6
12070,6939,237,4,5023.14
12071,6939,121,1,68911.37
12072,6939,46,2,1524.23
12073,6940,190,2,17268.92
12074,6941,282,1,935.83
12075,6941,192,1,12651.87
12076,6942,180,2,14977.82
12077,6942,80,2,74658.16
12078,6943,100,1,7852.75
12079,6943,181,1,13741.14
12080,6943,165,1,6755.01
12081,6944,283,1,1117.64
12082,6944,133,1,5293.95
12083,6945,203,1,5521.55
12084,6946,243,4,11547.96
12085,6947,201,2,5709.06
12086,6947,86,1,3494.97
12087,6947,248,1,624.04
12088,6948,188,1,68718.67
12089,6948,144,3,4944.28
12090,6949,220,1,579.97
12091,6950,250,1,4395.56
12092,6950,292,1,975.74
12093,6950,222,2,10075.71
12094,6951,28,1,384.03
12095,6951,179,1,1222.6
12096,6952,187,1,1072.49
12097,6953,22,1,4052.38
12098,6954,109,1,13145.61
12099,6955,27,2,3220.7
12100,6955,118,1,5690.27
12101,6956,133,1,5176.73
12102,6956,128,2,5368.56
12103,6957,229,1,45681.42
12104,6957,101,3,418.76
12105,6957,112,1,6042.42
12106,6957,159,1,41103.94
12107,6958,43,1,1156.37
12108,6959,74,1,17715.88
12109,6960,190,2,16200.83
12110,6961,255,1,52383.64
12111,6962,199,1,1616.69
12112,6962,251,1,1142.78
12113,6963,58,4,6004.82
12114,6963,28,1,448.46
12115,6964,245,1,1236.63
12116,6964,23,1,731.29
12117,6964,267,1,3223.88
12118,6965,126,1,1029.74
12119,6965,8,1,2767.85
12120,6966,201,1,5722.78
12121,6967,300,1,973.42
12122,6968,181,1,13949.17
12123,6968,242,3,7356.34
12124,6969,63,1,1996.53
12125,6969,279,2,855.34
12126,6970,166,1,52716.02
12127,6971,229,3,50540.16
12128,6971,7,2,450.35
12129,6971,106,3,35874.38
12130,6972,50,2,40391.12
12131,6972,277,2,8351.58
12132,6972,84,1,22438.18
12133,6973,166,2,54047.29
12134,6973,220,1,632.24
12135,6974,78,1,4234.22
12136,6975,226,1,6098.57
12137,6976,198,2,9044.73
12138,6976,37,1,42929.13
12139,6977,76,3,2660.59
12140,6978,51,1,697.69
12141,6979,64,2,1585.21
12142,6979,59,1,6431.27
12143,6980,183,2,7736.93
12144,6981,172,4,19371.12
12145,6982,147,2,16172.63
12146,6983,26,3,2597.55
12147,6984,219,2,1431.21
12148,6985,237,1,4964.15
12149,6985,231,1,14927.26
12150,6985,204,1,74065.69
12151,6986,177,1,5297.27
12152,6987,214,1,30351.9
12153,6988,113,1,1635.78
12154,6989,89,1,1644.46
12155,6990,172,2,20738.84
12156,6991,166,1,59397.3
12157,6992,46,3,1648.7
12158,6992,92,1,56739.11
12159,6992,50,1,38563.03
12160,6993,130,3,40633.29
12161,6993,233,3,6560.42
12162,6993,27,1,3507.3
12163,6994,185,3,2574.36
12164,6995,59,2,6164.8
12165,6996,171,1,4202.58
12166,6996,25,2,2186.64
12167,6997,57,1,46526.44
12168,6997,186,1,3099.28
12169,6998,288,1,1159.21
12170,6999,242,1,8112.63
12171,6999,299,1,1084.98
12172,6999,294,2,1184.55
12173,7000,169,1,7652.04
12174,7001,206,2,7566.83
12175,7001,130,1,37750.67
12176,7001,258,1,5030.42
12177,7002,58,2,6578.02
12178,7002,104,2,10981.26
12179,7002,282,1,965.66
12180,7003,241,2,764.09
12181,7003,24,1,20061.29
12182,7003,68,2,45551.33
12183,7004,244,2,73957.22
12184,7005,167,4,24192.43
12185,7006,235,1,35588.86
12186,7007,114,1,4559.63
12187,7007,237,3,4784.51
12188,7008,207,1,14468.24
12189,7009,168,1,7180.91
12190,7010,176,3,57287.29
12191,7011,15,2,62386.33
12192,7012,234,1,13553.92
12193,7012,184,1,5191.75
12194,7012,70,1,2422.18
12195,7013,32,2,2890.7
12196,7013,268,3,14252.85
12197,7013,134,1,2911.24
12198,7013,95,1,2341.75
12199,7014,263,2,1115.67
12200,7015,21,3,24123.74
12201,7016,263,2,1078.64
12202,7016,119,2,5422.81
12203,7017,237,1,4430.92
12204,7018,10,1,70685.8
12205,7019,228,1,42296.75
12206,7020,198,1,9576.64
12207,7021,266,1,3287.2
12208,7022,57,1,45843.8
12209,7022,32,1,2921.08
12210,7023,222,2,8760.76
12211,7023,201,2,6331.26
12212,7023,273,1,1387.6
12213,7024,235,3,33637.96
12214,7024,177,1,5305.42
12215,7024,248,2,718.25
12216,7025,200,1,971.39
12217,7025,46,1,1544.83
12218,7026,129,3,44620.44
12219,7027,67,2,5515.2
12220,7027,27,1,3674.61
12221,7027,49,1,12640.76
12222,7028,130,4,39340.74
12223,7028,171,3,4355.5
12224,7029,124,2,5093.5
12225,7029,294,1,1268.3
12226,7030,116,1,43007.67
12227,7031,146,1,1113.63
12228,7031,188,2,75771.46
12229,7032,69,2,5903.75
12230,7032,154,1,37758.78
12231,7033,68,1,49853.2
12232,7033,273,2,1494.73
12233,7034,137,4,1706.83
12234,7035,228,2,43516.07
12235,7036,135,1,3042.03
12236,7036,214,2,32529.64
12237,7037,39,2,7766.77
12238,7038,272,2,41716.03
12239,7039,92,3,57251.95
12240,7040,144,1,5069.37
12241,7040,228,1,43771.54
12242,7040,276,2,48855.94
12243,7041,160,3,2771.79
12244,7042,125,1,1164.97
12245,7043,142,1,13591.39
12246,7043,87,1,40345.58
12247,7043,117,2,1901.3
12248,7044,238,1,1653.83
12249,7045,210,4,15167.76
12250,7046,241,1,685.31
12251,7047,93,2,4230.34
12252,7047,124,1,4921.66
12253,7047,28,1,394.31
12254,7048,191,1,46096.03
12255,7049,212,1,9653.13
12256,7050,261,1,1453.21
12257,7051,265,2,9878.67
12258,7051,9,4,8411.82
12259,7052,52,1,1623.06
12260,7052,230,3,4344.0
12261,7053,140,3,9930.07
12262,7054,105,1,9504.45
12263,7054,137,1,1564.39
12264,7055,280,2,28034.78
12265,7055,288,1,1213.45
12266,7056,42,2,4859.98
12267,7056,195,1,2820.14
12268,7057,194,1,6869.84
12269,7058,130,1,38798.87
12270,7058,228,1,44441.19
12271,7058,57,2,51160.14
12272,7058,44,1,16499.57
12273,7059,106,1,35164.94
12274,7059,263,1,1190.28
12275,7060,12,2,33816.35
12276,7060,122,1,18137.04
12277,7061,186,2,2842.38
12278,7062,10,2,64993.57
12279,7063,82,2,4727.01
12280,7063,198,3,9099.11
12281,7064,232,1,5982.09
12282,7064,2,1,1792.99
12283,7065,204,1,77156.14
12284,7066,282,1,903.67
12285,7066,150,1,1721.39
12286,7067,154,3,38674.32
12287,7068,238,4,1614.25
12288,7068,264,1,1753.78
12289,7069,89,3,1785.86
12290,7070,201,1,5549.74
12291,7071,219,1,1483.71
12292,7072,282,2,961.52
12293,7073,127,1,38541.82
12294,7073,163,2,1934.59
12295,7074,114,3,5013.95
12296,7075,98,1,4618.01
12297,7076,101,3,399.18
12298,7077,25,1,2418.82
12299,7078,223,1,5381.19
12300,7079,77,1,1295.1
12301,7079,176,3,66581.08
12302,7079,272,1,38592.59
12303,7080,127,2,35896.84
12304,7081,296,3,2439.02
12305,7081,19,2,10372.51
12306,7082,12,1,30920.5
12307,7083,102,2,2886.7
12308,7084,78,1,3946.18
12309,7085,232,1,6018.67
12310,7086,61,3,4446.15
12311,7087,248,1,617.12
12312,7088,155,2,5306.06
12313,7088,72,2,5114.49
12314,7089,138,1,65818.89
12315,7090,193,1,17338.9
12316,7090,295,1,5581.3
12317,7091,20,1,812.02
12318,7092,107,2,5096.93
12319,7092,137,1,1752.41
12320,7092,178,2,12210.3
12321,7093,265,1,9452.33
12322,7094,239,1,7116.3
12323,7095,153,2,4862.08
12324,7096,5,2,81799.82
12325,7096,73,1,454.3
12326,7096,238,1,1513.41
12327,7096,145,1,545.5
12328,7097,208,1,7417.37
12329,7097,209,3,2055.92
12330,7098,273,2,1299.05
12331,7099,84,1,23013.13
12332,7100,290,1,2502.63
12333,7100,217,1,3591.66
12334,7101,170,1,40806.38
12335,7101,41,2,7961.33
12336,7101,221,1,1210.31
12337,7102,286,1,1882.27
12338,7103,297,1,4366.37
12339,7104,77,1,1209.14
12340,7105,254,1,12292.97
12341,7106,284,1,6204.18
12342,7107,175,1,6327.33
12343,7108,21,1,22364.22
12344,7109,45,1,614.37
12345,7109,209,1,2214.12
12346,7110,112,1,6419.12
12347,7111,155,4,5121.46
12348,7112,264,2,1825.79
12349,7112,182,1,46692.31
12350,7112,25,1,2145.63
12351,7112,127,1,38974.59
12352,7113,267,1,3306.3
12353,7114,250,1,3762.96
12354,7115,190,1,16575.76
12355,7116,144,2,4994.14
12356,7117,243,1,12085.94
12357,7118,161,2,5769.4
12358,7119,121,1,64710.61
12359,7120,47,1,4866.01
12360,7120,93,2,4310.25
12361,7121,240,2,8881.23
12362,7121,291,4,7678.24
12363,7121,180,1,17844.9
12364,7122,177,1,5674.71
12365,7123,198,2,9395.9
12366,7123,206,1,7724.92
12367,7124,184,1,5042.31
12368,7124,279,3,864.05
12369,7124,263,1,1168.13
12370,7125,143,1,1658.52
12371,7126,86,1,4042.88
12372,7127,25,3,2306.35
12373,7128,179,2,1360.17
12374,7128,75,2,42258.95
12375,7129,59,1,6854.85
12376,7129,188,1,77100.91
12377,7129,224,1,3927.96
12378,7130,229,3,50574.52
12379,7130,115,3,1487.57
12380,7130,152,2,6214.51
12381,7131,138,2,66786.18
12382,7131,193,1,17399.74
12383,7132,112,1,5684.66
12384,7133,205,2,9236.72
12385,7134,62,1,12929.79
12386,7135,13,1,866.89
12387,7136,135,1,2727.63
12388,7136,143,1,1618.45
12389,7136,168,1,6379.59
12390,7136,264,1,1742.99
12391,7137,95,1,2501.18
12392,7138,18,2,1419.69
12393,7138,85,3,2703.26
12394,7139,203,1,5393.04
12395,7140,290,1,2670.36
12396,7140,166,1,56082.33
12397,7141,83,1,6165.64
12398,7141,216,2,64110.59
12399,7142,87,2,37490.97
12400,7143,268,1,14230.78
12401,7143,43,3,1238.44
12402,7144,267,1,3010.92
12403,7145,179,1,1342.46
12404,7145,247,1,5487.13
12405,7146,191,2,51861.56
12406,7147,130,1,37041.74
12407,7147,205,1,8648.34
12408,7148,54,1,16468.15
12409,7148,95,1,2413.33
12410,7149,216,2,69460.55
12411,7150,8,2,2897.38
12412,7150,227,1,2068.43
12413,7151,31,2,4937.28
12414,7151,45,1,601.32
12415,7151,32,2,2760.9
12416,7152,223,2,5461.33
12417,7153,5,1,82317.14
12418,7154,223,2,5831.26
12419,7155,249,1,42559.79
12420,7155,163,2,2097.65
12421,7156,32,1,2598.13
12422,7156,257,1,4094.98
12423,7157,69,1,5436.0
12424,7157,271,1,16111.3
12425,7158,186,1,2818.37
12426,7159,54,1,14349.27
12427,7159,28,1,437.1
12428,7159,53,1,44336.16
12429,7159,173,1,29732.67
12430,7160,28,2,431.05
12431,7161,136,2,543.29
12432,7161,277,1,8161.19
12433,7162,294,3,1243.83
12434,7162,50,1,41198.13
12435,7162,188,1,71690.55
12436,7163,161,2,5501.1
12437,7164,143,1,1844.8
12438,7165,28,1,420.31
12439,7165,115,2,1515.49
12440,7165,178,2,12606.98
12441,7165,197,1,1016.42
12442,7166,127,1,35235.84
12443,7167,277,3,8140.0
12444,7167,70,1,2515.24
12445,7168,163,1,2054.23
12446,7169,205,1,8907.7
12447,7169,63,1,2102.55
12448,7170,141,1,4367.07
12449,7171,32,1,2727.21
12450,7171,147,1,15844.57
12451,7172,197,3,1061.26
12452,7173,291,3,8328.11
12453,7174,9,1,9333.28
12454,7174,95,2,2192.54
12455,7174,92,1,59240.52
12456,7175,298,1,211.42
12457,7175,261,2,1433.17
12458,7176,252,1,8076.19
12459,7176,258,1,4920.91
12460,7177,49,1,13227.96
12461,7178,60,2,34763.48
12462,7179,106,2,35222.35
12463,7179,203,2,5448.25
12464,7179,95,1,2324.55
12465,7180,243,1,10723.01
12466,7180,220,1,643.7
12467,7181,212,1,9405.34
12468,7181,80,2,74703.92
12469,7182,157,2,4351.76
12470,7183,84,1,21657.85
12471,7183,185,3,2819.74
12472,7184,221,1,1380.35
12473,7184,135,1,2822.09
12474,7185,233,1,6851.8
12475,7186,88,4,55359.02
12476,7187,221,2,1216.85
12477,7188,63,1,2002.13
12478,7188,149,1,4457.71
12479,7188,262,2,5327.99
12480,7188,224,1,4055.54
12481,7189,145,1,578.44
12482,7189,178,1,13681.16
12483,7189,193,1,18882.47
12484,7190,258,1,5439.99
12485,7191,91,1,4714.4
12486,7191,213,1,5081.14
12487,7191,282,4,987.51
12488,7192,184,1,5372.64
12489,7192,215,1,5579.01
12490,7193,186,1,2621.8
12491,7193,280,1,29430.55
12492,7193,88,1,58624.5
12493,7193,282,1,1001.15
12494,7194,178,1,14027.17
12495,7194,184,1,5365.41
12496,7195,293,3,1088.31
12497,7196,20,1,738.66
12498,7196,284,1,7183.21
12499,7196,284,1,6094.43
12500,7197,37,2,40784.95
12501,7197,191,1,44488.16
12502,7197,119,3,5515.15
12503,7198,67,1,5220.67
12504,7198,69,1,5388.45
12505,7199,1,1,469.36
12506,7200,232,3,5933.81
12507,7200,84,1,22996.23
12508,7201,169,1,6841.24
12509,7202,125,1,1148.57
12510,7202,267,1,2973.89
12511,7202,43,1,1159.15
12512,7203,39,1,6742.89
12513,7203,218,1,2366.67
12514,7203,187,1,1024.37
12515,7204,171,1,4233.33
12516,7205,146,1,961.98
12517,7206,161,1,5654.67
12518,7207,176,1,56788.81
12519,7207,281,1,6059.24
12520,7207,245,1,1112.64
12521,7207,274,1,70372.18
12522,7208,254,2,12497.07
12523,7208,68,2,52072.89
12524,7209,1,2,475.1
12525,7210,165,1,7763.86
12526,7210,257,3,3991.35
12527,7210,125,2,1226.06
12528,7211,295,3,4958.29
12529,7211,77,1,1264.79
12530,7211,230,1,4761.7
12531,7212,35,3,44035.72
12532,7212,59,3,6731.98
12533,7212,273,1,1369.33
12534,7213,90,2,18508.5
12535,7213,285,1,361.84
12536,7214,30,1,5203.47
12537,7214,271,4,15981.77
12538,7214,297,1,3927.99
12539,7215,298,1,239.52
12540,7216,125,3,1198.19
12541,7217,137,2,1553.72
12542,7217,271,1,15757.1
12543,7218,43,2,1180.53
12544,7219,231,1,15670.92
12545,7220,28,1,378.96
12546,7221,107,1,5277.89
12547,7222,236,1,2061.42
12548,7223,78,1,4029.3
12549,7223,27,2,3671.56
12550,7223,137,1,1636.36
12551,7224,196,2,304.57
12552,7225,101,2,450.94
12553,7225,198,2,9396.65
12554,7226,168,4,7274.93
12555,7226,208,1,6909.97
12556,7226,9,2,8609.05
12557,7227,56,1,10095.66
12558,7227,187,3,1036.97
12559,7227,122,2,18336.15
12560,7228,267,1,2893.95
12561,7229,82,2,4859.62
12562,7229,68,1,49011.18
12563,7230,10,1,71927.61
12564,7230,104,1,11360.2
12565,7230,21,1,22931.67
12566,7231,274,1,73271.29
12567,7231,151,2,2751.96
12568,7231,210,1,17024.11
12569,7232,182,1,43165.67
12570,7233,5,1,73937.53
12571,7233,173,1,28421.56
12572,7234,124,1,5271.66
12573,7234,244,3,69245.42
12574,7235,37,1,42018.72
12575,7236,131,2,3288.77
12576,7236,71,1,5236.36
12577,7237,108,1,37707.64
12578,7238,231,2,15679.83
12579,7239,29,1,34917.04
12580,7240,27,4,3390.32
12581,7241,236,1,2029.66
12582,7242,100,1,7796.14
12583,7242,16,3,5173.93
12584,7242,48,1,945.56
12585,7243,27,4,3161.88
12586,7244,231,2,15812.89
12587,7245,238,1,1475.52
12588,7245,117,1,1996.56
12589,7246,154,1,41046.86
12590,7246,145,3,563.11
12591,7247,122,1,19568.82
12592,7247,41,1,8224.13
12593,7248,39,2,7919.61
12594,7248,273,3,1266.13
12595,7248,70,1,2236.04
12596,7249,261,1,1571.09
12597,7249,227,2,2262.3
12598,7250,237,3,4512.17
12599,7250,68,2,47965.73
12600,7251,250,1,4142.22
12601,7252,161,1,5804.04
12602,7252,299,1,949.27
12603,7253,281,1,5762.84
12604,7253,162,2,39942.32
12605,7254,157,1,4523.52
12606,7255,261,3,1557.79
12607,7256,169,1,7700.09
12608,7257,263,1,1035.83
12609,7258,255,2,47689.52
12610,7259,144,3,5056.99
12611,7259,296,1,2463.17
12612,7260,53,1,45034.77
12613,7260,125,1,1158.42
12614,7260,171,2,3991.43
12615,7261,250,1,4154.96
12616,7262,236,1,2199.98
12617,7263,26,1,2675.73
12618,7264,202,3,23703.18
12619,7264,69,1,5370.0
12620,7265,216,1,74383.47
12621,7266,252,1,7571.77
12622,7266,57,1,48556.47
12623,7266,106,3,35530.25
12624,7267,32,2,2954.63
12625,7268,41,2,7850.7
12626,7268,93,1,4427.83
12627,7268,56,1,8908.33
12628,7269,163,1,1926.25
12629,7270,70,1,2613.66
12630,7270,65,1,1048.46
12631,7271,285,1,346.97
12632,7272,58,2,5956.38
12633,7272,201,1,5578.68
12634,7273,296,4,2657.16
12635,7273,281,1,5955.13
12636,7273,227,1,2401.43
12637,7274,261,1,1456.17
12638,7274,108,1,35683.19
12639,7274,278,2,1751.25
12640,7275,37,3,45229.69
12641,7275,119,1,5224.46
12642,7275,46,1,1469.69
12643,7276,184,4,5291.35
12644,7277,120,1,3430.59
12645,7278,245,2,1234.06
12646,7278,64,3,1799.52
12647,7278,82,1,4875.97
12648,7278,8,1,2810.72
12649,7279,61,2,4668.75
12650,7279,243,2,10633.91
12651,7279,71,1,4944.89
12652,7280,79,3,2450.19
12653,7281,36,2,2649.35
12654,7282,259,1,26192.51
12655,7283,143,1,1845.33
12656,7284,283,3,1147.82
12657,7285,52,3,1634.22
12658,7285,146,1,1011.98
12659,7285,211,1,4392.84
12660,7286,76,1,3076.17
12661,7287,226,1,6592.19
12662,7288,193,1,18370.65
12663,7289,233,3,6230.98
12664,7290,285,1,377.82
12665,7290,240,1,7943.31
12666,7290,226,4,5663.16
12667,7291,142,1,12882.31
12668,7292,47,1,5219.86
12669,7292,76,1,3052.7
12670,7292,248,1,698.84
12671,7292,33,1,1252.76
12672,7293,169,1,6571.32
12673,7294,237,1,4889.71
12674,7294,138,1,66917.24
12675,7294,182,2,41603.35
12676,7295,55,1,589.82
12677,7296,247,4,5501.12
12678,7296,162,2,38529.75
12679,7297,76,1,2677.16
12680,7297,222,2,9565.57
12681,7298,245,1,1068.83
12682,7299,114,1,5097.63
12683,7299,215,1,5368.37
12684,7300,286,2,1824.64
12685,7300,241,1,713.03
12686,7301,51,1,766.46
12687,7302,111,2,6496.89
12688,7302,7,4,445.45
12689,7303,247,3,5429.71
12690,7303,153,3,4931.69
12691,7304,54,1,14711.51
12692,7304,52,1,1646.48
12693,7305,5,1,73814.02
12694,7306,193,1,17773.41
12695,7306,94,3,1490.71
12696,7307,131,3,3446.54
12697,7307,69,2,5535.24
12698,7307,124,2,4896.67
12699,7307,121,3,68227.95
12700,7308,137,1,1803.29
12701,7308,120,1,3116.14
12702,7309,37,3,48341.09
12703,7310,258,1,5577.17
12704,7311,83,1,6006.76
12705,7312,1,2,472.07
12706,7313,135,3,3194.01
12707,7314,92,2,58882.01
12708,7315,230,1,4279.31
12709,7315,109,1,11746.96
12710,7315,266,1,3830.57
12711,7316,90,1,18264.69
12712,7316,82,1,4938.12
12713,7316,28,1,443.11
12714,7317,48,2,962.67
12715,7318,92,2,61085.96
12716,7319,110,1,6277.06
12717,7319,78,1,3904.04
12718,7320,111,1,6031.84
12719,7321,20,1,769.18
12720,7322,137,2,1710.64
12721,7322,26,1,2787.12
12722,7322,184,1,5496.47
12723,7322,71,3,4486.39
12724,7323,127,1,37832.33
12725,7323,146,1,1043.65
12726,7324,77,1,1386.58
12727,7324,50,3,37042.16
12728,7324,25,3,2249.11
12729,7325,279,1,850.99
12730,7325,242,1,7626.92
12731,7326,13,1,918.93
12732,7326,222,1,9792.98
12733,7327,134,2,2697.49
12734,7327,257,2,3717.72
12735,7328,114,4,5004.26
12736,7328,57,1,49866.76
12737,7329,229,1,52851.9
12738,7330,256,1,1529.34
12739,7331,8,1,2817.56
12740,7331,272,2,43269.02
12741,7332,110,1,6901.59
12742,7333,254,3,12315.42
12743,7333,181,1,13734.23
12744,7333,12,1,30930.43
12745,7334,285,1,400.22
12746,7334,104,4,11543.59
12747,7335,40,1,1532.65
12748,7335,291,1,8147.04
12749,7335,105,1,10025.19
12750,7335,162,1,39073.9
12751,7336,148,1,43906.78
12752,7337,231,1,15125.29
12753,7338,90,1,18013.48
12754,7339,93,1,4515.58
12755,7340,283,2,1323.96
12756,7341,135,2,3007.99
12757,7342,52,4,1617.27
12758,7342,115,1,1491.59
12759,7342,123,1,3639.66
12760,7343,239,3,7834.48
12761,7344,36,3,2837.88
12762,7344,45,1,558.26
12763,7344,180,1,17795.91
12764,7345,139,1,3137.7
12765,7346,18,1,1366.06
12766,7347,267,1,3109.13
12767,7347,4,3,5240.43
12768,7347,260,3,19222.54
12769,7347,187,1,1027.93
12770,7348,245,2,1117.79
12771,7348,263,1,1125.69
12772,7349,32,1,3041.55
12773,7350,181,1,14467.75
12774,7351,175,3,6890.98
12775,7352,129,1,48206.27
12776,7352,97,1,5956.25
12777,7353,192,1,13660.96
12778,7353,292,1,962.93
12779,7354,297,2,4582.95
12780,7354,174,1,7504.61
12781,7354,144,1,5384.78
12782,7355,271,1,17385.3
12783,7356,53,1,42768.53
12784,7357,55,1,664.8
12785,7358,75,1,42938.13
12786,7358,249,3,45506.93
12787,7358,62,1,14501.87
12788,7358,125,3,1138.54
12789,7359,50,1,42966.23
12790,7359,146,1,958.27
12791,7359,129,1,49591.5
12792,7359,247,1,4867.87
12793,7360,22,2,3660.99
12794,7361,60,1,34713.1
12795,7362,221,1,1262.3
12796,7362,49,1,12734.4
12797,7362,119,1,5158.51
12798,7363,16,2,5640.93
12799,7364,188,1,80593.54
12800,7364,162,4,42634.63
12801,7364,157,1,4689.98
12802,7364,210,3,16396.24
12803,7365,99,2,16148.43
12804,7365,279,2,945.34
12805,7365,287,2,1101.73
12806,7366,231,1,13984.35
12807,7366,273,2,1489.09
12808,7367,186,1,2731.54
12809,7367,277,1,8112.27
12810,7368,153,1,5280.18
12811,7369,238,1,1461.28
12812,7370,138,1,68768.57
12813,7370,220,2,611.19
12814,7370,132,2,18004.24
12815,7371,102,1,2570.19
12816,7372,242,2,7384.24
12817,7373,45,1,567.44
12818,7373,107,1,5032.28
12819,7373,280,1,28947.67
12820,7374,95,1,2307.47
12821,7375,169,1,6963.5
12822,7375,268,1,14977.02
12823,7376,276,1,45195.37
12824,7376,262,1,5836.67
12825,7377,59,1,6329.04
12826,7378,221,1,1246.07
12827,7379,229,1,51271.49
12828,7380,197,1,1012.96
12829,7381,241,1,735.83
12830,7382,110,1,6507.52
12831,7382,232,1,5720.77
12832,7382,230,2,4448.55
12833,7383,255,2,52776.26
12834,7383,236,1,2110.96
12835,7383,173,1,28252.71
12836,7384,152,1,7308.63
12837,7385,177,1,4788.28
12838,7385,117,1,1724.1
12839,7386,294,4,1199.08
12840,7387,36,2,2548.94
12841,7388,281,1,5730.21
12842,7388,174,1,7860.8
12843,7388,84,1,21282.27
12844,7388,157,2,4941.63
12845,7389,36,1,2530.85
12846,7390,192,3,14607.57
12847,7390,294,2,1080.69
12848,7390,5,1,77978.05
12849,7390,150,1,1650.35
12850,7391,188,1,77914.09
12851,7392,181,1,15178.2
12852,7392,247,3,5399.99
12853,7393,214,1,30210.28
12854,7393,177,1,5341.64
12855,7393,283,1,1264.51
12856,7394,136,1,571.46
12857,7394,70,3,2225.58
12858,7395,299,1,942.47
12859,7395,224,1,4412.85
12860,7396,185,4,2523.17
12861,7397,104,1,10925.67
12862,7397,240,2,8238.34
12863,7398,27,3,3330.31
12864,7399,67,1,5359.1
12865,7400,271,1,18277.52
12866,7401,59,1,6494.71
12867,7401,9,1,8702.84
12868,7402,278,3,1627.14
12869,7402,104,2,11609.34
12870,7403,279,2,802.97
12871,7404,1,1,455.71
12872,7404,39,2,7832.5
12873,7405,162,1,42318.34
12874,7406,290,1,2538.28
12875,7406,136,1,564.88
12876,7407,219,2,1417.64
12877,7407,3,3,7436.08
12878,7407,90,1,16311.07
12879,7408,154,1,40316.62
12880,7409,66,3,1407.85
12881,7409,58,3,6255.92
12882,7410,196,2,289.94
12883,7410,74,2,20055.17
12884,7410,30,1,5188.52
12885,7411,63,2,2012.61
12886,7411,214,3,29567.86
12887,7412,180,2,16481.27
12888,7412,247,3,5346.41
12889,7412,13,1,893.38
12890,7412,153,1,4643.16
12891,7413,282,4,929.51
12892,7414,248,3,697.14
12893,7415,183,1,7743.22
12894,7415,203,3,5194.67
12895,7416,25,1,2112.66
12896,7417,174,1,7001.05
12897,7418,30,1,4873.81
12898,7419,129,3,43709.49
12899,7419,96,4,53326.23
12900,7420,196,1,319.38
12901,7420,235,3,36401.6
12902,7421,293,1,1108.18
12903,7421,291,3,8247.85
12904,7422,36,3,2778.29
12905,7422,12,2,32816.35
12906,7422,51,1,772.75
12907,7423,242,1,8107.32
12908,7423,199,1,1728.23
12909,7424,183,1,7819.58
12910,7424,296,1,2315.05
12911,7424,142,2,12104.59
12912,7425,150,1,1462.62
12913,7426,211,1,3938.53
12914,7426,119,1,5015.72
12915,7426,53,1,50088.35
12916,7426,289,1,4256.48
12917,7427,292,2,928.32
12918,7427,84,1,21677.05
12919,7427,40,1,1546.34
12920,7428,99,2,18439.26
12921,7428,117,1,1863.39
12922,7428,127,1,33704.58
12923,7429,293,1,1121.59
12924,7429,156,1,6217.19
12925,7429,240,1,9289.08
12926,7430,17,2,278.49
12927,7430,50,3,40655.5
12928,7430,121,1,63031.61
12929,7431,26,2,2503.65
12930,7432,175,1,6211.38
12931,7432,71,2,4743.92
12932,7432,38,2,1552.92
12933,7433,36,3,2520.52
12934,7434,139,1,3499.58
12935,7434,98,1,4658.17
12936,7434,93,1,4552.62
12937,7435,93,1,4256.64
12938,7435,34,1,1816.87
12939,7436,36,1,2654.77
12940,7437,275,2,1145.03
12941,7438,32,2,2865.61
12942,7439,108,1,34761.5
12943,7439,62,2,12894.22
12944,7440,148,1,47878.54
12945,7440,224,1,4352.34
12946,7441,158,1,57200.41
12947,7442,232,1,5754.76
12948,7443,50,1,38022.25
12949,7444,188,1,73096.5
12950,7445,170,1,39399.62
12951,7445,6,1,35641.98
12952,7446,74,4,19354.25
12953,7446,156,1,5443.8
12954,7447,182,1,47310.28
12955,7448,62,2,13681.88
12956,7448,36,1,2821.36
12957,7449,43,1,1162.34
12958,7449,238,2,1648.88
12959,7449,29,3,36307.35
12960,7449,260,1,20379.02
12961,7450,47,2,4937.43
12962,7450,295,2,4924.67
12963,7450,190,1,16645.08
12964,7451,269,1,6893.27
12965,7452,136,2,575.07
12966,7452,200,1,1060.57
12967,7452,104,1,10443.13
12968,7453,44,3,18329.45
12969,7454,221,1,1188.81
12970,7455,27,2,3653.79
12971,7456,127,1,36202.67
12972,7457,24,1,19260.86
12973,7457,155,1,5120.58
12974,7457,252,1,7681.59
12975,7458,54,1,15798.48
12976,7458,230,1,4477.51
12977,7458,93,1,4173.96
12978,7459,67,3,5183.2
12979,7460,271,2,15684.48
12980,7461,71,3,5003.68
12981,7462,174,1,7128.05
12982,7462,29,1,33154.49
12983,7462,45,1,578.87
12984,7462,292,1,1074.69
12985,7463,129,1,48337.58
12986,7464,76,1,2915.94
12987,7465,263,3,1182.13
12988,7465,255,1,50624.99
12989,7465,75,1,39703.9
12990,7465,230,3,4838.97
12991,7466,82,1,4397.75
12992,7467,241,1,753.16
12993,7468,90,1,18259.17
12994,7468,189,1,17223.97
12995,7468,291,2,8422.46
12996,7468,64,4,1527.44
12997,7469,65,1,1040.34
12998,7470,67,2,5512.67
12999,7471,145,1,505.49
13000,7472,281,2,5833.65
13001,7473,253,2,21877.42
13002,7473,167,1,25598.78
13003,7473,143,2,1839.95
13004,7474,202,3,23238.89
13005,7474,252,2,8219.47
13006,7475,160,1,2650.74
13007,7475,157,1,4709.22
13008,7476,103,1,2035.79
13009,7477,277,1,8252.3
13010,7478,212,1,9084.39
13011,7478,189,1,17789.86
13012,7478,258,3,5034.01
13013,7479,190,1,17336.9
13014,7480,71,2,4565.62
13015,7481,209,3,2194.64
13016,7482,49,1,11987.76
13017,7482,51,1,725.96
13018,7483,20,2,800.81
13019,7483,41,4,7771.54
13020,7483,271,1,16466.41
13021,7484,11,1,968.27
13022,7485,207,2,15703.49
13023,7486,268,1,15809.37
13024,7486,214,1,29801.27
13025,7486,75,1,36846.01
13026,7487,17,2,261.09
13027,7488,138,1,61283.34
13028,7489,120,1,3185.81
13029,7490,226,1,6110.36
13030,7491,18,3,1387.44
13031,7492,236,1,1962.58
13032,7492,207,1,15631.69
13033,7492,97,3,5408.5
13034,7493,103,1,2010.33
13035,7494,208,3,7322.97
13036,7495,295,1,5124.07
13037,7495,106,1,40896.73
13038,7496,217,2,3369.85
13039,7496,180,1,16525.89
13040,7496,43,1,1180.69
13041,7497,249,1,41262.96
13042,7497,55,2,622.91
13043,7498,27,1,3493.22
13044,7499,37,1,48132.79
13045,7500,118,1,5903.04
13046,7501,75,3,36299.52
13047,7501,136,1,534.52
13048,7502,292,1,944.11
13049,7503,23,3,715.18
13050,7503,296,1,2725.58
13051,7504,96,1,57904.7
13052,7504,87,1,38935.12
13053,7505,25,1,2415.97
13054,7506,74,3,17337.88
13055,7506,294,1,1265.82
13056,7506,77,1,1348.26
13057,7507,242,2,8201.89
13058,7507,152,1,6586.09
13059,7508,11,3,1050.97
13060,7509,145,1,577.94
13061,7509,27,1,3436.95
13062,7510,135,1,2796.32
13063,7510,145,1,561.91
13064,7511,24,1,18040.61
13065,7511,181,1,13729.6
13066,7512,78,1,3780.99
13067,7513,239,2,6734.24
13068,7513,137,1,1629.19
13069,7514,261,1,1575.92
13070,7515,65,1,1138.54
13071,7516,197,1,1068.99
13072,7517,188,1,80759.87
13073,7517,1,1,435.11
13074,7517,47,1,5109.2
13075,7518,87,2,41748.01
13076,7519,108,2,38746.06
13077,7519,265,1,8942.56
13078,7520,228,4,48353.54
13079,7521,61,1,4605.43
13080,7521,178,1,12492.55
13081,7521,15,1,66460.69
13082,7522,274,1,68040.99
13083,7523,207,1,14840.75
13084,7524,87,1,42859.99
13085,7525,202,1,25869.13
13086,7526,4,1,5161.68
13087,7526,79,1,2418.73
13088,7527,152,4,6599.34
13089,7527,190,2,15726.47
13090,7528,67,1,5547.2
13091,7528,175,1,6685.3
13092,7528,37,3,48237.49
13093,7529,42,1,4885.66
13094,7530,6,4,38933.76
13095,7530,230,1,4601.9
13096,7531,176,3,60803.75
13097,7532,66,2,1558.47
13098,7532,116,1,40807.81
13099,7532,236,1,2261.37
13100,7533,97,1,5502.34
13101,7534,81,2,3998.79
13102,7534,115,1,1483.01
13103,7534,66,2,1463.51
13104,7535,229,2,52043.25
13105,7536,264,1,1618.39
13106,7536,70,1,2249.65
13107,7537,277,3,8636.1
13108,7537,153,1,4537.19
13109,7538,197,1,1048.09
13110,7538,299,1,940.26
13111,7539,274,1,71995.92
13112,7539,15,3,67616.17
13113,7539,35,1,40267.49
13114,7539,198,1,9001.31
13115,7540,186,1,2767.07
13116,7540,205,1,9409.16
13117,7541,51,2,719.97
13118,7542,127,1,34608.22
13119,7543,145,1,511.78
13120,7544,243,1,11943.29
13121,7545,194,1,6190.34
13122,7546,202,1,27116.33
13123,7546,103,1,1855.51
13124,7547,214,1,30391.07
13125,7547,27,2,3490.33
13126,7547,39,2,6667.24
13127,7548,129,2,45760.96
13128,7549,165,1,7619.39
13129,7549,87,1,42679.74
13130,7549,51,2,743.73
13131,7550,152,1,6237.84
13132,7550,24,1,20390.48
13133,7550,64,1,1775.44
13134,7551,128,1,5855.22
13135,7551,151,2,2617.05
13136,7552,30,1,4918.36
13137,7552,242,1,7401.64
13138,7553,1,1,433.02
13139,7553,150,1,1611.85
13140,7554,292,1,970.82
13141,7555,270,1,15266.41
13142,7555,264,1,1569.06
13143,7555,213,2,5349.94
13144,7555,56,1,9528.45
13145,7556,190,1,15075.82
13146,7557,45,1,635.09
13147,7558,294,2,1118.7
13148,7558,103,3,1870.67
13149,7559,14,1,34463.93
13150,7560,34,2,1902.33
13151,7561,29,1,34510.09
13152,7562,102,2,2922.81
13153,7563,54,2,15990.57
13154,7564,212,1,9069.88
13155,7565,210,1,16515.94
13156,7566,72,1,5806.7
13157,7566,34,1,1815.76
13158,7567,234,1,15009.76
13159,7568,16,2,5761.2
13160,7568,277,2,9180.28
13161,7569,87,1,42159.57
13162,7569,12,1,29615.88
13163,7569,215,1,5149.75
13164,7570,163,3,1867.37
13165,7570,264,2,1764.57
13166,7571,23,3,760.82
13167,7572,125,1,1213.11
13168,7572,166,1,53012.43
13169,7573,96,2,58513.74
13170,7574,12,4,34068.6
13171,7574,35,1,40956.08
13172,7574,150,1,1550.0
13173,7575,163,1,1936.86
13174,7576,129,2,45166.43
13175,7577,186,2,2921.55
13176,7578,288,2,1111.26
13177,7578,21,4,24307.72
13178,7578,55,1,670.22
13179,7578,153,2,4871.47
13180,7579,33,2,1198.44
13181,7580,120,1,3147.36
13182,7581,22,3,4154.86
13183,7582,15,1,70823.84
13184,7582,42,2,4607.2
13185,7582,34,1,1819.71
13186,7583,176,1,66565.76
13187,7584,176,1,64563.56
13188,7584,293,1,1066.78
13189,7584,257,1,4019.74
13190,7585,179,2,1228.35
13191,7585,276,1,45595.04
13192,7585,196,2,302.37
13193,7585,281,4,6628.4
13194,7586,185,1,2754.62
13195,7586,255,1,47167.12
13196,7587,53,1,44294.57
13197,7588,292,1,974.69
13198,7588,284,2,6531.45
13199,7588,18,1,1571.95
13200,7588,298,2,239.76
13201,7589,125,1,1176.9
13202,7590,47,1,5583.77
13203,7591,219,2,1579.0
13204,7591,75,3,39509.51
13205,7592,202,1,26518.76
13206,7592,172,1,19009.69
13207,7593,200,1,949.09
13208,7593,276,1,51173.75
13209,7593,212,1,9843.64
13210,7593,175,1,5822.38
13211,7594,79,1,2664.78
13212,7594,114,1,4963.79
13213,7594,47,4,5503.94
13214,7594,114,1,4765.55
13215,7595,5,1,82032.88
13216,7596,121,1,65977.54
13217,7597,5,1,70548.86
13218,7597,280,1,26558.05
13219,7597,77,1,1414.89
13220,7598,232,1,5903.62
13221,7599,44,2,16403.01
13222,7599,241,3,708.64
13223,7600,7,1,459.36
13224,7601,13,2,867.1
13225,7602,86,1,3700.08
13226,7602,93,1,4118.56
13227,7603,243,1,11953.6
13228,7603,236,1,2118.49
13229,7604,157,1,4869.46
13230,7604,36,1,2436.01
13231,7604,242,1,6974.56
13232,7604,79,1,2600.7
13233,7605,201,1,5510.0
13234,7605,247,3,5254.62
13235,7605,75,1,36763.79
13236,7606,168,1,6355.68
13237,7606,224,1,4176.03
13238,7607,164,4,12686.84
13239,7608,118,2,5547.98
13240,7608,89,1,1687.31
13241,7609,205,1,8675.23
13242,7610,28,1,398.52
13243,7611,169,1,7485.87
13244,7611,260,1,20764.76
13245,7611,68,1,49882.66
13246,7612,55,2,604.79
13247,7612,173,2,27455.16
13248,7613,158,1,64881.32
13249,7614,45,1,645.9
13250,7614,178,2,12420.78
13251,7615,24,4,17964.04
13252,7616,144,3,5222.61
13253,7617,20,1,783.41
13254,7617,245,1,1076.65
13255,7618,291,3,8461.85
13256,7619,2,1,2077.83
13257,7619,193,1,18097.93
13258,7620,109,2,13252.21
13259,7620,31,1,5139.63
13260,7620,211,2,4151.72
13261,7621,264,3,1703.83
13262,7622,15,1,70869.5
13263,7623,44,1,19230.93
13264,7623,277,1,9060.76
13265,7624,8,1,2807.27
13266,7624,114,1,4547.35
13267,7625,274,1,76692.23
13268,7625,179,1,1302.41
13269,7625,59,2,6063.42
13270,7625,3,3,7527.69
13271,7626,158,1,63097.32
13272,7626,162,1,39948.91
13273,7626,153,2,5161.08
13274,7627,62,3,14763.7
13275,7628,287,1,1123.53
13276,7628,101,2,392.87
13277,7629,275,3,1118.51
13278,7630,282,2,1052.39
13279,7631,62,1,14265.26
13280,7632,216,3,67888.61
13281,7633,142,1,12232.5
13282,7633,194,2,6358.05
13283,7634,164,2,13565.47
13284,7634,297,1,4431.0
13285,7635,180,2,15043.58
13286,7636,54,2,16229.23
13287,7636,254,2,13865.6
13288,7636,19,1,9094.21
13289,7637,216,1,69576.49
13290,7637,231,1,16294.45
13291,7637,162,2,43714.74
13292,7638,7,2,444.7
13293,7638,101,1,458.29
13294,7639,234,3,14378.29
13295,7640,257,1,4051.0
13296,7641,152,1,6727.53
13297,7642,141,1,4583.48
13298,7643,69,2,5503.64
13299,7643,141,1,4047.65
13300,7643,193,1,18081.92
13301,7643,283,1,1189.5
13302,7644,149,1,4825.5
13303,7645,23,1,725.26
13304,7646,57,2,44117.76
13305,7647,148,1,48723.57
13306,7647,242,1,7170.28
13307,7648,179,1,1291.06
13308,7648,87,2,38323.63
13309,7648,283,1,1206.42
13310,7649,74,1,20298.75
13311,7650,7,1,427.38
13312,7650,209,1,2077.64
13313,7650,16,3,5632.12
13314,7651,126,1,1018.44
13315,7652,46,1,1692.43
13316,7653,104,1,10728.36
13317,7653,104,2,11136.3
13318,7654,169,3,7268.21
13319,7654,293,1,1206.39
13320,7655,198,2,9370.3
13321,7656,45,2,604.03
13322,7657,38,1,1533.7
13323,7657,103,1,2042.97
13324,7658,269,1,7286.61
13325,7658,132,1,17301.6
13326,7659,112,1,5562.6
13327,7659,79,1,2783.6
13328,7660,59,1,5915.91
13329,7661,149,1,4862.87
13330,7661,39,2,7521.43
13331,7662,141,2,3985.61
13332,7662,270,2,15317.06
13333,7662,41,2,9104.86
13334,7663,20,1,759.83
13335,7663,53,2,46214.31
13336,7663,213,1,4988.53
13337,7664,17,1,260.6
13338,7665,7,1,390.36
13339,7666,27,1,3255.82
13340,7666,264,2,1767.09
13341,7667,1,1,465.42
13342,7668,274,1,73816.11
13343,7668,180,4,16991.79
13344,7668,81,1,3800.57
13345,7669,271,1,18284.75
13346,7670,19,1,8933.54
13347,7671,58,1,6495.93
13348,7671,12,1,33636.71
13349,7671,87,1,38957.09
13350,7672,288,1,1187.09
13351,7673,166,1,56647.0
13352,7674,193,1,19083.81
13353,7674,65,1,1043.19
13354,7674,286,1,1687.94
13355,7675,283,1,1114.0
13356,7676,145,1,571.44
13357,7677,137,1,1600.04
13358,7678,241,1,696.58
13359,7679,132,1,15674.16
13360,7680,285,1,365.35
13361,7681,89,1,1779.13
13362,7682,76,1,2706.33
13363,7682,60,2,34786.41
13364,7682,27,1,3282.25
13365,7682,263,1,1040.14
13366,7683,85,2,2893.02
13367,7683,155,2,5603.04
13368,7684,165,2,7302.18
13369,7684,39,1,7626.13
13370,7685,209,2,2056.78
13371,7685,48,1,858.75
13372,7686,293,1,1208.99
13373,7686,147,1,14930.14
13374,7687,236,3,1967.23
13375,7687,164,1,13937.2
13376,7688,27,2,3583.21
13377,7688,241,1,683.33
13378,7688,277,1,8006.84
13379,7688,163,2,1819.6
13380,7689,254,2,13254.33
13381,7689,96,1,49318.57
13382,7690,65,1,1177.29
13383,7690,221,3,1239.32
13384,7691,268,1,15654.0
13385,7692,88,1,57728.19
13386,7692,69,1,5389.18
13387,7693,68,1,45975.21
13388,7694,158,2,64419.45
13389,7694,202,1,26207.78
13390,7695,231,2,15554.34
13391,7695,45,1,563.72
13392,7695,29,1,37180.53
13393,7696,215,1,5090.34
13394,7697,213,1,4916.71
13395,7698,125,3,1099.99
13396,7698,156,1,5881.09
13397,7698,52,1,1717.07
13398,7699,153,2,5062.97
13399,7700,95,1,2217.02
13400,7700,186,2,2637.06
13401,7701,289,2,4257.34
13402,7702,23,1,716.57
13403,7702,275,2,1083.42
13404,7703,39,3,6684.36
13405,7703,51,1,765.82
13406,7703,53,1,49179.78
13407,7704,7,3,420.72
13408,7704,46,1,1594.21
13409,7705,239,1,6666.15
13410,7706,135,1,2825.5
13411,7706,131,2,3243.08
13412,7707,181,3,13310.86
13413,7708,67,1,5379.55
13414,7709,41,2,8397.76
13415,7709,108,1,36926.31
13416,7710,224,2,3755.74
13417,7710,47,1,5419.23
13418,7710,255,2,49872.62
13419,7711,3,1,7269.94
13420,7711,29,2,35721.96
13421,7712,99,1,16936.07
13422,7712,51,1,675.33
13423,7713,131,1,3552.42
13424,7714,111,1,6330.94
13425,7715,151,1,2530.39
13426,7716,198,1,8531.35
13427,7716,65,1,1058.57
13428,7716,26,1,2786.4
13429,7716,16,4,5474.44
13430,7717,105,1,10252.2
13431,7718,239,1,6780.62
13432,7718,298,1,242.69
13433,7718,235,1,33519.9
13434,7719,157,3,4216.42
13435,7720,156,2,5369.16
13436,7721,52,1,1554.96
13437,7722,92,2,55995.61
13438,7722,184,1,5083.77
13439,7722,7,1,431.09
13440,7722,107,1,5708.42
13441,7723,196,1,291.55
13442,7724,267,2,3066.83
13443,7725,255,1,47854.52
13444,7726,286,1,1887.15
13445,7727,193,1,19314.44
13446,7728,71,2,4615.61
13447,7728,68,1,50290.82
13448,7728,276,1,45676.82
13449,7728,208,1,7608.65
13450,7729,233,1,6731.28
13451,7729,152,1,6431.58
13452,7729,47,1,5772.42
13453,7730,178,2,13788.96
13454,7730,248,1,672.85
13455,7731,74,1,17487.36
13456,7731,54,1,14916.49
13457,7731,135,1,2925.14
13458,7732,3,1,7597.02
13459,7733,30,1,4858.98
13460,7733,234,1,13185.83
13461,7733,260,1,20245.29
13462,7734,104,2,11128.44
13463,7735,21,1,23221.72
13464,7736,277,1,8261.34
13465,7737,275,4,1074.48
13466,7737,133,1,5010.91
13467,7737,284,1,6731.42
13468,7738,184,1,4902.51
13469,7739,204,1,73843.39
13470,7740,224,1,4202.77
13471,7741,76,1,2930.24
13472,7742,254,1,12079.91
13473,7742,47,1,4918.58
13474,7743,54,2,15125.25
13475,7743,33,1,1081.87
13476,7744,62,2,14902.96
13477,7744,233,2,6490.37
13478,7744,267,2,2873.4
13479,7745,35,2,43880.64
13480,7745,88,4,57689.7
13481,7746,72,1,5032.44
13482,7747,192,1,14460.13
13483,7747,258,3,4950.72
13484,7748,22,2,4142.19
13485,7748,102,2,2870.8
13486,7748,201,1,5997.05
13487,7748,272,3,41775.31
13488,7749,56,1,9879.12
13489,7750,153,1,4778.54
13490,7751,240,4,7852.96
13491,7751,251,1,1116.95
13492,7752,223,3,4956.9
13493,7752,232,1,5264.32
13494,7753,177,2,5068.26
13495,7753,9,1,9192.26
13496,7753,46,1,1423.06
13497,7754,242,3,7088.49
13498,7755,80,2,77223.86
13499,7755,210,2,14899.41
13500,7756,13,1,846.58
13501,7756,180,1,16693.2
13502,7757,95,3,2249.25
13503,7757,177,4,5422.43
13504,7758,115,1,1511.64
13505,7759,226,3,6183.82
13506,7759,140,1,9878.4
13507,7759,235,1,36082.71
13508,7760,300,1,979.2
13509,7761,127,2,35925.02
13510,7762,218,4,2235.17
13511,7762,139,1,3221.21
13512,7763,118,1,6124.94
13513,7764,208,1,7509.32
13514,7765,254,3,14269.35
13515,7765,94,2,1429.96
13516,7765,110,1,7180.06
13517,7766,124,2,5614.6
13518,7766,109,1,12741.37
13519,7767,59,1,6232.35
13520,7767,20,2,778.16
13521,7767,87,1,37195.42
13522,7768,221,1,1206.5
13523,7769,277,1,9369.08
13524,7770,61,4,4587.28
13525,7771,121,1,66718.3
13526,7772,71,1,5201.33
13527,7773,258,1,5163.76
13528,7773,104,3,12375.27
13529,7773,36,1,2466.31
13530,7773,247,3,5190.22
13531,7774,48,1,817.07
13532,7775,259,1,28577.89
13533,7775,163,1,2069.88
13534,7776,166,1,58674.02
13535,7776,143,2,1808.87
13536,7777,278,1,1760.15
13537,7778,56,1,9853.41
13538,7779,129,2,45576.6
13539,7779,19,1,9917.29
13540,7780,182,1,49136.19
13541,7781,191,1,47015.58
13542,7782,279,2,819.04
13543,7782,197,1,1109.01
13544,7783,157,3,4941.51
13545,7784,206,1,7048.83
13546,7785,139,3,3329.92
13547,7785,285,1,335.77
13548,7786,9,1,8727.09
13549,7787,107,2,4973.29
13550,7787,265,1,9534.12
13551,7788,199,1,1615.97
13552,7789,57,1,49978.86
13553,7789,222,3,9921.3
13554,7790,138,2,71729.08
13555,7790,184,3,5294.23
13556,7791,239,2,6897.35
13557,7791,225,1,4869.46
13558,7791,154,1,40601.14
13559,7791,239,1,7210.36
13560,7792,235,1,35665.48
13561,7792,161,1,6312.24
13562,7793,252,1,8188.98
13563,7793,127,1,33581.62
13564,7794,257,3,4052.75
13565,7794,229,1,49515.51
13566,7795,24,1,17895.11
13567,7796,136,1,534.08
13568,7797,62,1,13602.21
13569,7797,65,1,1142.13
13570,7798,273,2,1283.24
13571,7798,241,1,668.66
13572,7799,79,1,2626.5
13573,7799,186,3,2978.6
13574,7799,212,2,9532.38
13575,7799,48,1,940.3
13576,7800,159,1,41348.96
13577,7800,197,1,1068.62
13578,7801,282,2,1015.36
13579,7802,141,1,4078.29
13580,7803,77,2,1279.13
13581,7804,150,1,1593.36
13582,7804,242,1,8255.02
13583,7804,49,1,13929.39
13584,7805,123,1,3605.15
13585,7806,33,3,1140.04
13586,7806,73,1,468.38
13587,7806,28,1,438.66
13588,7807,148,1,50482.16
13589,7808,209,1,1990.8
13590,7808,163,1,2117.4
13591,7808,34,1,2005.53
13592,7809,34,1,1881.7
13593,7810,135,2,3093.77
13594,7810,58,1,5956.93
13595,7810,46,1,1617.41
13596,7811,273,1,1505.67
13597,7811,111,1,6883.15
13598,7812,200,2,930.6
13599,7813,132,1,16886.19
13600,7813,212,1,8848.52
13601,7814,103,1,2007.5
13602,7815,107,1,5794.79
13603,7816,261,1,1529.77
13604,7817,162,1,37383.45
13605,7818,229,2,51086.91
13606,7819,12,4,30672.22
13607,7819,100,1,8099.79
13608,7820,43,1,1092.75
13609,7820,11,1,1006.44
13610,7820,293,3,1233.95
13611,7820,243,1,10565.46
13612,7821,63,1,2078.0
13613,7822,82,2,5111.84
13614,7822,148,2,44585.1
13615,7823,90,2,16609.06
13616,7824,280,1,27217.59
13617,7825,145,2,583.27
13618,7826,197,1,1142.34
13619,7826,211,1,3738.88
13620,7826,50,2,42861.83
13621,7827,161,2,6230.17
13622,7828,135,1,2854.51
13623,7829,220,2,668.89
13624,7829,139,1,3366.73
13625,7830,18,2,1462.0
13626,7831,143,2,1599.77
13627,7832,254,2,12315.44
13628,7833,253,1,22649.16
13629,7834,74,1,18150.27
13630,7835,167,1,23871.96
13631,7836,195,2,2553.06
13632,7836,230,1,4146.67
13633,7836,94,1,1488.22
13634,7836,110,1,7219.65
13635,7837,262,1,5579.59
13636,7837,209,1,2317.05
13637,7837,44,2,18306.35
13638,7838,129,1,50044.94
13639,7839,9,3,8950.83
13640,7840,231,2,13884.46
13641,7840,103,2,1870.01
13642,7840,221,1,1300.98
13643,7840,284,1,6750.98
13644,7841,103,2,2002.86
13645,7841,297,1,4207.02
13646,7842,107,1,5479.4
13647,7842,99,1,18483.33
13648,7843,247,2,4717.59
13649,7843,15,4,63596.71
13650,7844,180,3,16673.66
13651,7845,49,3,12824.4
13652,7846,185,1,2844.63
13653,7847,83,1,6067.78
13654,7848,288,1,1287.19
13655,7848,93,1,4463.54
13656,7848,68,1,45453.84
13657,7848,226,1,6166.02
13658,7849,157,2,4775.47
13659,7850,200,1,936.06
13660,7851,59,2,6327.49
13661,7851,80,1,75024.06
13662,7851,72,1,5915.39
13663,7852,226,1,5752.27
13664,7852,183,1,7061.38
13665,7852,99,1,17340.07
13666,7853,35,2,46636.89
13667,7854,182,1,45152.1
13668,7855,45,1,628.87
13669,7855,289,2,4235.15
13670,7856,74,1,17750.9
13671,7857,108,1,39690.5
13672,7857,153,1,4784.49
13673,7857,73,1,482.78
13674,7858,288,2,1260.0
13675,7859,178,1,12715.43
13676,7860,205,1,8126.31
13677,7860,33,1,1228.61
13678,7861,196,1,293.58
13679,7861,233,1,6643.84
13680,7862,111,1,6409.38
13681,7862,231,1,15535.73
13682,7862,27,2,3389.11
13683,7862,194,1,6470.97
13684,7863,239,1,7214.08
13685,7863,173,1,28558.4
13686,7864,12,2,30741.51
13687,7865,142,3,13752.1
13688,7865,222,1,9228.6
13689,7866,29,1,38278.21
13690,7867,109,3,11970.22
13691,7868,223,3,4998.93
13692,7869,143,1,1563.95
13693,7870,136,1,530.83
13694,7871,157,1,4938.53
13695,7871,166,1,58902.48
13696,7872,74,2,19606.62
13697,7873,30,1,4515.31
13698,7874,201,2,6413.82
13699,7875,242,1,7760.54
13700,7875,84,1,21775.73
13701,7876,87,1,40760.7
13702,7877,44,3,17550.89
13703,7878,74,1,19170.92
13704,7878,108,3,34608.95
13705,7878,242,1,7547.67
13706,7879,251,1,1120.13
13707,7879,268,1,13902.63
13708,7880,125,1,1144.96
13709,7880,47,1,5057.0
13710,7880,290,1,2537.38
13711,7880,25,4,2344.88
13712,7881,12,1,30435.68
13713,7881,229,1,48081.24
13714,7881,6,1,36868.31
13715,7881,166,1,54441.35
13716,7882,269,1,6840.19
13717,7883,283,2,1123.6
13718,7883,58,1,6502.06
13719,7883,51,1,707.17
13720,7884,65,2,1157.62
13721,7884,136,3,493.7
13722,7885,235,3,33398.27
13723,7886,60,1,31243.59
13724,7886,55,1,638.48
13725,7886,127,1,34794.55
13726,7887,185,3,2632.57
13727,7888,91,3,4410.69
13728,7889,14,1,29648.58
13729,7890,282,2,933.88
13730,7890,263,1,1154.25
13731,7890,142,3,12582.15
13732,7891,172,1,19705.19
13733,7891,104,2,10497.39
13734,7891,135,1,3052.69
13735,7892,236,1,2183.65
13736,7893,109,1,13227.9
13737,7893,239,1,6603.44
13738,7894,94,2,1609.25
13739,7895,67,1,5328.02
13740,7895,80,1,74156.59
13741,7895,144,1,5184.01
13742,7896,293,2,1236.56
13743,7897,197,1,1017.59
13744,7898,92,2,57552.38
13745,7898,39,1,6727.35
13746,7899,72,2,5751.7
13747,7899,118,2,6025.81
13748,7900,138,3,62354.19
13749,7901,70,1,2563.72
13750,7901,78,2,4235.21
13751,7902,54,1,15354.02
13752,7902,82,1,5151.59
13753,7903,251,1,1051.9
13754,7904,80,1,74921.31
13755,7905,60,1,32816.42
13756,7906,42,3,4544.25
13757,7906,17,3,263.5
13758,7907,267,1,3287.98
13759,7907,227,1,2141.39
13760,7908,56,1,8579.34
13761,7909,76,4,2943.1
13762,7909,7,1,457.1
13763,7910,11,3,1106.74
13764,7911,234,1,13347.16
13765,7912,112,1,6400.27
13766,7912,136,2,518.82
13767,7913,236,1,2024.65
13768,7914,107,1,5688.48
13769,7914,292,4,931.61
13770,7914,160,2,2896.24
13771,7915,56,1,8638.11
13772,7915,168,1,7048.6
13773,7915,96,1,50232.89
13774,7915,116,1,39546.81
13775,7916,201,1,6190.12
13776,7917,256,2,1776.28
13777,7918,152,1,6888.26
13778,7919,253,1,20392.3
13779,7920,114,1,5371.03
13780,7920,110,1,6905.99
13781,7920,252,1,7785.85
13782,7920,67,3,5415.12
13783,7921,49,1,13324.69
13784,7922,146,1,1125.61
13785,7923,36,4,2825.99
13786,7923,47,4,5598.32
13787,7924,190,2,16655.04
13788,7924,85,1,2863.31
13789,7925,38,1,1658.82
13790,7925,115,1,1481.6
13791,7926,255,1,49300.46
13792,7926,115,1,1532.65
13793,7927,94,1,1498.73
13794,7927,54,2,16302.81
13795,7928,89,3,1704.58
13796,7929,153,1,4541.63
13797,7930,117,2,1985.49
13798,7930,185,1,2614.73
13799,7931,134,1,2987.61
13800,7931,184,2,4824.51
13801,7932,251,1,1139.36
13802,7933,241,2,662.72
13803,7933,296,1,2405.92
13804,7933,24,2,18589.07
13805,7934,77,2,1397.38
13806,7934,48,1,924.14
13807,7935,221,2,1226.86
13808,7936,132,2,18503.31
13809,7936,4,1,5289.73
13810,7936,145,1,553.35
13811,7936,164,1,12679.88
13812,7937,62,1,14965.44
13813,7937,96,2,57404.95
13814,7938,90,1,17008.73
13815,7938,159,1,42868.25
13816,7938,48,1,941.35
13817,7939,142,2,12113.95
13818,7939,163,1,2044.27
13819,7940,160,3,3096.57
13820,7940,144,2,5098.39
13821,7941,220,1,596.56
13822,7942,207,2,14951.1
13823,7943,145,1,542.33
13824,7943,190,1,17020.83
13825,7944,28,1,391.17
13826,7944,82,1,4384.51
13827,7944,70,2,2632.72
13828,7945,229,1,47800.35
13829,7945,124,1,5438.85
13830,7945,46,1,1586.59
13831,7946,179,3,1371.91
13832,7947,190,1,14974.03
13833,7947,257,1,4149.37
13834,7948,187,1,1144.62
13835,7949,279,2,806.3
13836,7949,71,1,4847.03
13837,7950,146,1,1114.29
13838,7951,59,4,6570.63
13839,7951,127,1,34432.52
13840,7952,33,1,1104.75
13841,7952,111,1,6112.9
13842,7953,187,1,1089.24
13843,7953,96,1,56321.57
13844,7953,110,1,6987.78
13845,7954,175,1,6348.38
13846,7954,300,2,981.61
13847,7955,58,1,5958.92
13848,7956,191,1,51368.14
13849,7956,284,3,6218.28
13850,7957,3,3,7217.21
13851,7957,119,1,5641.7
13852,7958,113,1,1638.04
13853,7959,291,2,7744.45
13854,7960,5,1,71424.68
13855,7960,295,1,5357.12
13856,7960,188,1,77304.73
13857,7961,9,2,8423.4
13858,7962,276,2,51341.66
13859,7963,235,3,36949.58
13860,7963,224,3,4209.19
13861,7964,88,2,64018.16
13862,7965,80,1,75083.84
13863,7965,240,1,8334.52
13864,7966,54,3,14389.85
13865,7967,137,1,1742.46
13866,7968,264,1,1853.53
13867,7969,289,2,4321.53
13868,7969,36,1,2596.66
13869,7970,228,1,41745.3
13870,7971,213,1,5579.99
13871,7972,256,2,1611.78
13872,7972,74,1,17310.08
13873,7973,241,3,709.95
13874,7973,91,1,4743.85
13875,7974,124,2,5500.89
13876,7975,15,1,69610.84
13877,7975,204,2,78995.62
13878,7976,51,3,761.55
13879,7977,118,1,5339.55
13880,7978,12,2,33343.05
13881,7979,164,1,14179.21
13882,7979,157,1,4642.83
13883,7980,201,3,6032.06
13884,7980,135,1,2927.92
13885,7980,230,1,4748.5
13886,7981,160,2,2795.14
13887,7982,41,1,8089.37
13888,7983,20,1,698.64
13889,7983,57,1,50905.79
13890,7983,242,3,7292.33
13891,7984,124,3,5687.39
13892,7985,38,1,1647.86
13893,7985,119,1,5562.45
13894,7985,250,2,3807.66
13895,7986,241,2,732.84
13896,7986,97,1,5219.71
13897,7987,84,1,20942.98
13898,7987,134,2,3076.85
13899,7987,90,2,16361.83
13900,7988,196,1,312.43
13901,7988,203,1,5683.12
13902,7989,182,2,44341.08
13903,7990,256,1,1788.78
13904,7990,170,3,44794.85
13905,7991,202,1,26760.65
13906,7992,121,1,72194.47
13907,7992,71,1,4784.72
13908,7993,144,1,4858.56
13909,7994,192,3,14360.02
13910,7994,20,1,755.68
13911,7995,142,1,13916.95
13912,7996,49,1,11865.32
13913,7997,76,2,2882.57
13914,7998,220,1,577.6
13915,7999,101,1,456.21
13916,8000,202,2,24927.72
13917,8001,159,1,46090.16
13918,8001,102,4,2766.16
13919,8001,143,1,1784.04
13920,8002,238,3,1542.73
13921,8002,167,1,22814.58
13922,8003,242,1,8035.17
13923,8003,90,2,15664.14
13924,8004,159,1,40994.95
13925,8004,93,3,4227.08
13926,8005,294,1,1221.6
13927,8006,264,1,1697.49
13928,8006,80,2,80809.49
13929,8007,59,1,6337.96
13930,8007,89,1,1758.78
13931,8008,19,1,9328.99
13932,8009,3,1,7148.37
13933,8009,9,1,8561.69
13934,8010,45,1,617.06
13935,8010,206,4,8017.54
13936,8010,246,1,361.32
13937,8010,16,1,5674.43
13938,8011,189,2,18655.91
13939,8012,175,1,6638.44
13940,8013,58,3,6949.68
13941,8013,197,1,1007.56
13942,8014,204,2,75761.19
13943,8015,287,1,1221.31
13944,8016,50,2,41750.33
13945,8017,11,1,953.56
13946,8018,123,2,3867.61
13947,8018,211,3,3955.62
13948,8019,300,1,1075.46
13949,8019,184,1,5141.07
13950,8019,95,1,2254.28
13951,8019,69,2,5682.81
13952,8020,204,3,76576.52
13953,8020,210,1,15318.99
13954,8021,2,2,1826.13
13955,8021,274,3,69902.61
13956,8021,90,2,15901.93
13957,8022,165,1,7823.29
13958,8023,92,2,60168.37
13959,8024,96,3,49988.51
13960,8025,252,2,8137.94
13961,8026,151,1,2632.36
13962,8026,52,3,1530.88
13963,8027,102,3,2634.7
13964,8027,97,1,5121.36
13965,8027,228,1,43805.57
13966,8027,49,1,13891.26
13967,8028,118,3,5656.26
13968,8029,143,1,1766.05
13969,8029,32,1,2599.59
13970,8029,82,1,4839.01
13971,8030,168,1,7242.3
13972,8030,54,3,16163.75
13973,8031,173,1,26648.34
13974,8032,130,4,36455.36
13975,8032,260,2,20294.78
13976,8033,142,2,12136.91
13977,8034,147,1,16400.92
13978,8034,93,1,4182.78
13979,8035,18,2,1487.25
13980,8035,291,1,7726.76
13981,8036,84,1,23686.74
13982,8036,44,1,18797.0
13983,8037,27,2,3164.19
13984,8037,215,1,5917.03
13985,8038,117,1,1961.45
13986,8038,159,2,45253.42
13987,8039,33,2,1127.04
13988,8040,116,1,44163.68
13989,8040,96,1,54628.74
13990,8040,203,1,5189.85
13991,8041,214,1,32567.65
13992,8042,47,1,5785.51
13993,8042,259,2,26869.57
13994,8043,280,1,28622.88
13995,8043,27,1,3551.97
13996,8044,250,1,4362.48
13997,8045,241,1,656.06
13998,8046,224,1,4135.66
13999,8047,300,1,1037.88
14000,8048,288,2,1200.44
14001,8048,113,1,1716.48
14002,8049,283,1,1223.84
14003,8049,51,1,712.83
14004,8049,61,2,4691.49
14005,8050,221,1,1367.11
14006,8051,266,1,3642.0
14007,8051,61,1,4266.86
14008,8051,238,1,1518.73
14009,8052,236,1,2064.46
14010,8052,131,2,3337.44
14011,8053,262,1,5471.45
14012,8053,160,1,2789.24
14013,8054,165,1,7042.79
14014,8054,169,2,7150.95
14015,8054,178,1,13641.43
14016,8055,156,2,5551.81
14017,8055,273,1,1468.93
14018,8056,128,1,5664.98
14019,8057,79,1,2565.11
14020,8057,187,1,1116.99
14021,8058,144,1,4734.54
14022,8058,248,1,685.68
14023,8059,261,1,1565.48
14024,8059,286,3,1892.11
14025,8059,257,1,3962.24
14026,8060,200,1,1034.16
14027,8060,140,2,10204.06
14028,8061,284,2,6162.56
14029,8061,118,1,6227.76
14030,8061,289,3,4582.17
14031,8062,292,3,985.34
14032,8063,196,1,279.33
14033,8063,294,1,1177.93
14034,8064,85,1,2785.19
14035,8064,19,1,9411.51
14036,8065,156,2,5878.38
14037,8066,98,1,4339.02
14038,8066,272,3,38158.61
14039,8067,201,1,6305.47
14040,8067,39,2,6907.8
14041,8068,184,2,5221.39
14042,8068,223,1,5563.77
14043,8069,117,3,1971.56
14044,8069,284,1,6469.16
14045,8070,221,1,1248.26
14046,8070,216,1,63467.38
14047,8071,97,2,5902.25
14048,8071,285,1,395.22
14049,8071,202,1,24892.92
14050,8072,217,1,3368.78
14051,8073,242,1,7312.51
14052,8074,296,2,2714.23
14053,8074,207,2,15249.23
14054,8074,289,1,4606.75
14055,8074,74,2,19224.96
14056,8075,189,1,18742.63
14057,8076,137,1,1611.96
14058,8076,181,1,15031.22
14059,8076,264,1,1695.88
14060,8077,270,1,15341.82
14061,8077,22,3,3808.34
14062,8078,232,1,6057.98
14063,8079,287,1,1138.76
14064,8079,180,2,17395.11
14065,8080,182,1,45054.34
14066,8080,215,1,5032.25
14067,8081,293,2,1147.26
14068,8082,22,1,3523.23
14069,8083,242,1,7246.25
14070,8083,287,1,1077.09
14071,8084,8,3,2789.0
14072,8084,128,1,5304.85
14073,8085,212,1,9829.13
14074,8086,27,2,3311.35
14075,8087,60,1,34615.8
14076,8087,114,1,4576.5
14077,8088,280,1,26538.26
14078,8088,155,4,4974.57
14079,8089,266,2,3452.83
14080,8089,300,2,920.14
14081,8090,186,2,2612.76
14082,8090,181,1,14843.12
14083,8090,210,1,16997.51
14084,8091,14,1,32264.07
14085,8091,93,2,4570.81
14086,8092,22,1,3536.29
14087,8092,47,1,5522.62
14088,8093,123,2,4084.13
14089,8093,278,1,1631.64
14090,8094,260,3,21770.66
14091,8094,118,1,5819.61
14092,8095,109,1,11567.38
14093,8095,292,1,911.04
14094,8095,296,1,2341.85
14095,8095,171,1,3923.25
14096,8096,5,1,80475.82
14097,8097,118,2,6249.95
14098,8097,165,1,6779.25
14099,8098,220,1,643.19
14100,8099,294,1,1202.62
14101,8099,194,1,6100.69
14102,8100,146,1,1029.72
14103,8100,151,1,2702.46
14104,8101,153,2,4514.16
14105,8102,184,1,4826.42
14106,8102,96,1,52737.08
14107,8103,59,1,5892.97
14108,8103,241,4,738.53
14109,8104,222,2,9079.62
14110,8104,280,1,26388.1
14111,8104,211,1,3798.44
14112,8105,129,1,45136.98
14113,8105,266,2,3495.75
14114,8105,274,4,72542.64
14115,8106,197,1,1131.85
14116,8106,42,2,4896.36
14117,8107,270,2,16943.59
14118,8108,203,2,5733.22
14119,8108,77,1,1194.71
14120,8108,93,3,4123.21
14121,8108,36,2,2500.03
14122,8109,32,1,2630.44
14123,8109,116,1,42757.32
14124,8110,186,2,2832.52
14125,8110,183,1,8178.61
14126,8110,164,2,14780.54
14127,8111,180,2,15376.69
14128,8111,171,1,4516.86
14129,8112,188,1,79878.37
14130,8112,222,2,9805.34
14131,8112,261,3,1508.24
14132,8113,143,1,1828.66
14133,8113,187,2,1015.08
14134,8114,115,2,1374.96
14135,8115,252,1,8309.94
14136,8116,223,1,5406.89
14137,8117,52,3,1596.86
14138,8118,218,1,2288.56
14139,8119,39,1,7920.22
14140,8119,159,3,42569.27
14141,8120,262,1,5277.42
14142,8120,186,1,2820.92
14143,8121,17,1,280.62
14144,8121,153,1,4470.63
14145,8121,243,2,11030.33
14146,8122,188,3,73213.78
14147,8122,264,1,1738.51
14148,8122,120,3,3415.17
14149,8123,150,1,1555.24
14150,8124,245,3,1202.27
14151,8124,189,3,19439.62
14152,8125,213,1,5669.75
14153,8125,77,1,1348.42
14154,8125,214,1,33231.69
14155,8126,120,4,3246.85
14156,8126,295,1,5540.81
14157,8127,132,1,17744.95
14158,8128,152,1,6519.58
14159,8128,4,1,5596.42
14160,8128,286,2,1880.85
14161,8128,48,1,931.57
14162,8129,119,3,5418.19
14163,8129,106,1,40601.59
14164,8130,273,2,1326.51
14165,8130,195,1,2923.75
14166,8131,170,3,38620.33
14167,8132,206,2,8304.22
14168,8132,172,2,19675.74
14169,8132,122,1,20543.99
14170,8133,263,1,1045.0
14171,8133,161,3,6301.97
14172,8133,287,1,1168.17
14173,8134,20,1,819.99
14174,8134,60,2,30087.82
14175,8134,140,2,10103.1
14176,8135,39,3,7567.82
14177,8136,72,2,5675.99
14178,8137,234,2,15556.31
14179,8137,94,1,1471.67
14180,8137,108,1,37432.67
14181,8137,35,3,45021.8
14182,8138,42,3,4494.42
14183,8138,266,3,3448.5
14184,8138,70,2,2421.66
14185,8139,17,1,280.39
14186,8139,105,1,10922.82
14187,8139,117,1,1801.25
14188,8140,232,1,5614.75
14189,8140,91,1,4511.44
14190,8141,23,1,737.29
14191,8142,293,1,1166.86
14192,8142,152,1,6835.37
14193,8143,114,1,4650.39
14194,8144,6,1,37550.44
14195,8145,74,2,19714.16
14196,8146,210,1,14856.11
14197,8147,254,1,12548.72
14198,8147,289,1,4610.43
14199,8148,194,1,6981.66
14200,8148,108,1,39218.32
14201,8148,112,1,5922.15
14202,8149,277,1,8543.71
14203,8150,111,1,6386.92
14204,8150,266,2,3524.99
14205,8150,258,1,4875.28
14206,8151,105,2,10015.75
14207,8152,146,1,1106.17
14208,8152,63,2,1855.85
14209,8152,198,1,9502.9
14210,8153,100,1,8183.46
14211,8154,64,1,1721.02
14212,8155,275,2,1158.21
14213,8155,171,1,4250.02
14214,8156,128,1,5432.95
14215,8157,42,2,4561.87
14216,8157,150,1,1525.03
14217,8158,18,1,1523.59
14218,8158,44,1,17991.35
14219,8159,32,1,2933.28
14220,8160,69,1,5974.21
14221,8160,290,1,2644.36
14222,8161,278,1,1556.78
14223,8161,155,1,5309.03
14224,8162,275,4,1189.28
14225,8163,135,1,2959.73
14226,8163,89,1,1517.99
14227,8164,201,1,5767.6
14228,8164,211,1,4245.51
14229,8164,122,1,17664.82
14230,8164,207,1,15772.05
14231,8165,181,3,13546.84
14232,8166,127,3,37553.27
14233,8167,263,1,1130.53
14234,8168,215,1,5926.44
14235,8168,29,1,33196.93
14236,8169,269,2,6718.78
14237,8169,286,1,1710.13
14238,8169,233,2,6461.81
14239,8169,141,2,4658.46
14240,8170,166,2,57270.57
14241,8170,44,1,18886.42
14242,8170,191,1,45933.66
14243,8171,122,1,17977.44
14244,8171,252,1,7797.61
14245,8172,147,1,15744.28
14246,8173,225,1,5243.45
14247,8173,176,2,61585.52
14248,8174,282,1,1020.23
14249,8175,253,1,19398.71
14250,8176,252,1,8473.8
14251,8177,82,1,4799.39
14252,8177,18,2,1605.58
14253,8178,157,1,4531.74
14254,8178,215,2,5238.37
14255,8178,222,1,8878.64
14256,8179,41,2,8581.4
14257,8179,261,1,1592.05
14258,8180,251,1,1143.64
14259,8181,281,1,5911.32
14260,8182,31,1,5093.27
14261,8182,162,1,39974.71
14262,8183,87,1,38121.46
14263,8184,214,1,32776.83
14264,8185,95,1,2311.43
14265,8185,292,1,983.32
14266,8185,280,1,26077.03
14267,8186,268,1,13418.31
14268,8186,297,3,4272.85
14269,8187,163,1,2074.38
14270,8187,162,1,39974.98
14271,8187,143,1,1815.27
14272,8188,157,1,4179.25
14273,8188,178,1,13931.03
14274,8188,163,1,1980.85
14275,8189,71,1,4720.68
14276,8189,193,2,16763.97
14277,8190,102,1,2653.78
14278,8191,21,1,23861.56
14279,8191,297,1,4571.68
14280,8192,89,1,1537.02
14281,8193,167,2,22180.09
14282,8194,184,3,4984.83
14283,8194,55,1,693.88
14284,8195,71,1,4542.76
14285,8196,142,2,13909.51
14286,8197,183,1,7260.81
14287,8198,297,2,4189.08
14288,8198,271,2,16358.81
14289,8198,297,1,4368.06
14290,8199,231,1,13876.89
14291,8199,226,1,6572.2
14292,8200,161,1,5889.44
14293,8201,113,1,1641.96
14294,8201,84,1,21195.86
14295,8202,217,1,3255.83
14296,8203,124,1,5289.37
14297,8204,285,1,395.67
14298,8205,26,1,2465.88
14299,8205,161,2,6339.03
14300,8206,44,1,17180.75
14301,8207,124,1,4917.45
14302,8208,300,1,1067.75
14303,8209,69,1,5734.39
14304,8209,276,1,47567.25
14305,8209,277,1,8951.37
14306,8210,186,2,2830.78
14307,8211,283,2,1126.03
14308,8211,189,1,19321.56
14309,8212,265,2,9509.12
14310,8213,85,1,2694.44
14311,8213,90,2,17229.99
14312,8214,118,1,5311.61
14313,8215,271,1,16291.46
14314,8216,62,1,13359.93
14315,8217,297,2,4445.68
14316,8217,286,2,1650.66
14317,8218,152,1,7046.88
14318,8219,245,3,1159.16
14319,8220,22,1,3768.75
14320,8220,89,1,1734.11
14321,8221,107,1,5339.13
14322,8221,109,1,13121.53
14323,8221,38,1,1655.03
14324,8221,4,3,5291.02
14325,8222,119,3,5564.61
14326,8222,81,3,3815.19
14327,8222,287,2,1184.51
14328,8223,80,2,82102.63
14329,8223,240,1,8114.26
14330,8223,47,1,5505.05
14331,8223,293,1,1245.94
14332,8224,275,3,1063.54
14333,8225,15,1,65835.74
14334,8225,7,1,405.45
14335,8226,267,1,3229.1
14336,8226,169,1,6514.49
14337,8227,204,4,80625.85
14338,8228,126,2,928.01
14339,8229,24,2,19958.55
14340,8230,121,2,72362.35
14341,8230,238,2,1568.69
14342,8230,46,1,1586.5
14343,8230,103,1,2019.07
14344,8231,238,2,1518.25
14345,8231,171,3,4335.13
14346,8232,98,1,4878.61
14347,8233,197,1,995.38
14348,8233,206,2,7828.22
14349,8234,209,1,2318.15
14350,8234,95,1,2592.51
14351,8235,273,4,1401.26
14352,8236,273,2,1385.72
14353,8237,186,1,2713.0
14354,8237,69,3,5573.3
14355,8238,111,1,6636.78
14356,8239,250,2,4133.0
14357,8240,245,1,1212.3
14358,8240,224,1,3973.61
14359,8241,146,1,1078.45
14360,8242,262,1,5250.82
14361,8242,102,1,2578.97
14362,8243,297,2,3935.25
14363,8244,282,1,1024.43
14364,8244,174,3,7916.31
14365,8244,298,1,247.6
14366,8245,219,1,1570.73
14367,8246,84,1,23681.92
14368,8246,172,1,20301.52
14369,8247,82,3,4749.83
14370,8248,269,1,7350.21
14371,8249,284,1,6159.25
14372,8250,186,1,2687.25
14373,8251,1,2,447.2
14374,8252,254,1,13661.25
14375,8252,72,1,5710.23
14376,8253,80,1,77219.21
14377,8253,11,2,1050.84
14378,8254,14,4,31356.93
14379,8254,278,1,1642.77
14380,8254,30,1,4714.02
14381,8255,161,1,6139.23
14382,8255,196,1,277.82
14383,8256,189,2,20418.46
14384,8257,251,1,1033.2
14385,8257,248,1,670.51
14386,8257,73,1,459.99
14387,8258,209,1,2078.34
14388,8259,178,1,13222.4
14389,8260,66,2,1590.74
14390,8261,158,2,56880.16
14391,8262,212,3,10048.23
14392,8262,198,1,9032.74
14393,8263,174,1,6652.76
14394,8264,70,1,2305.21
14395,8265,240,1,8620.02
14396,8266,67,1,4946.36
14397,8267,131,1,3473.06
14398,8267,234,2,15273.96
14399,8268,272,2,38668.77
14400,8269,15,1,72536.23
14401,8270,259,2,26894.33
14402,8270,209,1,2305.78
14403,8270,51,1,729.24
14404,8271,22,2,3657.95
14405,8271,59,2,6134.43
14406,8272,31,1,5022.3
14407,8272,96,1,57647.79
14408,8272,73,1,441.2
14409,8272,35,1,42896.81
14410,8273,103,4,1765.8
14411,8274,248,1,631.68
14412,8274,297,2,4082.64
14413,8275,258,1,5452.4
14414,8276,137,2,1744.26
14415,8276,196,1,285.29
14416,8277,129,1,50670.3
14417,8277,173,1,26666.19
14418,8278,232,3,5902.35
14419,8279,109,1,11756.84
14420,8280,81,1,3849.88
14421,8281,262,1,5913.17
14422,8282,180,1,16461.36
14423,8282,155,2,5241.25
14424,8283,210,3,15700.45
14425,8284,2,1,1885.32
14426,8284,257,3,3720.39
14427,8285,252,1,8056.59
14428,8285,37,1,45370.98
14429,8286,86,1,3449.95
14430,8287,197,1,1055.92
14431,8288,241,1,672.24
14432,8289,2,1,2037.15
14433,8290,50,2,41584.23
14434,8290,150,3,1689.31
14435,8290,36,1,2780.94
14436,8290,109,1,12965.76
14437,8291,156,1,5901.99
14438,8291,245,1,1145.63
14439,8291,67,1,5454.88
14440,8291,219,1,1468.34
14441,8292,81,4,3864.27
14442,8293,208,1,7677.66
14443,8294,60,1,34848.08
14444,8294,51,1,728.58
14445,8295,234,1,15323.69
14446,8295,94,1,1575.17
14447,8295,279,3,858.95
14448,8296,87,1,43216.46
14449,8296,65,1,1133.35
14450,8297,59,1,6259.8
14451,8297,110,1,6687.02
14452,8298,127,2,38954.53
14453,8299,63,1,1882.05
14454,8299,128,1,5625.39
14455,8299,206,3,7406.28
14456,8300,105,1,10672.26
14457,8300,2,2,1959.24
14458,8301,239,1,7121.99
14459,8302,8,3,3053.82
14460,8303,208,3,6924.79
14461,8304,67,1,5460.07
14462,8305,239,1,6673.15
14463,8305,153,3,4552.82
14464,8305,243,2,11386.91
14465,8306,107,1,5362.28
14466,8306,67,1,5085.63
14467,8307,23,1,785.25
14468,8308,284,2,6335.26
14469,8309,260,3,21237.75
14470,8310,196,1,305.7
14471,8310,256,3,1598.98
14472,8311,240,1,8667.39
14473,8311,15,1,72772.99
14474,8311,279,1,822.87
14475,8311,290,1,2443.63
14476,8312,245,1,1099.16
14477,8313,195,1,2707.87
14478,8314,168,1,6909.52
14479,8315,122,1,19884.57
14480,8315,144,1,5353.06
14481,8316,70,1,2517.69
14482,8316,165,1,7411.83
14483,8317,98,1,4245.74
14484,8318,263,1,1061.84
14485,8318,16,2,5762.61
14486,8318,20,1,774.52
14487,8319,257,2,3620.23
14488,8319,117,3,1900.35
14489,8320,169,2,7005.81
14490,8321,86,1,3941.11
14491,8322,68,1,48041.24
14492,8322,134,1,2834.55
14493,8323,39,1,7439.09
14494,8323,181,1,14765.15
14495,8323,40,2,1680.54
14496,8324,232,1,5630.72
14497,8324,120,1,3547.09
14498,8325,3,2,7555.47
14499,8325,139,1,3507.24
14500,8325,130,1,35158.28
14501,8326,18,1,1466.65
14502,8327,88,2,61600.43
14503,8328,87,1,39592.63
14504,8329,221,1,1314.82
14505,8330,231,2,16169.51
14506,8330,83,1,6287.42
14507,8331,280,1,30453.66
14508,8331,71,4,4894.92
14509,8331,159,1,40146.34
14510,8332,52,1,1656.88
14511,8333,47,2,5339.72
14512,8334,151,3,2740.88
14513,8334,74,1,19477.71
14514,8335,16,2,5697.78
14515,8335,295,1,5414.14
14516,8336,210,2,16789.55
14517,8337,204,2,76923.42
14518,8337,266,1,3566.28
14519,8338,219,1,1512.47
14520,8338,59,1,6599.91
14521,8339,270,1,15685.96
14522,8339,149,1,4608.8
14523,8340,257,1,4191.08
14524,8340,265,1,8680.09
14525,8340,3,1,6727.79
14526,8340,256,1,1753.12
14527,8341,24,1,20680.01
14528,8341,235,1,34583.49
14529,8342,200,1,981.34
14530,8342,56,1,9766.95
14531,8342,280,2,30177.95
14532,8343,132,2,15942.35
14533,8343,112,2,6006.96
14534,8343,295,1,5396.73
14535,8344,167,2,24010.61
14536,8344,73,1,488.08
14537,8345,259,2,26496.68
14538,8346,41,2,9042.64
14539,8347,181,3,14670.27
14540,8347,124,3,5016.66
14541,8348,250,1,4227.82
14542,8349,46,1,1628.12
14543,8349,176,1,60585.32
14544,8349,142,2,12912.7
14545,8349,148,1,47859.03
14546,8350,186,1,3077.39
14547,8351,111,1,6475.59
14548,8351,119,1,5006.47
14549,8352,92,1,64373.98
14550,8353,76,1,3056.03
14551,8353,284,2,6392.69
14552,8354,139,2,3122.35
14553,8354,106,1,40650.98
14554,8355,238,3,1494.86
14555,8356,40,1,1518.57
14556,8357,246,1,400.94
14557,8358,1,3,426.05
14558,8359,2,3,1997.77
14559,8360,80,1,74002.79
14560,8361,14,1,32589.0
14561,8361,149,1,4499.89
14562,8361,276,1,52407.65
14563,8362,51,1,779.92
14564,8363,69,2,5408.63
14565,8364,37,1,48253.46
14566,8365,122,1,19540.62
14567,8365,129,1,46988.87
14568,8366,34,3,1849.06
14569,8367,283,2,1246.52
14570,8368,101,1,420.89
14571,8369,67,1,5462.27
14572,8370,229,2,49434.06
14573,8370,199,1,1680.97
14574,8371,16,1,5877.55
14575,8371,285,2,343.66
14576,8371,135,2,2848.08
14577,8372,244,1,70300.19
14578,8372,185,1,2638.69
14579,8372,240,1,8531.12
14580,8373,86,1,3672.41
14581,8373,65,1,1078.74
14582,8374,247,1,5227.4
14583,8375,252,1,8000.62
14584,8376,2,1,1842.35
14585,8376,30,2,5161.89
14586,8377,129,1,50628.73
14587,8377,96,1,50032.29
14588,8377,256,1,1822.29
14589,8378,167,1,24745.69
14590,8378,35,1,43132.58
14591,8378,140,1,10423.14
14592,8379,58,1,6179.57
14593,8379,214,1,29494.13
14594,8379,197,1,980.9
14595,8379,175,3,6598.56
14596,8380,95,1,2477.45
14597,8380,190,2,15091.04
14598,8381,75,1,38345.02
14599,8382,86,1,3867.87
14600,8382,157,3,4349.41
14601,8382,59,2,6432.22
14602,8382,190,1,14919.66
14603,8383,267,1,3011.78
14604,8384,215,4,5201.87
14605,8385,60,2,35690.53
14606,8385,115,1,1554.36
14607,8385,222,1,9552.48
14608,8386,177,2,4908.32
14609,8386,235,1,34511.33
14610,8387,276,1,50535.9
14611,8388,216,1,63707.54
14612,8388,286,1,1788.61
14613,8389,95,1,2493.56
14614,8389,190,1,16262.8
14615,8390,117,2,1858.71
14616,8391,162,1,39087.45
14617,8391,167,1,23103.61
14618,8392,223,1,5693.48
14619,8393,195,1,2581.38
14620,8394,273,1,1456.86
14621,8395,207,1,14956.57
14622,8395,68,2,51468.02
14623,8396,155,2,5487.5
14624,8397,112,1,6554.71
14625,8397,163,3,1896.7
14626,8398,7,1,394.58
14627,8398,294,1,1140.63
14628,8398,291,1,7482.87
14629,8399,158,3,56858.13
14630,8400,246,2,384.18
14631,8400,231,1,13720.71
14632,8401,23,1,711.5
14633,8402,42,1,4280.69
14634,8403,261,1,1634.47
14635,8403,54,1,13894.68
14636,8404,213,1,5617.31
14637,8404,291,1,8113.57
14638,8404,259,1,28839.24
14639,8405,287,1,1055.09
14640,8405,256,1,1727.23
14641,8405,3,1,7059.68
14642,8406,75,2,40307.8
14643,8406,292,2,951.37
14644,8406,88,1,56534.99
14645,8407,22,1,3637.37
14646,8408,102,1,2803.54
14647,8409,30,2,4725.45
14648,8409,209,3,2030.27
14649,8409,258,3,5317.81
14650,8410,198,3,9739.58
14651,8410,209,2,2311.17
14652,8410,147,1,17659.7
14653,8411,214,1,31716.18
14654,8412,164,2,13658.36
14655,8413,103,3,1976.9
14656,8413,136,1,535.65
14657,8414,17,1,287.98
14658,8414,98,1,4443.86
14659,8415,185,1,2898.19
14660,8415,245,1,1046.86
14661,8416,72,3,5616.02
14662,8417,172,2,19901.29
14663,8418,183,3,8171.3
14664,8418,230,1,4412.34
14665,8418,68,1,45343.39
14666,8419,48,1,826.81
14667,8420,254,1,13765.15
14668,8420,74,2,17265.62
14669,8420,49,3,13479.53
14670,8421,122,1,19357.53
14671,8421,93,2,4350.42
14672,8421,68,3,46275.95
14673,8422,21,1,23396.83
14674,8422,184,2,5526.7
14675,8422,70,3,2608.63
14676,8423,215,2,5801.84
14677,8424,93,1,4183.53
14678,8424,69,1,5547.62
14679,8425,251,2,1145.72
14680,8425,4,2,5811.78
14681,8426,27,2,3279.25
14682,8427,182,4,45674.61
14683,8428,16,2,5287.19
14684,8429,295,1,5302.1
14685,8430,123,4,4060.64
14686,8431,99,2,18764.97
14687,8432,98,3,4160.57
14688,8432,191,1,46190.59
14689,8433,101,3,420.32
14690,8433,15,4,68848.51
14691,8433,5,2,80692.95
14692,8434,171,2,3903.45
14693,8434,38,1,1571.96
14694,8435,169,1,7475.46
14695,8435,292,2,932.33
14696,8435,171,2,4152.29
14697,8436,240,1,8257.43
14698,8437,146,1,1007.92
14699,8437,56,1,9005.37
14700,8438,136,1,499.31
14701,8439,192,1,12682.54
14702,8440,260,2,22300.96
14703,8440,124,1,5487.08
14704,8441,4,1,5187.93
14705,8441,165,1,7384.42
14706,8441,113,1,1841.45
14707,8442,251,1,1028.53
14708,8443,126,1,906.83
14709,8443,184,1,5082.33
14710,8444,249,3,47541.1
14711,8445,175,1,6097.93
14712,8445,117,2,1879.57
14713,8446,110,1,6458.98
14714,8447,27,1,3178.04
14715,8448,60,1,34382.68
14716,8449,37,1,42434.97
14717,8450,65,3,1064.11
14718,8450,37,3,47585.0
14719,8451,206,3,7910.53
14720,8451,182,2,45520.12
14721,8452,236,1,2154.19
14722,8452,160,2,2767.04
14723,8452,92,1,58914.86
14724,8453,75,1,41080.53
14725,8453,28,1,419.76
14726,8453,57,1,49389.11
14727,8454,151,1,2772.09
14728,8455,273,1,1341.73
14729,8455,110,1,7060.08
14730,8456,176,1,62537.93
14731,8457,80,3,73875.05
14732,8458,254,1,12924.71
14733,8458,23,1,784.58
14734,8458,80,2,80223.17
14735,8459,297,2,4342.31
14736,8459,143,1,1750.88
14737,8459,233,2,6875.96
14738,8460,78,1,3768.46
14739,8461,249,1,42337.46
14740,8461,48,2,943.94
14741,8461,129,1,49923.02
14742,8462,117,1,1985.16
14743,8462,276,1,51956.35
14744,8463,1,1,424.65
14745,8464,288,1,1114.48
14746,8464,267,3,2995.28
14747,8465,95,1,2309.21
14748,8466,135,1,2758.49
14749,8467,224,1,3981.59
14750,8467,38,1,1628.62
14751,8468,82,1,4905.47
14752,8468,141,2,4546.37
14753,8468,243,1,10404.37
14754,8468,262,1,5066.14
14755,8469,151,3,2854.16
14756,8469,288,2,1152.25
14757,8470,291,3,7441.18
14758,8471,1,2,429.51
14759,8472,174,2,7183.31
14760,8473,293,3,1189.83
14761,8474,80,1,74632.91
14762,8475,98,4,4668.45
14763,8475,95,1,2196.1
14764,8476,213,4,5410.04
14765,8476,130,2,37134.37
14766,8477,226,2,6060.96
14767,8477,109,1,12891.92
14768,8478,272,1,40800.53
14769,8478,78,1,4224.2
14770,8479,123,1,3908.55
14771,8480,257,3,4162.61
14772,8480,230,1,4426.9
14773,8480,112,3,6552.58
14774,8481,206,1,7178.15
14775,8481,138,1,61621.6
14776,8481,98,1,4909.1
14777,8481,88,1,62577.92
14778,8482,248,1,704.82
14779,8483,243,2,11536.52
14780,8484,268,1,14212.52
14781,8484,119,1,4962.79
14782,8484,171,4,4341.56
14783,8485,28,1,450.4
14784,8485,246,1,364.85
14785,8486,52,1,1704.1
14786,8486,188,1,80387.05
14787,8486,261,1,1492.19
14788,8486,237,1,4661.42
14789,8487,246,1,354.98
14790,8488,186,2,2620.1
14791,8488,286,2,1808.92
14792,8489,208,1,7798.39
14793,8489,197,1,983.63
14794,8490,12,4,30210.09
14795,8490,192,3,14573.86
14796,8491,29,1,36393.48
14797,8492,117,1,1707.97
14798,8492,125,1,1183.3
14799,8493,123,1,4108.41
14800,8494,237,1,4581.84
14801,8495,208,1,7489.02
14802,8495,20,1,750.51
14803,8495,114,2,4651.22
14804,8496,5,1,75538.69
14805,8497,245,1,1054.47
14806,8498,66,3,1368.99
14807,8499,128,1,5690.6
14808,8499,259,1,29485.67
14809,8500,225,1,4601.08
14810,8501,267,1,3075.58
14811,8501,103,2,1854.2
14812,8501,89,2,1608.84
14813,8501,148,1,44315.98
14814,8502,205,1,9495.43
14815,8502,267,2,3134.84
14816,8503,212,2,9483.85
14817,8503,269,1,6356.47
14818,8503,1,1,468.88
14819,8504,262,2,5134.45
14820,8505,113,1,1833.3
14821,8505,46,3,1600.49
14822,8506,46,2,1449.55
14823,8506,117,1,1743.45
14824,8506,104,1,11511.05
14825,8507,22,3,3914.36
14826,8507,80,3,72456.52
14827,8507,148,1,44904.4
14828,8507,23,1,785.99
14829,8508,85,2,2757.21
14830,8508,296,1,2473.81
14831,8509,280,2,26412.53
14832,8509,151,1,2700.77
14833,8509,137,1,1721.17
14834,8510,44,3,18541.24
14835,8511,278,1,1572.34
14836,8512,71,3,4743.23
14837,8513,51,2,725.86
14838,8514,12,1,30094.13
14839,8514,268,2,15035.75
14840,8514,91,3,4637.77
14841,8515,127,2,34965.25
14842,8516,20,3,770.57
14843,8517,87,1,37734.48
14844,8518,75,1,41291.21
14845,8518,299,1,1086.27
14846,8519,131,3,3590.72
14847,8520,66,3,1407.62
14848,8520,202,2,24076.08
14849,8520,72,2,5063.55
14850,8521,250,1,3751.19
14851,8521,279,1,869.68
14852,8521,17,2,296.22
14853,8522,143,1,1730.4
14854,8523,74,1,19367.06
14855,8524,256,1,1538.43
14856,8525,41,1,8138.49
14857,8526,124,1,5520.97
14858,8527,105,3,10341.79
14859,8527,142,1,12705.7
14860,8528,53,1,45348.04
14861,8529,37,1,41181.17
14862,8530,71,1,4501.8
14863,8530,205,1,8698.36
14864,8530,276,1,47576.86
14865,8531,290,1,2532.41
14866,8531,193,1,19138.36
14867,8532,4,1,5963.65
14868,8532,260,3,19804.67
14869,8533,276,1,47688.26
14870,8533,164,1,13122.25
14871,8534,167,2,23282.54
14872,8534,246,2,366.13
14873,8534,106,1,41408.23
14874,8535,105,1,9642.42
14875,8535,224,2,3891.21
14876,8536,74,3,17763.42
14877,8537,249,1,47892.25
14878,8538,165,1,7675.49
14879,8538,92,3,59865.1
14880,8539,283,2,1120.72
14881,8540,44,1,19288.08
14882,8540,251,1,1082.67
14883,8540,160,2,3151.03
14884,8541,73,1,473.98
14885,8542,185,1,2902.98
14886,8542,287,1,1080.65
14887,8543,52,1,1731.78
14888,8543,158,1,58637.58
14889,8543,213,2,4988.5
14890,8543,127,1,35693.13
14891,8544,69,1,5906.62
14892,8545,87,1,39926.52
14893,8546,125,1,1101.09
14894,8547,189,1,17606.36
14895,8547,180,1,16686.74
14896,8547,174,1,7199.87
14897,8548,110,1,6578.78
14898,8548,248,1,618.58
14899,8549,133,2,4729.94
14900,8549,275,1,1154.22
14901,8549,96,1,54200.35
14902,8550,224,2,4006.29
14903,8551,167,3,22816.64
14904,8551,56,1,8742.15
14905,8552,27,1,3514.01
14906,8552,40,1,1577.29
14907,8553,141,1,3938.42
14908,8554,161,2,6343.47
14909,8554,203,2,5150.54
14910,8554,47,1,5718.58
14911,8555,56,2,9783.68
14912,8555,186,2,2929.85
14913,8555,174,1,7543.94
14914,8556,49,1,13139.73
14915,8556,175,2,6869.63
14916,8557,70,2,2266.5
14917,8558,93,1,4630.06
14918,8559,26,1,2490.83
14919,8560,21,1,24314.84
14920,8561,252,1,7705.93
14921,8561,288,1,1103.55
14922,8562,177,2,5426.7
14923,8563,30,2,5302.71
14924,8564,104,3,11432.32
14925,8565,106,1,35990.77
14926,8566,120,3,3186.56
14927,8567,56,1,10165.84
14928,8568,41,3,8398.4
14929,8568,277,1,8129.46
14930,8569,255,1,53946.0
14931,8570,16,2,5513.29
14932,8571,92,3,59170.83
14933,8572,41,1,8206.47
14934,8573,22,2,3845.75
14935,8574,194,1,7033.29
14936,8574,108,2,39753.13
14937,8574,165,1,7218.74
14938,8574,73,3,457.76
14939,8575,217,1,3433.97
14940,8576,123,2,3953.14
14941,8576,36,2,2694.75
14942,8576,259,1,26104.16
14943,8577,89,1,1806.96
14944,8577,224,1,4302.47
14945,8577,206,1,7544.02
14946,8578,74,2,18155.92
14947,8578,76,2,2734.63
14948,8578,97,1,5373.93
14949,8578,268,1,14069.57
14950,8579,130,4,40091.63
14951,8579,223,1,5242.48
14952,8579,49,2,12063.96
14953,8580,23,1,748.53
14954,8580,86,2,3960.42
14955,8580,55,1,615.09
14956,8581,93,1,4726.19
14957,8582,85,1,2611.94
14958,8583,57,3,47084.08
14959,8583,289,2,4341.71
14960,8584,83,3,5867.98
14961,8584,7,2,393.85
14962,8585,128,2,5844.67
14963,8585,231,2,15698.82
14964,8586,255,1,47196.87
14965,8587,112,2,6268.17
14966,8588,204,2,70027.07
14967,8588,42,2,4158.8
14968,8589,21,2,22325.04
14969,8589,224,1,4162.99
14970,8590,153,3,4674.81
14971,8591,2,1,2043.47
14972,8592,71,1,4786.97
14973,8592,118,1,6020.04
14974,8592,1,1,481.51
14975,8593,92,1,56843.04
14976,8593,170,1,40826.37
14977,8593,14,1,33070.39
14978,8594,60,3,32383.44
14979,8595,170,1,44429.34
14980,8595,195,1,2640.21
14981,8596,200,1,930.69
14982,8597,79,1,2478.28
14983,8598,41,1,7675.52
14984,8599,73,2,449.62
14985,8600,167,2,25392.71
14986,8601,178,1,12917.94
14987,8602,285,1,370.04
14988,8602,178,2,14141.02
14989,8603,235,2,31582.27
14990,8604,255,3,48707.07
14991,8604,133,3,4693.76
14992,8605,60,1,30642.39
14993,8606,62,3,13806.29
14994,8606,297,1,4382.24
14995,8606,83,3,5652.7
14996,8606,111,2,5840.11
14997,8607,111,1,6447.42
14998,8607,291,1,7936.93
14999,8608,39,1,7543.35
15000,8608,47,1,4888.7
15001,8608,193,1,18117.48
15002,8609,286,1,1772.82
15003,8610,192,1,14469.18
15004,8611,290,1,2468.68
15005,8612,153,2,4945.0
15006,8612,88,1,60145.89
15007,8612,54,1,14042.19
15008,8613,61,2,4622.85
15009,8613,248,2,706.16
15010,8614,181,1,15229.55
15011,8614,258,1,4871.49
15012,8614,42,1,4195.13
15013,8615,65,1,1004.26
15014,8615,89,1,1737.54
15015,8616,215,2,5446.96
15016,8617,295,1,5005.03
15017,8618,200,1,1035.63
15018,8619,230,1,4173.68
15019,8620,255,1,51581.43
15020,8620,239,1,7720.03
15021,8621,89,2,1623.81
15022,8621,263,1,1146.2
15023,8622,278,1,1540.15
15024,8622,207,3,15887.41
15025,8623,47,1,5391.78
15026,8624,215,2,5686.85
15027,8625,154,1,39122.61
15028,8626,220,1,653.29
15029,8626,14,1,29549.16
15030,8627,118,1,6286.35
15031,8628,159,2,41711.42
15032,8629,31,1,5524.44
15033,8629,152,3,6421.82
15034,8629,184,3,5183.36
15035,8630,176,1,63245.34
15036,8631,240,2,8850.37
15037,8631,128,2,5670.78
15038,8632,71,1,4849.8
15039,8632,44,1,17734.12
15040,8633,55,3,660.53
15041,8633,108,1,38403.2
15042,8634,288,1,1157.66
15043,8634,229,1,50414.78
15044,8635,42,1,4617.61
15045,8635,185,1,2812.42
15046,8636,165,2,7547.83
15047,8636,67,2,5106.81
15048,8636,223,1,5623.41
15049,8637,3,1,7498.83
15050,8638,29,2,39451.15
15051,8639,190,2,16462.56
15052,8639,169,1,7260.17
15053,8640,179,1,1244.12
15054,8641,205,1,8980.25
15055,8642,273,1,1437.51
15056,8643,14,2,31378.48
15057,8643,239,1,7407.79
15058,8644,126,2,916.83
15059,8644,79,1,2507.73
15060,8644,143,2,1763.35
15061,8645,164,2,14789.99
15062,8646,167,1,23642.51
15063,8647,82,1,4465.5
15064,8648,12,1,31067.35
15065,8648,201,1,6414.7
15066,8648,269,1,6601.86
15067,8648,272,1,43075.01
15068,8649,259,1,28245.27
15069,8650,66,2,1587.73
15070,8651,256,1,1689.96
15071,8652,197,1,1118.88
15072,8653,156,2,5894.78
15073,8653,89,1,1553.62
15074,8654,237,2,4729.49
15075,8655,37,1,44364.05
15076,8655,241,4,762.79
15077,8656,272,1,44089.32
15078,8657,289,1,4591.85
15079,8657,266,1,3526.04
15080,8658,245,1,1092.93
15081,8659,227,1,2144.48
15082,8660,36,1,2528.4
15083,8660,100,2,7242.09
15084,8660,43,3,1097.13
15085,8661,110,1,6975.74
15086,8661,153,2,5282.44
15087,8661,265,1,9482.76
15088,8662,213,1,5669.76
15089,8663,244,1,70872.33
15090,8663,251,1,1093.47
15091,8664,242,1,7212.84
15092,8664,4,2,5034.35
15093,8665,285,1,341.55
15094,8665,131,2,3309.92
15095,8666,76,3,3108.15
15096,8666,128,1,5462.93
15097,8667,166,1,50498.42
15098,8667,209,1,2048.28
15099,8668,126,3,982.45
15100,8668,167,3,24082.89
15101,8669,124,1,5602.45
15102,8669,241,1,757.78
15103,8670,31,1,5299.41
15104,8670,211,2,4228.85
15105,8671,167,3,23320.02
15106,8672,145,3,553.25
15107,8672,116,2,44737.7
15108,8672,72,1,5118.72
15109,8673,78,1,3902.85
15110,8674,194,3,6390.28
15111,8674,45,1,575.98
15112,8675,69,1,6037.32
15113,8675,131,2,3681.18
15114,8676,195,1,2593.6
15115,8676,121,1,61211.99
15116,8677,46,3,1629.03
15117,8678,240,2,8461.97
15118,8679,64,1,1667.86
15119,8680,283,3,1208.58
15120,8680,129,1,44235.48
15121,8680,243,1,11806.93
15122,8681,156,1,6178.35
15123,8682,78,2,4040.93
15124,8682,287,1,1141.61
15125,8682,94,1,1475.16
15126,8682,183,1,8022.91
15127,8683,240,1,8863.01
15128,8683,128,1,5782.43
15129,8683,241,2,710.53
15130,8683,249,1,48128.29
15131,8684,80,1,80496.95
15132,8684,42,1,4310.29
15133,8684,21,1,23289.01
15134,8685,5,1,78752.61
15135,8686,159,2,45365.49
15136,8687,77,2,1223.34
15137,8687,125,1,1206.8
15138,8688,160,1,2897.34
15139,8689,86,1,3488.54
15140,8689,191,1,50556.59
15141,8689,117,1,1704.97
15142,8690,241,1,665.75
15143,8690,49,1,13456.91
15144,8691,181,2,15515.33
15145,8691,94,1,1442.79
15146,8691,35,1,43915.15
15147,8692,47,2,5433.47
15148,8692,238,1,1580.89
15149,8692,261,2,1506.6
15150,8692,4,1,5462.76
15151,8693,69,1,6027.15
15152,8693,212,2,9910.12
15153,8693,228,1,41667.41
15154,8694,157,1,4229.25
15155,8695,10,1,66989.92
15156,8695,149,2,4686.67
15157,8695,130,2,39209.62
15158,8695,224,2,4295.05
15159,8696,246,3,397.04
15160,8697,14,3,31607.01
15161,8697,282,1,1031.21
15162,8698,124,1,5211.11
15163,8698,182,1,49480.57
15164,8699,283,1,1197.33
15165,8700,181,1,13952.17
15166,8701,5,1,80120.56
15167,8701,69,1,5312.98
15168,8702,264,2,1828.64
15169,8703,39,1,7672.59
15170,8703,195,3,2818.74
15171,8704,130,3,37324.19
15172,8705,273,1,1405.54
15173,8706,291,4,8537.86
15174,8706,14,1,29699.88
15175,8707,286,1,1686.41
15176,8708,243,1,12028.9
15177,8708,288,1,1221.97
15178,8709,160,2,2708.07
15179,8709,290,1,2638.58
15180,8710,75,3,37839.6
15181,8710,31,1,5760.99
15182,8710,142,3,13356.17
15183,8711,74,1,18873.6
15184,8711,277,1,8570.34
15185,8711,182,1,46742.75
15186,8711,132,3,18372.4
15187,8712,14,1,30153.28
15188,8712,42,1,4512.42
15189,8713,191,1,47717.64
15190,8713,20,1,823.49
15191,8714,215,1,5237.66
15192,8714,5,1,73692.3
15193,8715,119,1,5711.03
15194,8716,64,1,1688.2
15195,8716,80,2,80651.8
15196,8717,165,1,7891.09
15197,8718,119,1,4919.75
15198,8719,106,1,41032.59
15199,8720,64,1,1755.58
15200,8721,263,1,1024.13
15201,8721,74,1,19146.5
15202,8721,236,1,2168.86
15203,8722,289,1,4212.81
15204,8723,140,1,9854.96
15205,8724,92,1,56534.51
15206,8725,70,1,2577.64
15207,8725,76,3,2635.68
15208,8726,125,2,1256.64
15209,8727,186,1,2716.41
15210,8727,192,1,14234.95
15211,8728,59,1,6874.36
15212,8728,7,2,457.19
15213,8728,240,4,8423.11
15214,8729,267,1,2906.19
15215,8729,27,2,3572.69
15216,8730,197,1,1024.06
15217,8731,126,2,1051.92
15218,8731,289,3,4185.58
15219,8732,244,1,68312.52
15220,8733,200,1,1031.44
15221,8733,104,2,11471.66
15222,8734,109,1,12878.93
15223,8734,142,1,13411.74
15224,8734,132,1,17009.93
15225,8735,27,1,3635.52
15226,8735,3,1,7367.42
15227,8735,205,1,8184.41
15228,8736,18,1,1593.25
15229,8736,140,1,9206.2
15230,8736,31,2,5806.14
15231,8737,139,1,3063.99
15232,8738,119,1,5223.41
15233,8738,25,4,2255.32
15234,8738,87,4,38912.11
15235,8739,21,2,21465.32
15236,8740,121,1,64977.11
15237,8741,26,1,2525.29
15238,8741,122,1,18109.67
15239,8742,25,3,2223.27
15240,8742,106,2,39183.96
15241,8743,99,3,16748.91
15242,8743,155,1,5663.92
15243,8744,128,4,5898.92
15244,8744,281,2,6741.99
15245,8744,270,3,15539.07
15246,8745,157,2,4875.01
15247,8745,12,2,30808.71
15248,8745,247,1,4935.58
15249,8746,203,1,5538.96
15250,8746,234,1,14600.95
15251,8747,271,1,15702.98
15252,8747,126,2,1058.54
15253,8748,146,1,970.54
15254,8749,72,4,5086.31
15255,8750,22,2,3888.29
15256,8751,10,2,64736.39
15257,8752,215,3,5419.77
15258,8752,17,1,275.67
15259,8752,264,1,1689.92
15260,8753,66,1,1350.59
15261,8753,155,1,4870.86
15262,8754,264,4,1688.64
15263,8754,59,1,6600.82
15264,8755,32,1,2938.38
15265,8756,116,2,42942.06
15266,8756,248,2,664.32
15267,8757,81,2,3828.52
15268,8757,138,3,72004.27
15269,8758,195,1,2675.48
15270,8759,194,2,6977.39
15271,8760,251,3,1152.51
15272,8760,44,1,17321.03
15273,8761,292,1,973.01
15274,8762,239,1,7529.19
15275,8762,294,2,1227.5
15276,8763,27,1,3222.69
15277,8763,232,2,5787.09
15278,8763,157,1,4532.24
15279,8763,238,1,1711.94
15280,8764,31,2,5851.74
15281,8765,148,1,44024.38
15282,8766,257,3,3739.82
15283,8766,245,3,1115.76
15284,8767,177,1,5574.91
15285,8768,200,1,1104.51
15286,8768,164,2,14134.98
15287,8769,258,1,5675.32
15288,8770,82,1,4699.93
15289,8771,285,1,353.7
15290,8771,154,1,36243.38
15291,8772,297,1,3952.04
15292,8772,7,1,419.34
15293,8772,160,2,2703.57
15294,8773,145,2,514.62
15295,8774,147,2,17489.13
15296,8775,65,1,1140.31
15297,8776,112,2,5777.58
15298,8777,268,1,13534.59
15299,8778,38,2,1528.41
15300,8779,82,1,4469.15
15301,8779,186,1,2613.11
15302,8779,154,1,40856.3
15303,8780,299,1,1109.12
15304,8780,1,1,453.1
15305,8780,80,1,80628.07
15306,8781,223,1,5342.29
15307,8781,47,2,5757.88
15308,8782,49,1,13624.07
15309,8782,78,1,4272.64
15310,8782,300,3,950.45
15311,8783,146,1,1081.95
15312,8783,88,2,64249.63
15313,8784,253,1,22321.32
15314,8784,200,1,1096.65
15315,8784,82,1,5197.78
15316,8784,288,3,1164.91
15317,8785,298,2,215.36
15318,8785,227,2,2127.01
15319,8785,116,2,43356.64
15320,8786,105,1,10802.82
15321,8786,87,2,39026.92
15322,8787,277,3,8212.08
15323,8788,24,1,17460.02
15324,8788,64,1,1611.35
15325,8789,53,1,44472.44
15326,8789,191,2,51950.67
15327,8789,29,1,38967.33
15328,8790,224,3,3907.37
15329,8791,42,2,4424.98
15330,8792,108,1,35820.79
15331,8793,56,1,9108.62
15332,8793,250,1,3995.17
15333,8794,193,1,17158.12
15334,8794,142,1,11889.92
15335,8794,282,1,1022.98
15336,8794,259,1,26438.63
15337,8795,172,1,20897.8
15338,8796,65,1,1179.44
15339,8797,35,1,44082.76
15340,8798,269,3,6970.8
15341,8798,213,4,4982.65
15342,8798,160,1,2871.7
15343,8799,29,1,36039.01
15344,8800,129,1,50006.25
15345,8800,288,4,1154.42
15346,8800,71,1,4709.52
15347,8801,93,1,4893.37
15348,8802,31,1,5430.86
15349,8803,92,3,61680.45
15350,8804,88,1,60573.06
15351,8805,234,1,14733.23
15352,8805,120,1,3375.33
15353,8805,208,1,6925.55
15354,8805,180,1,15727.5
15355,8806,86,1,3975.71
15356,8807,217,1,3575.73
15357,8807,258,1,5552.78
15358,8808,13,1,949.26
15359,8808,212,1,8803.22
15360,8808,286,1,1898.69
15361,8809,170,1,40692.19
15362,8809,75,1,37673.2
15363,8810,28,1,389.81
15364,8810,204,1,77519.37
15365,8810,32,1,2874.69
15366,8810,243,1,12179.13
15367,8811,239,4,6860.91
15368,8812,126,1,952.61
15369,8812,185,1,2556.17
15370,8813,132,1,16596.9
15371,8813,231,1,14698.68
15372,8814,15,1,61359.91
15373,8814,155,1,5084.35
15374,8814,123,1,4174.19
15375,8815,137,2,1562.89
15376,8815,282,1,1018.11
15377,8816,152,1,6308.83
15378,8816,111,2,6575.55
15379,8817,209,4,2036.75
15380,8818,270,1,17017.94
15381,8818,243,3,10735.26
15382,8819,211,1,3744.16
15383,8819,275,1,1126.39
15384,8819,266,1,3340.84
15385,8820,64,1,1539.73
15386,8821,59,1,6629.95
15387,8822,138,2,67437.15
15388,8823,201,1,6145.52
15389,8823,281,1,5815.18
15390,8823,30,3,4695.18
15391,8824,263,1,1139.39
15392,8825,147,1,17247.44
15393,8826,193,2,17720.46
15394,8826,218,1,2324.24
15395,8826,65,3,1064.61
15396,8827,49,1,13515.2
15397,8828,104,1,10562.16
15398,8828,288,2,1264.35
15399,8828,219,1,1594.05
15400,8829,141,1,4159.27
15401,8829,228,2,47055.8
15402,8830,135,1,2924.66
15403,8830,28,4,406.93
15404,8831,266,1,3370.92
15405,8832,249,1,48412.55
15406,8833,259,1,29106.33
15407,8834,185,1,2865.31
15408,8835,276,2,49204.14
15409,8835,288,2,1191.77
15410,8836,201,1,6263.17
15411,8837,230,1,4467.84
15412,8837,199,1,1841.13
15413,8837,112,1,6277.11
15414,8837,69,3,5736.16
15415,8838,194,1,7000.47
15416,8838,223,2,5154.67
15417,8839,230,3,4164.19
15418,8840,187,1,1054.44
15419,8840,211,3,3843.89
15420,8841,103,1,1775.35
15421,8842,6,2,34185.64
15422,8843,290,1,2756.65
15423,8844,52,2,1590.0
15424,8845,146,1,1013.92
15425,8845,273,1,1487.02
15426,8846,218,1,2244.58
15427,8847,276,2,44761.44
15428,8848,200,1,1051.71
15429,8848,1,4,426.41
15430,8848,4,2,5880.35
15431,8849,240,1,8982.58
15432,8850,138,1,61788.21
15433,8851,159,1,46162.41
15434,8852,183,1,7160.68
15435,8852,166,2,49993.57
15436,8853,300,3,948.25
15437,8853,12,1,30207.91
15438,8854,47,1,5215.11
15439,8855,27,2,3237.6
15440,8856,205,1,9091.75
15441,8856,156,1,5657.77
15442,8857,131,1,3363.02
15443,8858,269,1,7134.9
15444,8859,142,1,13033.6
15445,8859,252,1,7552.66
15446,8860,48,1,952.34
15447,8860,102,3,2565.06
15448,8861,160,2,2934.63
15449,8862,256,2,1646.62
15450,8862,14,1,33374.36
15451,8863,133,1,5532.95
15452,8864,125,1,1218.21
15453,8865,234,2,14215.62
15454,8865,122,1,19014.01
15455,8865,97,1,5601.11
15456,8866,53,1,48641.21
15457,8867,224,1,3706.03
15458,8867,300,1,1061.48
15459,8868,231,4,14965.69
15460,8869,214,1,31152.67
15461,8869,167,1,24996.66
15462,8869,287,2,1045.96
15463,8870,69,1,6115.38
15464,8870,223,2,5002.22
15465,8871,82,3,4710.55
15466,8872,149,1,4901.63
15467,8873,38,1,1677.04
15468,8873,184,1,4937.69
15469,8874,128,1,5137.68
15470,8874,51,1,744.81
15471,8874,234,1,15010.26
15472,8874,46,1,1670.42
15473,8875,219,1,1362.64
15474,8875,146,1,1012.07
15475,8876,291,3,8294.7
15476,8876,61,3,4593.76
15477,8877,161,1,5975.87
15478,8877,232,1,5225.66
15479,8877,127,1,36781.69
15480,8877,90,2,18031.22
15481,8878,96,1,49492.21
15482,8879,27,1,3211.56
15483,8880,264,1,1820.17
15484,8880,176,4,59091.56
15485,8880,137,1,1545.83
15486,8880,167,2,24520.47
15487,8881,8,1,3065.55
15488,8881,79,2,2551.34
15489,8881,25,1,2342.89
15490,8882,39,2,7375.01
15491,8883,268,2,13925.58
15492,8884,189,1,18501.29
15493,8885,13,1,897.58
15494,8885,223,1,5756.63
15495,8886,207,3,14828.36
15496,8886,57,1,44508.9
15497,8887,98,1,4847.45
15498,8887,224,2,4383.22
15499,8888,96,2,49793.15
15500,8888,197,1,1147.34
15501,8888,130,3,39850.05
15502,8889,233,3,6844.49
15503,8890,157,1,4163.61
15504,8890,20,2,819.62
15505,8890,192,1,12825.97
15506,8891,290,1,2397.95
15507,8892,236,2,2285.94
15508,8893,198,1,9518.97
15509,8893,33,1,1156.86
15510,8893,78,2,4280.03
15511,8894,271,1,18116.0
15512,8894,264,3,1566.53
15513,8894,14,3,29291.26
15514,8895,175,1,6430.53
15515,8895,247,4,4663.66
15516,8895,49,2,13289.76
15517,8896,288,1,1152.31
15518,8896,256,1,1677.95
15519,8896,167,3,25343.22
15520,8897,217,1,3647.44
15521,8898,16,1,5379.96
15522,8899,85,1,2885.33
15523,8900,37,1,44300.67
15524,8901,164,1,13463.77
15525,8901,242,1,8221.65
15526,8901,120,1,3072.22
15527,8902,120,3,3384.91
15528,8902,3,1,7720.11
15529,8903,47,1,5737.02
15530,8904,144,1,4682.75
15531,8904,137,2,1770.59
15532,8905,71,2,4750.03
15533,8905,50,2,42485.55
15534,8906,47,3,4863.89
15535,8907,206,1,7067.45
15536,8907,28,1,393.37
15537,8907,113,3,1783.52
15538,8908,68,2,52740.77
15539,8908,98,1,4803.51
15540,8909,228,2,42487.08
15541,8909,245,1,1080.58
15542,8910,108,1,39878.3
15543,8911,248,1,701.88
15544,8911,42,2,4602.58
15545,8912,229,1,44717.17
15546,8913,51,3,685.81
15547,8913,91,1,4822.68
15548,8914,196,1,319.73
15549,8915,96,1,55463.8
15550,8916,122,1,18985.05
15551,8917,31,2,5784.38
15552,8917,187,1,988.11
15553,8917,141,1,4044.91
15554,8918,16,2,5256.36
15555,8919,75,1,36103.63
15556,8920,219,1,1469.79
15557,8920,109,2,12360.61
15558,8921,289,1,4144.44
15559,8921,274,2,65485.44
15560,8921,236,2,1990.55
15561,8922,271,2,16830.07
15562,8922,217,4,3633.02
15563,8923,135,1,2752.21
15564,8923,60,1,34326.05
15565,8923,189,1,17683.31
15566,8924,122,3,19256.67
15567,8924,291,2,7628.26
15568,8924,47,1,4967.42
15569,8925,155,1,5509.02
15570,8925,229,2,48545.96
15571,8925,161,2,5876.35
15572,8925,223,2,5394.69
15573,8926,7,2,407.68
15574,8927,37,1,43466.04
15575,8928,14,1,32240.81
15576,8929,224,1,3710.51
15577,8929,203,1,6123.51
15578,8929,172,3,18250.55
15579,8930,127,1,39029.53
15580,8930,295,1,5588.28
15581,8930,144,3,5399.34
15582,8931,297,2,4515.07
15583,8932,43,1,1210.1
15584,8932,25,1,2169.82
15585,8933,246,1,362.36
15586,8934,252,1,8415.12
15587,8934,194,2,6220.41
15588,8934,49,2,12065.77
15589,8935,121,1,62466.81
15590,8936,165,1,7876.06
15591,8936,241,2,714.93
15592,8937,152,1,7249.41
15593,8937,190,2,16421.0
15594,8938,83,3,6036.54
15595,8939,8,2,2804.94
15596,8939,217,2,3398.37
15597,8939,19,2,9409.82
15598,8940,161,1,5667.14
15599,8941,134,1,2659.53
15600,8941,187,2,1009.28
15601,8942,180,2,16529.84
15602,8943,208,1,7551.23
15603,8944,26,1,2363.75
15604,8945,122,1,18523.2
15605,8945,95,2,2295.27
15606,8946,13,1,893.84
15607,8946,291,1,8138.57
15608,8947,78,1,4192.91
15609,8948,22,1,3880.97
15610,8948,53,1,45203.6
15611,8948,218,1,2516.23
15612,8949,227,4,2143.72
15613,8950,65,1,1082.45
15614,8950,75,2,40596.06
15615,8951,148,1,48112.16
15616,8951,110,2,6909.02
15617,8951,180,3,15673.01
15618,8951,134,3,3054.4
15619,8952,156,1,5623.05
15620,8952,251,1,1102.71
15621,8952,197,1,1043.72
15622,8953,254,3,12496.59
15623,8953,71,2,4602.28
15624,8954,66,3,1418.29
15625,8955,148,1,43779.06
15626,8955,123,1,4031.36
15627,8956,251,1,1138.52
15628,8956,74,1,19228.06
15629,8957,132,2,17875.86
15630,8957,293,1,1136.45
15631,8958,100,1,7415.82
15632,8958,160,1,2751.45
15633,8959,140,1,10143.2
15634,8959,1,1,414.28
15635,8959,64,1,1552.85
15636,8960,28,1,435.37
15637,8960,282,1,1026.68
15638,8961,257,2,4093.32
15639,8961,76,1,2741.36
15640,8961,120,1,3322.22
15641,8962,260,1,19418.7
15642,8962,272,2,41691.26
15643,8962,170,1,42526.08
15644,8963,199,1,1808.0
15645,8963,297,1,4409.15
15646,8964,160,1,2785.4
15647,8965,89,1,1537.26
15648,8965,245,1,1139.42
15649,8966,261,1,1565.09
15650,8966,220,1,610.2
15651,8967,242,1,8294.88
15652,8967,175,1,6439.52
15653,8968,179,1,1412.88
15654,8969,26,1,2760.68
15655,8970,40,1,1564.01
15656,8970,241,1,770.08
15657,8971,286,3,1744.57
15658,8971,250,1,4285.34
15659,8972,213,1,5285.9
15660,8972,269,1,7313.36
15661,8972,160,1,3008.98
15662,8973,31,1,5247.22
15663,8974,82,1,4630.4
15664,8975,292,1,1046.02
15665,8975,259,1,30169.12
15666,8976,132,1,16718.08
15667,8976,27,1,3595.06
15668,8976,66,1,1495.88
15669,8976,235,2,36501.83
15670,8977,214,1,33507.69
15671,8978,256,1,1768.13
15672,8979,233,1,5947.96
15673,8979,234,1,14439.35
15674,8979,1,2,487.07
15675,8980,80,1,76923.54
15676,8981,98,1,4231.55
15677,8982,190,1,16479.7
15678,8982,141,4,4643.83
15679,8982,44,1,17874.96
15680,8982,255,2,52724.62
15681,8983,111,1,5826.22
15682,8983,6,2,38020.2
15683,8983,245,2,1240.81
15684,8984,226,1,5797.79
15685,8985,283,1,1224.28
15686,8985,280,1,26534.5
15687,8985,119,1,5186.61
15688,8985,283,4,1269.42
15689,8986,236,1,2286.88
15690,8986,68,1,52154.82
15691,8986,206,1,8100.04
15692,8987,186,2,3031.36
15693,8987,82,1,4762.16
15694,8987,144,1,5244.03
15695,8987,68,2,51447.75
15696,8988,185,1,2741.17
15697,8989,146,2,962.42
15698,8989,164,2,13205.25
15699,8990,197,2,1060.04
15700,8991,272,3,42274.77
15701,8992,126,1,908.67
15702,8992,220,1,606.92
15703,8993,149,2,4435.31
15704,8994,164,1,12882.35
15705,8995,64,1,1648.21
15706,8995,300,1,1047.61
15707,8996,166,1,59469.12
15708,8997,282,2,1030.07
15709,8997,198,1,9608.88
15710,8997,45,2,581.02
15711,8997,193,1,19006.53
15712,8998,191,1,49672.77
15713,8998,242,1,7400.46
15714,8998,281,4,6161.89
15715,8999,11,1,1090.92
15716,9000,254,1,12558.21
15717,9000,181,1,15051.74
15718,9001,269,1,6941.0
15719,9001,119,1,4958.19
15720,9001,186,1,2810.99
15721,9001,53,1,47825.79
15722,9002,24,1,19216.7
15723,9002,15,3,61146.07
15724,9003,6,1,39280.74
15725,9003,139,1,3466.14
15726,9004,91,1,4594.38
15727,9005,92,1,60199.55
15728,9005,185,1,2776.25
15729,9005,272,3,38849.05
15730,9005,278,1,1673.84
15731,9006,177,1,4896.98
15732,9007,119,2,5390.86
15733,9007,125,2,1275.95
15734,9007,189,1,17416.34
15735,9008,273,2,1494.11
15736,9009,161,2,5543.98
15737,9009,121,1,66386.98
15738,9010,71,1,4703.05
15739,9010,29,1,34069.99
15740,9011,95,3,2332.49
15741,9012,240,3,8385.77
15742,9012,112,2,6581.55
15743,9012,253,1,21088.51
15744,9012,230,1,4363.77
15745,9013,236,1,1994.57
15746,9014,201,2,6126.21
15747,9015,8,2,3155.57
15748,9015,143,1,1561.12
15749,9015,216,1,74157.94
15750,9016,298,1,210.02
15751,9017,228,1,44719.14
15752,9018,90,2,17845.41
15753,9019,173,1,29676.11
15754,9020,220,2,577.56
15755,9020,255,3,52737.44
15756,9020,34,1,1926.4
15757,9021,279,1,932.82
15758,9021,136,1,583.4
15759,9022,270,1,16269.32
15760,9023,234,1,15521.56
15761,9023,158,1,59841.84
15762,9024,144,1,4864.27
15763,9024,84,4,21668.61
15764,9025,176,2,58290.93
15765,9025,89,3,1706.12
15766,9025,144,1,4913.46
15767,9026,71,1,4874.77
15768,9026,68,1,53085.74
15769,9027,273,1,1406.38
15770,9028,262,2,5424.6
15771,9028,173,4,27581.87
15772,9028,200,1,1048.87
15773,9028,1,1,467.37
15774,9029,223,1,5239.69
15775,9030,289,1,4242.35
15776,9030,285,1,374.72
15777,9030,16,1,5853.91
15778,9030,208,1,6769.79
15779,9031,143,3,1662.71
15780,9032,20,2,730.63
15781,9032,237,1,4801.66
15782,9033,189,1,19726.91
15783,9034,79,2,2669.27
15784,9034,152,1,6397.57
15785,9034,106,1,39201.71
15786,9035,67,1,5380.85
15787,9036,129,1,46331.31
15788,9036,178,1,13143.16
15789,9036,16,1,5156.36
15790,9037,202,1,24528.55
15791,9037,148,1,48238.79
15792,9037,168,3,7016.32
15793,9038,44,2,19502.8
15794,9039,46,1,1534.0
15795,9040,162,2,42466.81
15796,9040,191,3,52425.87
15797,9040,190,1,15925.08
15798,9041,8,1,2728.72
15799,9041,143,3,1840.17
15800,9042,48,1,834.73
15801,9042,165,2,7350.2
15802,9042,240,1,8050.01
15803,9043,288,1,1285.81
15804,9043,147,2,14960.68
15805,9044,149,1,4191.53
15806,9044,178,2,12651.57
15807,9045,17,2,293.51
15808,9046,102,3,2559.18
15809,9046,95,1,2177.88
15810,9047,170,1,38976.75
15811,9047,47,1,5358.8
15812,9047,12,2,32245.98
15813,9048,103,1,1869.54
15814,9048,8,1,2964.58
15815,9049,212,1,8596.77
15816,9049,272,1,38245.39
15817,9049,206,1,8015.11
15818,9050,86,1,3720.79
15819,9051,212,1,9903.07
15820,9051,242,1,7752.84
15821,9051,269,2,7050.47
15822,9052,155,1,5036.55
15823,9052,121,1,71132.66
15824,9053,23,2,770.56
15825,9054,138,2,60809.27
15826,9054,19,1,9860.98
15827,9055,115,2,1587.39
15828,9055,19,1,10193.24
15829,9056,113,1,1709.51
15830,9056,151,1,2608.21
15831,9056,102,2,2679.28
15832,9056,101,2,447.38
15833,9057,222,1,9104.77
15834,9057,294,3,1241.45
15835,9058,79,3,2780.65
15836,9059,33,1,1206.66
15837,9059,11,1,998.66
15838,9059,120,1,3280.51
15839,9059,149,1,4874.17
15840,9060,5,2,82176.63
15841,9061,150,1,1600.21
15842,9061,185,1,2699.62
15843,9062,140,2,10022.42
15844,9062,29,1,36879.24
15845,9063,136,1,536.39
15846,9064,205,1,8462.32
15847,9065,148,1,48791.17
15848,9065,216,1,70817.38
15849,9066,285,1,340.29
15850,9066,296,1,2338.29
15851,9066,75,1,39572.12
15852,9067,67,1,5234.81
15853,9067,55,2,683.59
15854,9067,197,1,1009.6
15855,9068,180,1,16211.45
15856,9068,92,1,57268.29
15857,9068,48,1,968.94
15858,9068,92,2,60955.97
15859,9069,47,1,5405.99
15860,9070,257,1,3656.38
15861,9071,146,1,1086.02
15862,9072,268,1,14252.24
15863,9072,268,1,14924.36
15864,9072,81,1,3538.83
15865,9072,35,3,44106.98
15866,9073,180,1,15523.7
15867,9074,41,1,9044.66
15868,9074,223,1,5074.79
15869,9075,204,1,71368.66
15870,9075,102,1,2744.01
15871,9075,152,1,6711.69
15872,9075,47,1,5693.12
15873,9076,70,1,2581.75
15874,9076,245,1,1084.13
15875,9077,109,4,12658.53
15876,9078,157,2,4833.81
15877,9079,244,1,71096.69
15878,9079,84,1,21338.47
15879,9080,148,1,46691.61
15880,9081,9,2,8051.31
15881,9081,34,3,1967.67
15882,9082,258,1,5355.43
15883,9083,244,1,67170.73
15884,9083,134,1,2760.09
15885,9083,125,1,1153.26
15886,9084,167,1,25520.08
15887,9084,156,1,5313.13
15888,9084,41,1,8766.95
15889,9085,51,1,694.05
15890,9085,25,1,2203.06
15891,9086,180,2,16962.64
15892,9087,107,2,5730.31
15893,9088,180,1,15032.09
15894,9089,69,1,5306.43
15895,9089,110,1,6718.79
15896,9089,11,1,1037.28
15897,9090,121,1,72285.18
15898,9091,53,3,47121.12
15899,9092,286,1,1768.12
15900,9092,197,1,1128.86
15901,9093,162,1,40585.92
15902,9093,76,2,2744.55
15903,9093,91,1,4515.08
15904,9093,290,1,2584.25
15905,9094,60,1,31785.22
15906,9095,271,1,16222.95
15907,9095,266,1,3525.02
15908,9096,104,2,11007.44
15909,9096,55,1,641.08
15910,9096,238,2,1714.48
15911,9096,270,2,16266.13
15912,9097,54,1,14366.73
15913,9098,276,1,48293.72
15914,9098,140,1,10237.59
15915,9098,229,3,51743.69
15916,9099,129,2,48604.24
15917,9100,211,1,4143.57
15918,9100,262,1,5509.09
15919,9101,63,1,1958.69
15920,9102,122,3,20075.0
15921,9103,164,2,13283.1
15922,9103,49,1,13507.07
15923,9104,38,1,1627.05
15924,9105,210,1,16258.16
15925,9105,247,3,5151.95
15926,9106,193,1,16826.66
15927,9107,175,2,6815.24
15928,9107,97,1,6092.4
15929,9108,263,1,1196.29
15930,9109,223,3,5820.54
15931,9109,147,1,17359.21
15932,9110,193,1,17177.91
15933,9111,237,2,4432.26
15934,9111,47,3,4952.67
15935,9112,170,1,39207.67
15936,9113,61,1,4554.75
15937,9114,109,1,12164.39
15938,9115,199,3,1646.14
15939,9115,242,2,7972.02
15940,9116,181,4,13665.72
15941,9117,274,2,72102.9
15942,9117,11,1,1064.87
15943,9118,64,1,1613.28
15944,9119,77,1,1297.83
15945,9119,219,3,1479.32
15946,9119,28,1,423.41
15947,9119,61,1,4387.44
15948,9120,293,2,1124.54
15949,9121,119,1,5625.45
15950,9122,145,2,572.46
15951,9122,277,1,8826.47
15952,9123,153,1,4839.48
15953,9124,66,1,1469.37
15954,9124,44,1,17836.67
15955,9125,94,1,1598.02
15956,9125,141,1,4533.02
15957,9126,186,3,2731.12
15958,9126,290,1,2671.53
15959,9127,134,1,2900.57
15960,9128,260,3,20500.28
15961,9129,4,1,5132.64
15962,9130,145,1,553.11
15963,9131,117,1,1707.73
15964,9131,265,2,9971.16
15965,9132,284,1,6742.57
15966,9132,127,1,34448.17
15967,9133,285,1,382.11
15968,9133,184,1,5170.32
15969,9133,130,1,38755.28
15970,9134,115,1,1501.67
15971,9134,4,1,5778.36
15972,9135,205,1,9245.68
15973,9135,112,2,5980.37
15974,9136,211,3,4243.17
15975,9136,115,1,1443.22
15976,9137,32,1,2836.29
15977,9138,271,1,16096.7
15978,9139,270,2,15481.69
15979,9140,96,1,50086.41
15980,9141,76,1,2937.45
15981,9141,180,3,17416.46
15982,9141,229,1,49043.98
15983,9142,147,1,16019.85
15984,9142,283,3,1240.91
15985,9142,153,1,5162.63
15986,9143,88,1,60399.16
15987,9144,212,1,9858.72
15988,9145,293,2,1073.66
15989,9145,201,2,5469.56
15990,9145,233,1,5928.24
15991,9146,299,2,1056.05
15992,9146,221,1,1268.11
15993,9147,258,1,4922.49
15994,9148,32,3,2983.91
15995,9148,52,1,1701.73
15996,9148,140,1,9657.5
15997,9149,234,1,14735.51
15998,9149,143,1,1811.86
15999,9150,252,1,8394.71
16000,9151,269,1,7238.91
16001,9151,95,1,2252.14
16002,9152,148,2,45872.65
16003,9152,226,1,5724.23
16004,9152,116,1,42478.62
16005,9153,16,1,5583.72
16006,9153,128,1,5865.82
16007,9154,221,1,1212.25
16008,9154,290,2,2416.11
16009,9155,65,2,1065.36
16010,9156,185,4,2627.02
16011,9156,181,2,15457.59
16012,9157,150,3,1657.35
16013,9157,262,3,5433.68
16014,9158,230,1,4161.86
16015,9159,16,1,5317.91
16016,9160,85,1,2917.12
16017,9160,9,1,8427.42
16018,9161,257,2,3615.05
16019,9161,155,1,5125.43
16020,9162,187,3,1065.48
16021,9162,64,1,1803.03
16022,9162,80,1,77277.73
16023,9163,80,2,81546.51
16024,9163,30,2,4484.81
16025,9163,121,1,65634.41
16026,9164,151,3,2886.54
16027,9164,220,1,628.87
16028,9165,229,1,45682.4
16029,9165,111,2,6346.82
16030,9165,99,2,16446.22
16031,9165,3,1,7171.59
16032,9166,289,1,4373.03
16033,9166,55,3,683.83
16034,9167,161,1,5939.26
16035,9168,176,1,62012.0
16036,9169,256,1,1620.84
16037,9170,38,2,1514.69
16038,9171,38,1,1681.07
16039,9172,299,1,1011.76
16040,9172,164,4,14694.37
16041,9173,55,2,631.14
16042,9173,294,1,1226.37
16043,9173,211,1,4388.38
16044,9173,131,3,3620.07
16045,9174,62,1,14435.79
16046,9174,234,4,14572.94
16047,9175,232,1,5176.63
16048,9175,212,2,9852.2
16049,9175,227,1,2083.86
16050,9176,103,1,1848.7
16051,9177,248,1,700.44
16052,9178,250,2,4074.23
16053,9179,29,1,33287.96
16054,9179,133,1,4739.33
16055,9180,253,1,21702.07
16056,9181,116,3,43169.05
16057,9182,103,1,1930.28
16058,9183,200,2,943.58
16059,9183,30,2,4613.04
16060,9184,65,2,1062.58
16061,9184,59,1,5947.25
16062,9184,273,2,1415.0
16063,9184,72,3,5011.6
16064,9185,21,2,23257.48
16065,9186,158,1,56775.94
16066,9187,270,1,16537.52
16067,9188,20,1,732.49
16068,9188,163,2,1839.27
16069,9189,294,1,1252.38
16070,9190,201,1,5823.08
16071,9191,175,3,6538.58
16072,9192,288,1,1160.92
16073,9193,19,1,8924.97
16074,9194,289,2,4761.85
16075,9194,55,2,647.13
16076,9195,256,1,1549.88
16077,9195,226,1,6656.22
16078,9195,230,2,4759.74
16079,9196,121,2,69087.93
16080,9196,171,3,4299.87
16081,9196,161,1,5852.21
16082,9196,68,2,52582.45
16083,9197,292,1,980.4
16084,9198,133,2,5301.74
16085,9198,223,2,5769.62
16086,9198,174,2,7416.27
16087,9199,21,1,22447.33
16088,9199,74,1,17626.22
16089,9200,296,2,2608.04
16090,9201,181,1,14045.24
16091,9202,106,1,41617.85
16092,9203,169,1,7642.75
16093,9203,160,1,2787.8
16094,9203,216,1,69246.09
16095,9204,280,1,27082.01
16096,9204,190,1,16624.76
16097,9204,46,3,1688.25
16098,9205,260,1,19174.79
16099,9206,41,1,8068.66
16100,9206,126,2,1000.05
16101,9207,69,2,5279.8
16102,9208,173,1,27933.93
16103,9208,284,1,6971.42
16104,9209,182,1,45451.21
16105,9210,4,1,5165.0
16106,9211,105,1,10062.83
16107,9211,72,1,5153.88
16108,9212,199,2,1812.49
16109,9213,116,1,43485.49
16110,9214,100,1,8020.1
16111,9214,283,3,1230.92
16112,9214,234,1,15618.83
16113,9214,163,1,2111.36
16114,9215,273,1,1382.49
16115,9216,212,1,8583.79
16116,9217,76,2,2986.38
16117,9218,107,1,5559.44
16118,9218,176,1,62010.8
16119,9219,107,1,5069.88
16120,9220,259,2,29509.62
16121,9220,121,2,62100.58
16122,9220,176,2,59170.21
16123,9221,19,1,9877.45
16124,9222,127,1,36039.14
16125,9222,92,1,62763.58
16126,9223,209,1,2292.71
16127,9224,265,1,8630.1
16128,9225,121,1,67499.65
16129,9226,9,2,7928.3
16130,9227,144,2,5222.87
16131,9227,130,1,36949.22
16132,9228,298,2,239.75
16133,9228,49,2,13165.74
16134,9228,114,1,5075.49
16135,9229,15,1,71361.71
16136,9229,273,2,1311.26
16137,9229,234,2,14527.65
16138,9230,223,1,4979.42
16139,9230,184,1,5328.59
16140,9231,127,1,35444.32
16141,9232,235,2,31932.74
16142,9233,271,3,16382.73
16143,9234,52,1,1714.14
16144,9235,46,2,1459.23
16145,9235,192,2,12424.36
16146,9236,287,3,1170.2
16147,9236,195,2,2699.43
16148,9237,212,3,9269.77
16149,9237,99,3,15860.81
16150,9238,164,1,13790.47
16151,9239,44,1,18103.47
16152,9240,135,1,2866.74
16153,9240,265,2,9800.5
16154,9240,279,1,797.7
16155,9240,178,3,14166.28
16156,9241,243,3,11090.93
16157,9242,136,1,500.13
16158,9242,165,1,7242.43
16159,9242,108,1,36868.34
16160,9242,245,1,1088.7
16161,9243,16,2,5695.76
16162,9244,168,1,7215.91
16163,9245,92,1,63406.04
16164,9245,219,3,1573.17
16165,9246,159,1,46092.92
16166,9247,192,1,13650.05
16167,9247,217,2,3311.24
16168,9247,59,1,6434.32
16169,9248,233,1,5861.92
16170,9249,66,1,1588.69
16171,9250,191,1,49151.85
16172,9251,217,1,3734.51
16173,9252,34,1,1860.32
16174,9252,85,1,2528.47
16175,9253,63,1,1773.55
16176,9254,269,2,6932.49
16177,9254,99,1,18151.09
16178,9255,160,2,3109.83
16179,9256,124,1,5153.56
16180,9256,42,3,4596.53
16181,9256,55,1,608.85
16182,9257,230,1,4336.77
16183,9257,113,1,1757.87
16184,9258,225,1,5408.63
16185,9258,245,1,1099.39
16186,9258,196,1,275.36
16187,9259,52,2,1606.89
16188,9260,273,1,1393.82
16189,9260,182,3,42429.77
16190,9261,224,1,3964.19
16191,9261,279,1,829.29
16192,9262,232,2,5757.42
16193,9263,142,2,13750.97
16194,9264,152,2,6950.49
16195,9264,9,1,8995.08
16196,9265,230,2,4746.89
16197,9266,69,1,5194.77
16198,9267,129,1,47444.76
16199,9267,148,1,45227.38
16200,9268,135,1,3044.24
16201,9269,287,2,1203.51
16202,9270,181,3,13710.63
16203,9271,252,1,8522.57
16204,9272,228,1,48195.64
16205,9272,199,1,1786.05
16206,9272,28,4,443.97
16207,9273,47,1,4873.65
16208,9273,146,2,1009.79
16209,9273,251,1,988.06
16210,9274,5,1,83282.23
16211,9275,251,3,1046.08
16212,9276,151,1,2858.31
16213,9276,165,2,7437.45
16214,9276,130,2,40650.98
16215,9277,144,1,4760.1
16216,9277,19,3,9035.42
16217,9278,133,2,4751.66
16218,9279,107,1,5623.58
16219,9279,126,1,968.75
16220,9279,85,2,2586.52
16221,9280,173,1,28434.33
16222,9280,268,2,13961.3
16223,9280,27,1,3599.85
16224,9281,132,3,15791.32
16225,9282,76,1,2777.72
16226,9282,27,2,3256.87
16227,9282,229,4,52123.43
16228,9283,121,1,66327.92
16229,9283,158,2,60981.58
16230,9284,193,2,19204.35
16231,9284,60,2,34261.96
16232,9284,275,1,1125.47
16233,9285,269,2,6829.62
16234,9286,262,3,5935.83
16235,9287,84,1,23023.92
16236,9287,132,2,15831.03
16237,9288,82,1,4998.68
16238,9289,190,1,15259.52
16239,9289,89,1,1752.31
16240,9290,291,4,7969.4
16241,9290,74,2,19429.9
16242,9291,45,4,606.81
16243,9292,147,1,15810.12
16244,9292,265,2,9863.77
16245,9292,9,2,9306.15
16246,9293,254,1,13626.87
16247,9294,245,1,1087.46
16248,9294,275,1,1114.0
16249,9294,167,1,21616.26
16250,9295,291,1,7813.1
16251,9295,121,1,70630.57
16252,9296,50,1,41645.95
16253,9297,6,2,35753.26
16254,9297,169,1,6485.34
16255,9297,18,2,1424.93
16256,9298,50,1,37468.34
16257,9299,289,1,4616.6
16258,9300,82,2,5156.43
16259,9301,51,2,696.57
16260,9301,239,1,6998.53
16261,9302,95,1,2438.32
16262,9302,264,1,1596.97
16263,9302,85,3,2793.09
16264,9303,138,3,66769.06
16265,9303,10,4,73183.19
16266,9304,225,2,4666.81
16267,9305,272,1,37848.55
16268,9305,62,3,13209.2
16269,9305,200,3,1017.13
16270,9306,136,3,545.6
16271,9306,261,1,1494.61
16272,9307,2,2,1982.16
16273,9307,289,1,4676.84
16274,9308,234,2,15370.31
16275,9308,153,1,4567.37
16276,9309,80,1,74820.76
16277,9310,84,4,20564.85
16278,9310,11,1,1008.54
16279,9311,23,1,746.3
16280,9312,106,3,38267.54
16281,9313,188,1,69763.6
16282,9314,108,3,35217.65
16283,9314,25,1,2303.96
16284,9314,216,1,64502.15
16285,9315,34,1,2056.92
16286,9315,110,3,7262.04
16287,9315,294,2,1145.34
16288,9316,91,1,5051.81
16289,9317,107,2,5139.07
16290,9318,3,4,7615.83
16291,9319,10,3,68209.91
16292,9320,235,1,31748.15
16293,9320,74,2,20144.4
16294,9321,22,3,3776.29
16295,9321,271,4,15480.21
16296,9322,103,3,1859.84
16297,9323,33,3,1153.51
16298,9324,74,3,19420.14
16299,9324,44,1,17437.55
16300,9325,287,3,1195.34
16301,9326,239,2,7848.11
16302,9326,182,1,43691.0
16303,9327,218,1,2135.67
16304,9327,9,1,9053.66
16305,9328,132,2,16834.86
16306,9328,203,1,5683.92
16307,9329,227,1,2267.35
16308,9329,265,2,9015.1
16309,9330,242,2,8136.37
16310,9330,201,1,6235.19
16311,9330,51,1,775.05
16312,9331,158,2,58507.34
16313,9331,158,1,62837.97
16314,9332,99,1,17877.23
16315,9332,183,1,7024.83
16316,9332,186,3,2767.48
16317,9333,235,1,33551.94
16318,9333,13,1,929.93
16319,9334,64,3,1630.14
16320,9335,68,1,49443.02
16321,9336,70,1,2592.22
16322,9337,277,2,9116.31
16323,9337,95,1,2307.02
16324,9338,214,2,29418.26
16325,9338,265,1,9720.12
16326,9339,29,1,35274.24
16327,9340,236,1,2173.72
16328,9341,202,1,23994.73
16329,9342,295,1,5092.15
16330,9343,270,2,15920.72
16331,9343,88,3,55753.4
16332,9344,202,1,26235.28
16333,9345,61,1,4514.66
16334,9346,178,1,11987.18
16335,9346,292,2,1029.96
16336,9347,149,3,4744.07
16337,9347,288,1,1238.4
16338,9347,178,1,12301.79
16339,9347,273,3,1366.43
16340,9348,262,1,5522.79
16341,9348,9,1,7847.7
16342,9348,95,1,2414.71
16343,9349,24,1,17607.06
16344,9350,232,1,5761.02
16345,9351,218,1,2537.82
16346,9351,193,1,17002.94
16347,9351,32,1,2697.45
16348,9352,40,4,1686.8
16349,9352,253,3,19412.82
16350,9352,72,1,5362.92
16351,9353,174,1,7266.01
16352,9353,266,1,3585.53
16353,9354,97,1,5898.2
16354,9354,98,1,4392.31
16355,9355,57,1,44893.18
16356,9355,123,1,3834.54
16357,9356,182,1,43197.26
16358,9356,100,2,7828.82
16359,9357,73,2,476.37
16360,9357,167,1,23505.07
16361,9357,17,2,297.32
16362,9358,20,1,733.08
16363,9358,194,1,6542.02
16364,9359,133,1,4776.5
16365,9359,292,1,932.26
16366,9360,150,1,1448.36
16367,9360,100,1,8091.57
16368,9360,245,1,1164.7
16369,9361,30,1,5259.02
16370,9361,64,1,1560.1
16371,9361,231,1,15527.66
16372,9362,117,1,1834.44
16373,9363,137,1,1795.46
16374,9363,159,3,40582.56
16375,9363,178,1,13468.57
16376,9363,243,1,11956.28
16377,9364,171,2,4097.77
16378,9365,211,1,3924.93
16379,9366,236,3,2329.09
16380,9367,14,1,32657.71
16381,9368,156,1,5889.55
16382,9369,105,1,10425.25
16383,9369,115,1,1378.56
16384,9369,66,2,1567.24
16385,9369,222,2,9004.67
16386,9370,37,1,47815.69
16387,9371,35,1,43617.75
16388,9371,83,3,5982.57
16389,9371,284,1,7076.28
16390,9372,172,1,20952.86
16391,9373,125,1,1128.24
16392,9374,246,1,402.31
16393,9375,11,1,956.57
16394,9375,266,1,3426.48
16395,9376,101,2,424.82
16396,9376,101,1,392.37
16397,9376,265,1,9300.56
16398,9376,70,1,2454.26
16399,9377,73,2,423.37
16400,9378,173,1,25343.73
16401,9379,71,2,5133.9
16402,9379,200,1,1023.6
16403,9379,180,1,17366.71
16404,9380,166,1,59209.98
16405,9380,137,2,1644.0
16406,9381,249,1,42276.32
16407,9382,227,1,2069.32
16408,9383,119,1,5206.24
16409,9383,60,1,31033.45
16410,9384,100,1,7124.64
16411,9385,45,1,551.6
16412,9385,171,3,3880.6
16413,9386,270,1,17284.63
16414,9386,198,1,9637.87
16415,9386,241,1,733.27
16416,9387,101,2,415.29
16417,9388,284,1,6638.63
16418,9388,77,1,1279.69
16419,9389,174,1,7160.39
16420,9389,291,1,7279.91
16421,9389,4,1,5462.48
16422,9390,213,2,4968.67
16423,9391,147,1,16009.78
16424,9392,184,1,5504.32
16425,9392,248,1,693.55
16426,9393,86,4,3579.69
16427,9393,293,1,1197.59
16428,9394,277,1,9016.84
16429,9395,158,2,63964.8
16430,9395,159,1,41428.97
16431,9395,223,2,5042.87
16432,9396,82,1,4862.04
16433,9397,104,1,11695.48
16434,9398,109,1,12832.36
16435,9399,27,1,3179.83
16436,9399,112,1,5638.53
16437,9399,292,1,1015.61
16438,9400,11,1,1052.53
16439,9401,251,1,1071.11
16440,9401,123,2,3845.49
16441,9402,100,1,8347.37
16442,9402,79,1,2461.19
16443,9402,63,1,1811.42
16444,9403,136,1,502.09
16445,9404,78,1,4098.38
16446,9405,169,1,7541.77
16447,9405,230,1,4426.71
16448,9405,101,1,450.88
16449,9406,264,3,1804.19
16450,9407,10,1,62655.54
16451,9408,42,2,4459.83
16452,9408,279,1,888.21
16453,9409,252,1,8497.58
16454,9409,36,1,2636.66
16455,9410,126,1,1030.29
16456,9411,106,4,41160.01
16457,9411,31,1,5587.35
16458,9411,219,3,1511.83
16459,9412,130,1,35261.29
16460,9412,264,3,1715.76
16461,9413,106,3,37013.19
16462,9414,194,1,6099.19
16463,9415,271,1,16176.83
16464,9415,73,3,470.44
16465,9416,120,1,3072.05
16466,9417,200,1,959.65
16467,9418,207,1,15926.47
16468,9419,121,2,66112.45
16469,9419,23,1,721.36
16470,9420,224,1,3835.3
16471,9421,209,1,1980.3
16472,9422,119,1,5264.1
16473,9422,245,2,1140.02
16474,9423,27,1,3628.6
16475,9423,163,1,1793.99
16476,9423,159,1,40854.78
16477,9423,29,2,34541.25
16478,9424,13,1,822.53
16479,9425,297,1,4368.05
16480,9425,188,1,72823.39
16481,9426,255,1,52546.37
16482,9427,96,1,52654.15
16483,9428,156,1,5764.07
16484,9429,265,2,9544.47
16485,9429,132,2,18226.62
16486,9429,151,2,2457.05
16487,9430,259,1,28969.97
16488,9431,11,2,949.88
16489,9431,166,1,54767.32
16490,9431,192,3,13690.98
16491,9432,257,1,4040.91
16492,9433,250,1,4120.71
16493,9433,52,1,1532.38
16494,9434,14,1,33622.92
16495,9434,60,1,32472.71
16496,9435,224,2,4145.63
16497,9435,69,1,5682.44
16498,9436,229,1,48699.16
16499,9436,282,3,965.26
16500,9436,205,1,8170.99
16501,9436,37,1,43922.42
16502,9437,148,2,50778.92
16503,9437,83,2,6405.77
16504,9437,195,1,2781.25
16505,9437,132,1,15905.15
16506,9438,147,1,16080.47
16507,9438,183,1,7866.97
16508,9438,113,1,1620.3
16509,9439,283,1,1137.27
16510,9440,15,1,65557.93
16511,9440,218,1,2432.83
16512,9441,149,3,4333.87
16513,9441,208,3,7126.33
16514,9441,235,4,33082.64
16515,9441,260,1,20897.37
16516,9442,16,2,5538.87
16517,9443,111,1,6623.58
16518,9444,12,1,30134.43
16519,9445,101,1,441.63
16520,9445,51,1,779.48
16521,9446,197,1,976.74
16522,9447,89,1,1630.81
16523,9448,146,1,991.38
16524,9449,151,1,2646.85
16525,9449,24,3,20024.05
16526,9450,249,3,44625.25
16527,9451,140,1,9338.01
16528,9451,9,3,8019.27
16529,9451,31,1,5653.17
16530,9452,235,1,31250.44
16531,9452,282,3,1056.15
16532,9453,215,3,5052.93
16533,9454,89,4,1583.14
16534,9454,150,2,1550.53
16535,9455,83,1,6359.78
16536,9456,58,2,6821.61
16537,9456,260,1,19445.35
16538,9457,26,2,2645.98
16539,9457,130,1,36839.02
16540,9457,48,2,957.09
16541,9458,148,2,47690.06
16542,9458,100,1,7354.83
16543,9459,118,1,5457.87
16544,9460,160,2,3142.51
16545,9461,97,1,5982.45
16546,9461,105,1,10156.78
16547,9462,88,1,55747.2
16548,9463,168,1,7279.01
16549,9463,201,2,5623.45
16550,9464,265,3,9804.87
16551,9465,299,1,1111.81
16552,9465,39,1,7330.33
16553,9465,210,2,15946.92
16554,9466,269,1,6411.85
16555,9467,37,3,44970.21
16556,9467,59,1,6450.2
16557,9468,45,4,605.37
16558,9469,148,1,48798.79
16559,9470,240,1,8460.65
16560,9471,221,1,1265.85
16561,9471,210,1,14849.93
16562,9472,210,2,14781.45
16563,9472,250,2,4325.61
16564,9472,228,1,42156.92
16565,9472,145,1,505.3
16566,9473,215,1,5698.43
16567,9474,13,4,907.54
16568,9474,5,2,80918.98
16569,9474,137,1,1545.97
16570,9475,149,1,4459.32
16571,9476,244,2,68488.85
16572,9476,114,1,4681.78
16573,9476,78,2,3789.35
16574,9476,279,1,939.3
16575,9477,209,2,2021.78
16576,9478,287,1,1151.0
16577,9478,190,1,14851.37
16578,9479,77,2,1403.08
16579,9479,91,1,4399.46
16580,9480,214,4,28826.84
16581,9481,48,1,828.05
16582,9481,72,1,5785.94
16583,9481,229,2,49850.51
16584,9481,225,4,5415.76
16585,9482,198,3,8511.39
16586,9482,90,3,16190.21
16587,9482,22,2,3792.58
16588,9483,220,1,651.35
16589,9484,78,1,4136.23
16590,9485,9,2,8135.8
16591,9486,170,2,44417.89
16592,9487,211,1,4347.23
16593,9487,124,1,5676.85
16594,9488,127,1,34771.39
16595,9489,138,1,66608.19
16596,9490,222,1,9014.06
16597,9491,265,1,8778.52
16598,9491,28,1,418.02
16599,9491,56,1,8599.09
16600,9492,261,1,1416.71
16601,9493,102,1,2768.64
16602,9493,200,1,1009.69
16603,9494,10,1,69526.23
16604,9494,112,1,5718.9
16605,9495,178,1,13797.11
16606,9496,103,1,1973.73
16607,9496,83,1,5766.73
16608,9497,89,1,1622.75
16609,9498,204,1,80866.48
16610,9498,177,1,5611.31
16611,9499,89,1,1557.93
16612,9500,12,2,33443.7
16613,9501,80,1,71313.29
16614,9501,214,1,31092.23
16615,9501,250,4,4265.25
16616,9501,237,2,5008.39
16617,9502,298,2,215.3
16618,9503,77,1,1229.22
16619,9504,222,2,9770.3
16620,9505,42,1,4809.42
16621,9505,270,3,17170.74
16622,9506,292,2,1081.78
16623,9506,149,1,4191.22
16624,9507,191,1,44429.16
16625,9508,88,1,64243.25
16626,9508,209,1,2134.89
16627,9509,72,1,5697.72
16628,9509,190,3,15160.16
16629,9509,139,2,3258.64
16630,9510,75,1,42971.78
16631,9510,229,3,50930.01
16632,9511,241,2,759.99
16633,9511,21,1,22436.32
16634,9511,145,3,511.51
16635,9512,198,2,9773.6
16636,9513,80,1,69225.21
16637,9514,80,1,81193.34
16638,9514,179,2,1245.85
16639,9515,118,1,6297.24
16640,9515,266,1,3324.78
16641,9516,209,3,1981.74
16642,9516,233,2,5869.55
16643,9517,261,1,1462.23
16644,9517,214,1,32952.7
16645,9517,172,2,19770.69
16646,9518,81,1,3681.54
16647,9518,79,1,2477.03
16648,9519,84,2,20393.93
16649,9520,19,1,10418.58
16650,9520,250,1,4091.73
16651,9521,282,1,1027.37
16652,9522,240,1,8085.03
16653,9523,88,1,63599.57
16654,9524,259,3,26580.63
16655,9524,183,1,7078.43
16656,9525,285,3,372.65
16657,9525,227,1,2068.64
16658,9526,110,1,7147.88
16659,9526,171,2,4523.22
16660,9526,180,2,16667.94
16661,9526,122,1,19755.29
16662,9527,170,2,41559.25
16663,9528,223,2,5415.56
16664,9529,92,1,55930.58
16665,9530,69,1,5587.82
16666,9530,164,1,13918.52
16667,9530,233,2,6187.24
16668,9531,296,1,2599.3
16669,9532,263,1,1109.08
16670,9533,281,1,6336.8
16671,9534,99,1,15924.53
16672,9534,156,1,6154.61
16673,9534,87,1,37492.95
16674,9535,74,2,19775.22
16675,9536,17,1,287.28
16676,9537,251,2,1059.51
16677,9537,120,3,3098.67
16678,9538,258,2,5386.1
16679,9538,76,1,2700.3
16680,9539,169,1,7509.34
16681,9539,122,2,19132.7
16682,9540,141,2,4258.68
16683,9541,194,1,6791.91
16684,9542,55,1,696.29
16685,9543,133,1,5111.57
16686,9543,99,1,18606.7
16687,9543,293,1,1055.56
16688,9543,5,2,76852.62
16689,9544,261,3,1427.48
16690,9545,132,1,18083.56
16691,9546,284,2,6444.59
16692,9547,39,1,7283.43
16693,9548,107,1,5709.04
16694,9549,156,1,6220.96
16695,9549,95,4,2240.87
16696,9549,75,1,37457.56
16697,9550,7,1,438.04
16698,9550,267,4,3357.9
16699,9550,182,1,43940.83
16700,9551,37,1,43733.2
16701,9552,251,1,1003.92
16702,9552,132,1,18270.56
16703,9552,291,1,8361.57
16704,9553,42,1,4610.49
16705,9554,98,2,4261.18
16706,9555,171,1,4282.97
16707,9556,210,1,15834.68
16708,9557,95,1,2339.91
16709,9558,102,1,2626.08
16710,9558,32,1,3073.15
16711,9559,254,1,13399.44
16712,9559,181,1,14428.36
16713,9559,273,2,1312.85
16714,9560,162,1,42325.52
16715,9560,250,1,4402.28
16716,9560,64,2,1775.84
16717,9561,86,2,3980.3
16718,9562,291,1,7597.2
16719,9562,52,1,1523.18
16720,9563,237,2,4996.66
16721,9563,261,1,1428.56
16722,9563,186,2,2669.72
16723,9564,208,1,7183.51
16724,9565,284,2,7124.1
16725,9565,3,1,7656.09
16726,9566,225,1,4872.31
16727,9566,253,1,20955.42
16728,9567,145,3,524.71
16729,9568,2,1,1990.33
16730,9568,289,1,4315.88
16731,9569,203,1,5601.93
16732,9569,193,1,19342.66
16733,9570,226,1,6616.5
16734,9571,41,1,8249.24
16735,9571,256,2,1656.54
16736,9571,30,1,4765.12
16737,9571,22,1,3917.38
16738,9572,28,1,444.81
16739,9573,226,1,5703.19
16740,9573,107,1,5253.48
16741,9573,263,2,1216.12
16742,9573,3,2,6773.97
16743,9574,74,1,19368.84
16744,9574,168,2,6486.82
16745,9575,130,2,36341.16
16746,9576,131,1,3625.23
16747,9577,35,1,45529.78
16748,9577,110,1,7455.54
16749,9578,6,2,35486.99
16750,9579,129,1,46611.9
16751,9580,73,2,445.77
16752,9580,128,2,5350.48
16753,9581,202,2,27160.05
16754,9581,297,1,3925.06
16755,9581,154,1,41937.94
16756,9581,126,1,910.09
16757,9582,27,1,3550.4
16758,9583,277,1,7952.1
16759,9584,258,1,5152.56
16760,9584,257,2,3933.89
16761,9585,192,3,12582.22
16762,9585,129,2,44285.15
16763,9586,21,1,23089.26
16764,9587,13,2,820.17
16765,9587,263,1,1203.76
16766,9588,255,2,46658.52
16767,9589,220,1,647.94
16768,9590,64,1,1753.43
16769,9591,13,2,860.66
16770,9591,18,1,1590.79
16771,9592,256,1,1653.12
16772,9593,262,2,5359.43
16773,9593,182,1,47340.59
16774,9594,198,3,8800.48
16775,9595,245,1,1191.48
16776,9596,54,1,14488.77
16777,9596,255,3,47325.59
16778,9596,87,1,38969.45
16779,9596,52,2,1654.35
16780,9597,224,2,4364.4
16781,9597,274,2,74381.96
16782,9597,38,1,1525.27
16783,9598,94,3,1539.22
16784,9598,217,1,3505.12
16785,9599,220,1,576.33
16786,9599,138,1,66477.18
16787,9600,165,1,7299.53
16788,9600,252,2,8065.24
16789,9601,92,1,62722.98
16790,9602,193,2,19391.43
16791,9602,89,1,1775.72
16792,9603,295,2,5193.36
16793,9604,14,1,34220.13
16794,9604,258,2,5779.68
16795,9604,128,1,5177.63
16796,9605,104,1,10677.55
16797,9606,67,2,5237.26
16798,9606,145,3,572.86
16799,9607,261,3,1543.06
16800,9608,282,2,973.16
16801,9609,98,1,4651.61
16802,9610,46,3,1504.86
16803,9611,24,1,19768.56
16804,9611,126,1,1054.98
16805,9612,279,1,939.46
16806,9612,173,1,28886.34
16807,9613,59,1,6554.87
16808,9614,106,1,37512.38
16809,9615,137,2,1678.13
16810,9615,29,1,34863.15
16811,9616,291,1,7969.67
16812,9617,62,2,15176.57
16813,9617,38,2,1590.11
16814,9617,130,1,38251.26
16815,9618,170,1,42316.34
16816,9618,262,1,5101.77
16817,9619,49,2,13247.02
16818,9619,172,1,19725.16
16819,9620,184,1,5306.07
16820,9620,90,1,16300.6
16821,9620,69,3,5613.47
16822,9620,51,1,769.1
16823,9621,128,2,5512.81
16824,9622,186,3,3072.67
16825,9622,137,1,1684.0
16826,9623,55,1,657.72
16827,9623,89,3,1546.97
16828,9624,22,1,3792.72
16829,9624,101,1,406.77
16830,9625,10,1,62824.55
16831,9625,229,1,51084.94
16832,9626,210,1,16644.77
16833,9626,186,1,3020.95
16834,9626,266,1,3459.92
16835,9627,180,1,15185.76
16836,9628,160,3,2938.72
16837,9628,164,2,14778.77
16838,9628,84,1,22096.96
16839,9629,146,1,1088.48
16840,9629,62,2,14706.01
16841,9630,137,1,1671.89
16842,9630,83,3,6291.22
16843,9631,75,1,41769.02
16844,9632,92,1,55364.82
16845,9633,30,1,4731.26
16846,9633,182,2,46368.02
16847,9633,46,3,1570.62
16848,9634,278,1,1637.1
16849,9634,152,1,6578.28
16850,9634,68,1,51189.4
16851,9635,289,2,4591.21
16852,9635,108,2,35533.05
16853,9636,167,1,25212.59
16854,9637,179,1,1420.08
16855,9638,276,1,48875.36
16856,9639,133,2,5312.93
16857,9640,243,1,11680.08
16858,9640,35,1,40449.93
16859,9640,34,3,2078.31
16860,9641,47,4,5080.19
16861,9642,288,2,1118.86
16862,9643,174,1,6668.07
16863,9643,143,1,1631.2
16864,9644,183,1,7326.78
16865,9644,108,1,36604.26
16866,9645,177,1,5257.01
16867,9645,166,1,54633.63
16868,9646,245,2,1120.76
16869,9647,176,1,63242.5
16870,9648,58,1,6827.45
16871,9648,95,2,2198.26
16872,9649,136,1,536.29
16873,9649,283,1,1115.77
16874,9650,140,1,9903.81
16875,9650,138,1,61264.66
16876,9650,65,1,1048.54
16877,9650,20,1,733.95
16878,9651,213,1,5168.42
16879,9651,280,1,31009.91
16880,9652,94,1,1626.55
16881,9652,69,1,6044.9
16882,9653,186,3,3059.05
16883,9653,294,1,1140.6
16884,9653,127,1,33492.05
16885,9654,283,1,1163.48
16886,9655,73,1,494.49
16887,9656,292,1,1038.6
16888,9657,63,1,1974.47
16889,9657,1,1,490.58
16890,9657,148,2,46397.77
16891,9658,56,1,9874.08
16892,9659,73,1,460.35
16893,9659,147,1,17269.57
16894,9660,203,1,5992.36
16895,9661,210,3,14583.24
16896,9661,186,2,2814.12
16897,9662,90,1,16623.03
16898,9663,237,3,4837.53
16899,9664,292,2,980.64
16900,9665,40,1,1629.0
16901,9666,56,1,9177.46
16902,9667,265,1,8998.0
16903,9668,44,3,17213.54
16904,9669,157,1,4527.44
16905,9670,211,2,4177.34
16906,9670,196,1,308.2
16907,9670,84,1,22052.19
16908,9671,294,1,1262.96
16909,9672,29,1,34652.44
16910,9673,156,3,5585.42
16911,9674,224,2,4046.85
16912,9675,264,1,1699.66
16913,9675,6,1,37863.98
16914,9676,98,3,4319.85
16915,9676,283,1,1163.16
16916,9676,250,1,4178.44
16917,9677,23,1,781.24
16918,9678,281,1,6538.68
16919,9678,213,4,5448.73
16920,9679,57,3,47039.3
16921,9679,68,1,46475.34
16922,9680,150,2,1630.33
16923,9680,214,1,32641.05
16924,9681,269,1,6652.53
16925,9681,133,3,4714.07
16926,9681,107,1,5824.63
16927,9682,215,1,5888.64
16928,9683,209,2,2313.16
16929,9684,222,3,9211.48
16930,9685,31,1,5355.87
16931,9685,113,3,1678.38
16932,9686,91,1,4926.93
16933,9687,296,1,2737.86
16934,9687,198,2,8460.3
16935,9687,203,2,5745.69
16936,9688,133,1,5076.52
16937,9689,279,1,800.67
16938,9689,198,1,8810.17
16939,9689,187,1,1139.17
16940,9690,166,1,52446.75
16941,9691,84,1,24020.84
16942,9691,279,1,918.74
16943,9691,135,1,2813.85
16944,9692,37,1,41636.43
16945,9693,54,2,14453.28
16946,9693,188,1,79303.54
16947,9694,236,1,2052.66
16948,9694,137,1,1620.75
16949,9695,179,1,1224.53
16950,9696,279,1,904.42
16951,9696,46,4,1551.51
16952,9696,257,1,4125.81
16953,9697,157,1,4418.97
16954,9697,95,1,2544.35
16955,9698,46,1,1543.8
16956,9699,251,3,1081.31
16957,9699,170,1,42086.94
16958,9700,173,2,25143.33
16959,9701,197,3,990.45
16960,9701,88,2,58028.94
16961,9702,33,1,1068.46
16962,9703,28,1,449.95
16963,9703,213,3,5452.3
16964,9704,51,1,758.59
16965,9704,33,1,1077.79
16966,9705,189,1,19579.78
16967,9705,126,3,955.55
16968,9705,150,1,1624.14
16969,9705,34,2,1986.58
16970,9706,41,2,8227.22
16971,9707,195,3,2916.76
16972,9708,269,2,7285.89
16973,9709,73,1,452.11
16974,9709,174,1,7788.67
16975,9710,59,2,6303.43
16976,9711,290,1,2429.12
16977,9711,160,2,2738.88
16978,9711,83,1,6110.32
16979,9712,36,1,2540.96
16980,9712,56,1,9032.3
16981,9712,245,1,1137.83
16982,9712,262,1,5125.28
16983,9713,188,1,75992.07
16984,9713,226,1,6085.33
16985,9713,62,2,13753.12
16986,9713,64,1,1568.03
16987,9714,39,1,7847.52
16988,9715,106,1,35377.58
16989,9716,180,1,17208.57
16990,9717,96,2,56570.57
16991,9717,33,2,1221.37
16992,9717,212,2,9017.95
16993,9718,23,1,761.45
16994,9718,65,2,1112.15
16995,9719,19,1,9161.82
16996,9720,24,2,19340.35
16997,9721,17,1,271.97
16998,9721,246,1,379.7
16999,9721,57,2,48899.75
17000,9722,4,4,5599.68
17001,9723,241,1,739.76
17002,9723,183,1,7127.67
17003,9724,287,2,1168.18
17004,9724,93,3,4682.02
17005,9725,288,1,1261.16
17006,9726,127,2,38800.5
17007,9727,180,1,17809.26
17008,9727,21,1,22634.34
17009,9727,37,3,46358.47
17010,9728,50,1,43473.63
17011,9729,220,1,674.65
17012,9729,151,1,2676.41
17013,9730,218,1,2297.35
17014,9730,116,1,41273.45
17015,9730,107,1,5554.91
17016,9731,136,1,520.66
17017,9732,112,1,6272.46
17018,9733,2,1,2037.2
17019,9733,92,4,62254.38
17020,9734,279,1,898.45
17021,9735,229,1,46820.62
17022,9736,156,1,5284.45
17023,9737,127,1,33278.79
17024,9737,131,1,3265.26
17025,9737,209,3,2018.62
17026,9737,261,2,1434.77
17027,9738,143,1,1587.26
17028,9738,19,2,8931.77
17029,9739,198,1,9800.37
17030,9740,134,2,2745.19
17031,9741,259,1,27895.55
17032,9741,173,1,26523.23
17033,9741,5,4,75191.33
17034,9742,84,1,20246.17
17035,9742,82,1,5124.71
17036,9742,78,4,3939.64
17037,9743,139,3,3437.98
17038,9744,49,1,12795.08
17039,9744,234,1,14294.55
17040,9745,212,2,9187.41
17041,9746,106,1,35681.65
17042,9747,201,1,6036.71
17043,9747,263,1,1114.96
17044,9747,123,1,3850.96
17045,9748,141,1,4551.23
17046,9748,31,1,5125.72
17047,9749,167,1,22472.03
17048,9750,56,1,10059.22
17049,9751,9,1,7970.87
17050,9752,122,1,20518.84
17051,9752,211,1,4222.85
17052,9752,75,1,41202.69
17053,9752,44,1,16548.39
17054,9753,221,1,1411.31
17055,9754,55,2,634.19
17056,9754,24,1,17625.06
17057,9755,4,1,5581.03
17058,9755,118,1,5668.03
17059,9756,120,1,3468.57
17060,9756,267,2,2962.19
17061,9757,220,4,569.88
17062,9757,102,1,2568.06
17063,9758,102,4,2733.5
17064,9758,229,1,46022.62
17065,9759,49,2,13723.07
17066,9760,91,1,4497.0
17067,9761,214,1,29068.19
17068,9761,194,3,6288.41
17069,9761,278,3,1770.69
17070,9761,168,1,7174.18
17071,9762,76,1,2733.25
17072,9763,157,1,4480.99
17073,9764,93,1,4252.49
17074,9765,45,1,547.24
17075,9766,162,2,37399.11
17076,9767,16,4,5431.21
17077,9768,65,1,1009.87
17078,9769,40,1,1504.57
17079,9769,250,2,4151.92
17080,9770,227,2,2276.68
17081,9770,270,1,15497.85
17082,9770,300,1,1069.27
17083,9770,266,2,3344.68
17084,9771,78,1,4218.82
17085,9771,31,1,5675.4
17086,9772,80,1,71436.14
17087,9772,272,1,41781.73
17088,9772,116,1,45864.53
17089,9772,215,3,5205.89
17090,9773,109,1,11689.86
17091,9774,174,4,6924.93
17092,9775,192,3,14334.49
17093,9776,270,1,15823.86
17094,9776,135,1,3078.45
17095,9777,283,2,1187.54
17096,9777,188,1,80021.86
17097,9777,128,1,5457.19
17098,9777,30,2,5097.53
17099,9778,300,1,1038.44
17100,9779,223,3,4971.81
17101,9779,293,2,1091.89
17102,9780,232,1,5163.85
17103,9780,104,1,12148.22
17104,9781,286,1,1873.99
17105,9782,53,1,45074.25
17106,9783,197,1,1018.14
17107,9784,123,1,3799.58
17108,9785,173,2,25047.42
17109,9785,6,2,36122.85
17110,9785,175,1,6274.12
17111,9786,149,1,4232.67
17112,9787,28,3,386.55
17113,9787,92,1,57459.24
17114,9787,99,2,17072.44
17115,9788,54,1,16066.09
17116,9788,268,1,15460.97
17117,9789,228,1,47559.23
17118,9790,266,2,3661.25
17119,9791,34,1,2133.95
17120,9791,287,3,1126.07
17121,9792,152,1,6986.51
17122,9792,202,1,26213.8
17123,9793,292,1,923.02
17124,9793,67,1,5382.52
17125,9794,258,1,5343.17
17126,9795,250,2,4240.9
17127,9795,96,1,55227.28
17128,9795,174,1,7445.11
17129,9796,205,1,9539.0
17130,9797,29,1,36594.68
17131,9797,14,1,30276.24
17132,9798,18,2,1353.25
17133,9799,233,1,6215.52
17134,9799,188,1,73124.89
17135,9800,103,1,2027.24
17136,9801,198,1,8439.18
17137,9802,192,4,12570.61
17138,9803,93,2,4237.54
17139,9803,151,1,2619.54
17140,9803,281,1,6138.23
17141,9803,269,1,7255.11
17142,9804,53,1,50365.83
17143,9805,77,1,1203.7
17144,9806,47,1,5080.4
17145,9807,282,1,994.12
17146,9808,111,1,6568.47
17147,9808,156,3,5348.46
17148,9808,150,1,1704.4
17149,9809,14,1,30144.42
17150,9810,140,1,10330.23
17151,9810,26,1,2405.67
17152,9810,208,1,7696.56
17153,9811,106,1,37928.69
17154,9812,60,2,34783.56
17155,9813,58,3,6005.87
17156,9813,156,2,6270.54
17157,9814,51,2,769.3
17158,9815,151,1,2842.12
17159,9815,14,1,30586.67
17160,9815,272,2,37759.91
17161,9816,47,2,5213.29
17162,9817,242,1,7281.44
17163,9818,297,3,3964.28
17164,9819,264,1,1853.75
17165,9820,253,2,21313.6
17166,9820,263,1,1108.47
17167,9821,154,1,41771.09
17168,9822,31,2,5348.37
17169,9823,225,1,5257.42
17170,9824,152,2,6815.37
17171,9825,70,1,2253.95
17172,9826,262,1,5919.64
17173,9827,129,1,44876.4
17174,9828,248,3,640.5
17175,9828,94,1,1539.23
17176,9829,275,1,1142.3
17177,9829,279,1,854.45
17178,9830,13,1,847.08
17179,9830,295,2,5339.54
17180,9830,126,1,961.8
17181,9831,20,1,702.43
17182,9831,35,2,45382.92
17183,9832,106,1,41004.72
17184,9833,37,2,42546.15
17185,9834,238,1,1534.47
17186,9834,168,2,6577.97
17187,9835,77,2,1387.46
17188,9836,296,2,2331.28
17189,9836,141,1,4116.38
17190,9837,227,1,2260.51
17191,9838,111,1,6350.48
17192,9838,162,1,41862.18
17193,9839,156,1,5346.56
17194,9839,251,1,1018.32
17195,9840,233,1,5967.65
17196,9841,190,1,15107.2
17197,9842,46,2,1631.26
17198,9843,26,2,2788.43
17199,9844,22,1,3521.08
17200,9845,189,1,18210.45
17201,9846,262,2,5887.14
17202,9847,24,1,19009.94
17203,9847,182,1,42943.89
17204,9847,112,1,5566.39
17205,9848,276,1,46341.44
17206,9848,111,1,6200.63
17207,9849,220,1,568.8
17208,9849,296,2,2514.75
17209,9849,106,1,40899.38
17210,9850,39,1,6792.4
17211,9850,284,3,6220.79
17212,9850,255,3,46526.0
17213,9851,67,1,5566.72
17214,9851,92,2,63231.78
17215,9852,165,1,6853.65
17216,9852,145,1,540.04
17217,9853,149,1,4672.46
17218,9854,267,1,3386.81
17219,9854,251,2,998.22
17220,9855,127,2,38137.35
17221,9855,215,2,5789.66
17222,9856,203,2,5822.61
17223,9856,150,1,1559.56
17224,9857,266,1,3886.6
17225,9858,217,1,3747.35
17226,9858,60,1,32243.06
17227,9859,105,1,10386.39
17228,9859,100,2,7099.28
17229,9860,278,1,1523.05
17230,9861,183,1,7896.52
17231,9861,1,2,441.24
17232,9862,112,4,6253.16
17233,9863,203,2,5707.11
17234,9863,133,1,5422.18
17235,9864,198,3,9171.4
17236,9864,215,1,5483.86
17237,9865,27,2,3469.48
17238,9865,261,1,1404.79
17239,9866,207,1,14597.99
17240,9866,114,1,5130.4
17241,9867,141,1,4373.79
17242,9868,80,1,74591.67
17243,9868,180,1,15200.37
17244,9869,220,1,582.39
17245,9869,161,1,5535.1
17246,9869,180,1,15244.55
17247,9870,232,2,5987.21
17248,9871,223,2,5754.54
17249,9871,234,2,13865.23
17250,9872,283,2,1145.52
17251,9873,210,1,15457.43
17252,9874,69,2,6191.15
17253,9875,76,2,2646.13
17254,9875,228,2,48308.27
17255,9876,33,1,1164.95
17256,9877,82,1,4761.95
17257,9877,250,1,3791.1
17258,9878,74,1,18254.37
17259,9879,223,1,5110.86
17260,9880,217,3,3714.58
17261,9880,119,2,5374.99
17262,9880,86,1,3914.17
17263,9880,103,1,2002.28
17264,9881,4,1,5623.52
17265,9882,175,4,6531.97
17266,9883,127,1,37758.1
17267,9884,47,2,5507.03
17268,9885,109,1,12509.98
17269,9885,37,2,44581.29
17270,9886,8,1,3178.53
17271,9887,197,1,1153.75
17272,9887,105,2,10519.91
17273,9888,59,1,6069.07
17274,9889,109,1,11740.65
17275,9889,243,1,10985.37
17276,9890,160,1,3053.88
17277,9891,216,3,66162.7
17278,9892,148,1,45021.86
17279,9892,258,2,5479.79
17280,9893,50,2,39825.1
17281,9894,294,1,1195.3
17282,9895,210,1,16389.21
17283,9895,93,2,4731.24
17284,9895,275,2,1153.11
17285,9896,164,2,14726.81
17286,9896,239,2,7672.94
17287,9896,118,1,5393.15
17288,9897,48,2,920.58
17289,9898,138,1,68608.84
17290,9898,166,3,52242.56
17291,9898,28,1,398.84
17292,9899,57,1,48269.75
17293,9899,70,1,2623.63
17294,9900,120,2,3184.68
17295,9900,60,2,35044.57
17296,9900,264,1,1646.88
17297,9901,208,4,7475.19
17298,9901,36,1,2587.31
17299,9901,98,2,4790.0
17300,9902,283,1,1271.75
17301,9903,248,1,714.76
17302,9903,102,1,2994.08
17303,9903,81,1,3564.3
17304,9904,186,2,2748.58
17305,9905,220,2,578.9
17306,9906,149,4,4802.94
17307,9907,158,1,57878.12
17308,9908,167,1,24732.43
17309,9909,183,1,8122.55
17310,9910,189,2,19103.54
17311,9910,100,1,7664.28
17312,9910,27,1,3177.62
17313,9911,193,1,18151.66
17314,9911,61,1,4201.46
17315,9912,189,2,20143.88
17316,9913,226,1,6505.91
17317,9913,229,3,52346.86
17318,9914,226,1,6694.87
17319,9914,153,1,5051.58
17320,9914,167,2,22810.95
17321,9915,230,4,4365.71
17322,9916,284,1,6276.28
17323,9917,293,1,1232.69
17324,9917,14,1,32397.04
17325,9917,97,1,5530.6
17326,9918,271,1,16406.06
17327,9918,193,3,18898.96
17328,9919,130,3,40097.33
17329,9920,182,2,47073.27
17330,9921,274,3,66540.51
17331,9921,233,1,6056.87
17332,9921,140,1,10752.59
17333,9921,218,1,2458.4
17334,9922,232,2,5463.05
17335,9922,209,2,2056.75
17336,9923,296,1,2724.13
17337,9923,132,1,16578.44
17338,9923,263,1,1120.02
17339,9924,54,1,16271.19
17340,9924,27,1,3502.49
17341,9925,52,1,1659.33
17342,9926,236,1,2052.63
17343,9926,61,1,4573.71
17344,9926,139,1,3476.35
17345,9927,111,1,6298.58
17346,9928,87,1,39420.4
17347,9928,57,1,47996.25
17348,9929,214,1,33347.87
17349,9930,207,2,15352.82
17350,9930,131,1,3639.41
17351,9930,205,1,9173.18
17352,9931,177,1,4952.88
17353,9931,42,1,4562.9
17354,9932,235,1,31752.31
17355,9933,109,1,13121.7
17356,9933,247,1,4689.62
17357,9934,10,1,63340.43
17358,9934,141,2,4362.91
17359,9934,283,1,1287.13
17360,9935,133,1,5102.56
17361,9935,247,1,5410.82
17362,9935,124,1,5639.76
17363,9936,210,1,16967.53
17364,9937,204,4,74803.03
17365,9938,74,1,19191.64
17366,9939,285,2,374.8
17367,9940,90,1,18100.1
17368,9940,81,1,3751.59
17369,9940,53,1,47209.53
17370,9941,86,2,3832.96
17371,9941,297,4,4148.0
17372,9942,195,1,2893.23
17373,9942,184,1,5029.19
17374,9943,135,2,2981.38
17375,9943,72,1,5554.35
17376,9944,15,2,68352.17
17377,9945,225,1,4996.69
17378,9946,22,3,3535.21
17379,9946,55,3,592.05
17380,9946,182,1,47470.04
17381,9947,147,1,15130.82
17382,9948,114,1,4698.62
17383,9948,199,2,1650.76
17384,9949,188,1,73203.41
17385,9950,90,1,16654.42
17386,9951,226,2,6105.11
17387,9952,292,1,933.75
17388,9953,103,1,1760.59
17389,9953,240,1,8919.88
17390,9954,175,4,5959.59
17391,9954,160,3,3100.62
17392,9954,127,1,33941.23
17393,9954,191,1,48590.15
17394,9955,277,1,9259.92
17395,9956,50,1,39438.16
17396,9956,290,2,2745.9
17397,9956,62,2,13345.1
17398,9957,203,1,5609.3
17399,9958,179,3,1238.05
17400,9958,115,1,1583.35
17401,9959,216,2,67898.54
17402,9959,285,1,378.07
17403,9960,247,1,5211.36
17404,9961,101,2,425.55
17405,9962,122,2,20009.18
17406,9963,159,3,41890.23
17407,9964,65,2,1114.13
17408,9964,283,3,1317.34
17409,9964,2,1,2038.24
17410,9965,183,3,7818.57
17411,9966,81,1,3592.25
17412,9967,121,1,61729.44
17413,9967,49,3,12612.45
17414,9968,10,1,64505.58
17415,9969,178,1,13172.1
17416,9970,238,1,1625.21
17417,9971,33,1,1192.74
17418,9971,26,1,2666.58
17419,9971,69,1,5275.63
17420,9972,28,1,410.63
17421,9972,130,2,41228.79
17422,9972,69,3,5726.39
17423,9973,150,1,1622.1
17424,9973,190,1,16791.64
17425,9973,95,1,2485.26
17426,9974,268,1,15598.95
17427,9975,153,1,5116.25
17428,9976,3,1,6790.38
17429,9976,131,1,3115.67
17430,9976,204,1,78723.32
17431,9977,137,1,1666.03
17432,9977,157,2,4637.12
17433,9977,224,2,4085.28
17434,9978,187,1,1163.67
17435,9979,43,1,1259.92
17436,9979,208,1,7457.17
17437,9980,39,3,6907.73
17438,9981,198,3,9232.41
17439,9982,207,3,16750.16
17440,9983,250,2,3813.07
17441,9983,295,2,5264.21
17442,9983,33,1,1253.54
17443,9984,293,1,1059.66
17444,9984,68,2,48033.27
17445,9984,6,1,35994.99
17446,9985,254,2,12818.52
17447,9986,271,1,15672.26
17448,9987,22,1,3995.73
17449,9988,138,1,64636.72
17450,9989,295,1,4827.39
17451,9990,214,2,33786.22
17452,9991,137,1,1753.49
17453,9991,233,2,6156.64
17454,9991,107,1,5060.25
17455,9992,87,2,42832.38
17456,9992,134,3,2984.01
17457,9992,259,3,27397.78
17458,9993,86,1,3945.27
17459,9993,179,1,1364.22
17460,9993,248,1,616.61
17461,9994,8,1,2998.58
17462,9994,185,3,2846.24
17463,9995,266,1,3674.43
17464,9995,87,1,40660.1
17465,9996,48,2,900.98
17466,9996,234,1,13685.68
17467,9997,102,2,2846.69
17468,9997,213,2,5032.47
17469,9998,148,1,44875.63
17470,9999,177,1,5000.81
17471,10000,111,1,6330.96
17472,10000,134,1,2813.21
17473,10001,15,1,69280.87
17474,10001,255,3,48746.02
17475,10002,101,1,422.4
17476,10003,63,1,1856.08
17477,10003,14,1,33223.39
17478,10004,272,1,37671.04
17479,10004,217,1,3265.0
17480,10004,179,3,1288.47
17481,10005,161,2,5738.52
17482,10006,284,2,6620.7
17483,10007,215,2,5079.39
17484,10007,281,2,6159.64
17485,10007,151,1,2792.97
17486,10007,26,1,2590.55
17487,10008,78,1,3735.99
17488,10009,101,1,410.81
17489,10010,271,1,17140.59
17490,10010,197,1,1036.89
17491,10011,55,1,609.91
17492,10011,39,1,6988.65
17493,10011,136,1,504.35
17494,10011,165,2,7265.19
17495,10012,127,1,33099.42
17496,10013,103,2,1998.11
17497,10014,185,1,2605.02
17498,10015,300,3,1080.92
17499,10015,274,2,65592.58
17500,10016,61,1,4654.68
17501,10016,231,1,13867.65
17502,10016,34,2,2065.62
17503,10017,24,1,19468.34
17504,10017,137,1,1724.43
17505,10017,84,1,21550.64
17506,10017,74,1,17262.87
17507,10018,187,2,1081.19
17508,10018,243,1,11139.17
17509,10018,163,1,1890.66
17510,10019,6,1,36293.09
17511,10020,300,2,1065.98
17512,10020,196,1,283.33
17513,10021,131,1,3596.55
17514,10021,123,2,3629.84
17515,10022,237,3,4908.17
17516,10023,280,1,27881.79
17517,10023,20,3,714.34
17518,10024,275,1,1095.64
17519,10025,131,2,3446.9
17520,10025,241,1,755.98
17521,10026,13,1,909.57
17522,10026,129,1,46630.12
17523,10027,172,1,20654.04
17524,10028,128,1,5285.62
17525,10028,19,1,10114.33
17526,10029,7,1,433.51
17527,10030,262,1,5957.1
17528,10031,279,1,912.81
17529,10032,211,1,4188.75
17530,10032,294,1,1136.29
17531,10032,273,1,1317.29
17532,10032,64,2,1537.92
17533,10033,169,1,6836.09
17534,10034,142,1,12502.7
17535,10034,277,1,9141.57
17536,10034,174,4,6737.04
17537,10035,39,1,6736.88
17538,10036,162,1,39900.53
17539,10037,153,2,4882.71
17540,10038,144,3,4818.28
17541,10039,108,1,34136.7
17542,10039,182,1,45298.1
17543,10039,119,1,5486.57
17544,10040,237,1,4776.72
17545,10041,100,1,7091.16
17546,10041,125,1,1098.95
17547,10042,35,1,46992.53
17548,10042,23,1,781.93
17549,10043,122,1,17368.24
17550,10044,83,1,6289.42
17551,10045,217,3,3513.43
17552,10046,36,1,2774.92
17553,10046,71,1,4622.68
17554,10047,182,2,42749.83
17555,10047,11,1,1088.78
17556,10047,153,1,4831.09
17557,10048,196,1,287.56
17558,10048,45,2,584.61
17559,10049,54,3,14296.29
17560,10050,102,1,2997.37
17561,10050,18,1,1491.0
17562,10051,274,3,70825.05
17563,10051,199,1,1755.99
17564,10052,262,1,5104.93
17565,10053,108,1,34937.11
17566,10054,177,2,5636.38
17567,10055,134,2,2814.95
17568,10055,6,2,40316.58
17569,10056,121,4,66786.78
17570,10056,237,1,4664.34
17571,10057,34,1,1873.35
17572,10057,16,2,5510.08
17573,10058,9,4,8397.32
17574,10058,275,3,1071.81
17575,10058,145,1,499.92
17576,10059,175,3,6609.92
17577,10059,192,1,12493.25
17578,10059,77,1,1198.71
17579,10060,170,1,42997.55
17580,10061,29,4,35864.82
17581,10062,71,3,5126.74
17582,10063,222,1,9586.44
17583,10063,245,2,1065.34
17584,10064,40,1,1568.66
17585,10065,78,2,4236.82
17586,10065,140,1,10238.17
17587,10065,189,1,19276.0
17588,10066,7,1,460.78
17589,10067,190,1,16483.73
17590,10067,275,1,1096.27
17591,10068,260,3,18987.02
17592,10068,232,1,5600.46
17593,10068,185,1,2680.9
17594,10069,48,3,824.92
17595,10070,178,1,13486.07
17596,10070,192,1,13308.64
17597,10070,69,1,5634.16
17598,10071,144,1,4596.14
17599,10071,155,1,4941.18
17600,10071,27,1,3385.61
17601,10072,52,2,1513.49
17602,10073,140,2,10625.3
17603,10074,258,2,5179.68
17604,10074,112,1,6366.18
17605,10074,253,2,21399.05
17606,10075,70,1,2272.12
17607,10075,60,2,33328.59
17608,10075,281,1,6385.39
17609,10075,139,1,3538.05
17610,10076,69,1,5700.22
17611,10077,219,1,1428.6
17612,10078,200,4,1022.24
17613,10079,31,1,5706.45
17614,10080,293,3,1080.66
17615,10080,36,2,2604.92
17616,10081,7,2,429.61
17617,10081,255,1,50072.77
17618,10082,42,1,4906.77
17619,10082,144,1,5381.15
17620,10083,211,3,4008.81
17621,10083,220,1,656.95
17622,10083,165,1,6771.89
17623,10084,52,2,1619.73
17624,10085,245,1,1080.33
17625,10086,200,1,932.58
17626,10087,144,1,5351.89
17627,10087,184,2,5521.79
17628,10088,275,1,1238.47
17629,10088,206,1,8204.84
17630,10089,64,4,1567.48
17631,10089,255,2,46307.16
17632,10089,147,1,15071.13
17633,10090,280,1,28500.72
17634,10091,258,1,5756.24
17635,10091,293,1,1231.84
17636,10091,41,1,8692.88
17637,10092,287,1,1213.0
17638,10092,174,2,7848.86
17639,10093,246,1,389.46
17640,10094,123,3,4239.18
17641,10094,204,1,80467.47
17642,10094,177,1,5155.17
17643,10095,77,1,1197.33
17644,10096,46,4,1486.76
17645,10096,242,1,8246.36
17646,10097,174,2,6972.95
17647,10097,233,1,6032.12
17648,10098,176,1,63578.57
17649,10098,56,2,8689.49
17650,10099,177,2,5597.28
17651,10099,1,3,436.94
17652,10100,54,1,16178.52
17653,10100,174,1,7264.4
17654,10100,118,1,5784.72
17655,10100,235,1,34324.86
17656,10101,137,2,1660.36
17657,10101,204,1,68118.41
17658,10102,198,1,9571.24
17659,10103,18,1,1519.55
17660,10103,285,3,350.97
17661,10103,125,1,1190.31
17662,10103,25,1,2376.22
17663,10104,201,1,6401.58
17664,10105,285,1,359.64
17665,10106,257,1,4058.25
17666,10106,258,1,5523.36
17667,10106,59,1,5998.04
17668,10107,117,3,1787.57
17669,10108,157,1,4880.57
17670,10109,168,1,6876.59
17671,10109,29,1,34827.44
17672,10109,80,4,76859.43
17673,10110,60,1,31405.09
17674,10111,149,2,4807.48
17675,10111,74,2,20232.58
17676,10112,245,3,1175.01
17677,10113,151,2,2732.54
17678,10114,3,2,6959.06
17679,10114,240,2,8585.37
17680,10115,268,1,15396.59
17681,10115,92,1,59803.02
17682,10115,160,1,2700.34
17683,10115,65,1,1102.61
17684,10116,185,1,2505.25
17685,10116,154,2,37685.71
17686,10117,143,1,1832.79
17687,10118,55,2,633.52
17688,10119,74,2,20160.82
17689,10120,42,2,4517.91
17690,10120,114,4,4874.67
17691,10120,1,1,457.29
17692,10121,151,1,2715.3
17693,10121,107,1,5590.17
17694,10122,129,1,45563.89
17695,10123,235,1,31801.07
17696,10124,176,1,61728.97
17697,10124,288,1,1214.05
17698,10125,10,1,63334.3
17699,10125,15,2,61444.32
17700,10125,215,1,5743.74
17701,10126,249,1,44043.27
17702,10126,165,1,7565.47
17703,10127,111,1,5815.11
17704,10127,274,2,75178.95
17705,10128,83,4,6553.92
17706,10128,149,2,4257.93
17707,10129,294,2,1110.77
17708,10130,12,1,31935.36
17709,10130,241,3,676.35
17710,10131,244,1,67832.47
17711,10132,150,2,1669.82
17712,10133,283,3,1272.47
17713,10134,52,2,1733.8
17714,10134,185,1,2888.02
17715,10135,262,1,5352.94
17716,10135,115,2,1617.39
17717,10135,79,1,2566.09
17718,10135,165,1,7400.99
17719,10136,167,1,23038.78
17720,10137,261,1,1533.85
17721,10138,104,1,11416.57
17722,10138,26,1,2488.98
17723,10138,251,2,1068.94
17724,10139,17,1,286.29
17725,10139,55,1,640.97
17726,10139,251,1,1127.67
17727,10140,220,1,664.96
17728,10141,51,1,720.08
17729,10141,36,1,2788.3
17730,10142,212,1,9923.99
17731,10143,189,1,19635.11
17732,10143,275,1,1138.7
17733,10144,147,1,16902.21
17734,10144,73,2,452.0
17735,10145,16,2,5345.91
17736,10145,281,1,6416.59
17737,10146,31,3,4971.97
17738,10147,243,3,10616.99
17739,10148,188,1,76159.89
17740,10149,206,2,7587.98
17741,10150,185,2,2551.23
17742,10150,161,2,6350.29
17743,10150,202,1,27562.42
17744,10151,67,1,5038.88
17745,10152,286,1,1810.91
17746,10153,175,1,6684.61
17747,10153,61,1,4173.71
17748,10154,14,1,30231.72
17749,10155,221,1,1335.33
17750,10156,124,1,5104.17
17751,10157,238,4,1540.81
17752,10157,193,1,18862.39
17753,10157,285,2,391.27
17754,10158,267,2,2887.39
17755,10158,225,1,4918.56
17756,10158,59,1,6836.81
17757,10158,209,2,2252.08
17758,10159,13,1,949.02
17759,10160,57,1,48116.51
17760,10161,2,1,2041.87
17761,10161,267,1,2980.74
17762,10162,245,4,1072.14
17763,10162,104,2,10597.54
17764,10163,109,2,13445.88
17765,10164,94,1,1609.26
17766,10165,35,1,42851.35
17767,10166,91,1,4970.88
17768,10167,242,1,8117.1
17769,10168,33,1,1209.95
17770,10169,30,1,4512.78
17771,10170,71,2,4672.1
17772,10171,168,2,6430.82
17773,10172,271,2,17662.5
17774,10173,195,1,2882.51
17775,10174,96,2,53823.34
17776,10174,271,1,17215.75
17777,10175,147,1,17009.53
17778,10176,130,1,34870.82
17779,10176,288,3,1158.01
17780,10177,204,2,69655.48
17781,10177,169,3,7127.97
17782,10178,5,1,71466.61
17783,10178,72,1,5898.44
17784,10178,156,3,5789.24
17785,10179,180,1,17539.98
17786,10179,134,1,2857.1
17787,10179,136,1,567.97
17788,10180,90,1,15992.14
17789,10181,2,1,1870.64
17790,10181,276,4,44888.55
17791,10181,36,1,2900.97
17792,10182,198,1,8313.2
17793,10182,198,2,8258.71
17794,10182,170,3,42267.68
17795,10183,206,1,8283.65
17796,10184,40,1,1601.71
17797,10185,110,1,6456.05
17798,10186,205,1,8748.99
17799,10186,175,1,6216.14
17800,10186,138,1,71087.24
17801,10187,73,1,450.88
17802,10187,211,4,3893.99
17803,10188,5,2,73656.09
17804,10189,221,3,1379.97
17805,10189,243,2,11378.62
17806,10189,248,3,621.98
17807,10190,161,1,6142.03
17808,10190,134,2,3041.64
17809,10190,54,4,16288.68
17810,10191,264,1,1650.31
17811,10191,216,2,65861.92
17812,10192,110,3,6914.17
17813,10193,110,2,6596.49
17814,10194,200,1,1052.69
17815,10194,63,2,2035.81
17816,10195,108,1,39530.31
17817,10195,184,3,5275.4
17818,10196,268,3,15470.13
17819,10196,268,1,15411.15
17820,10197,128,1,5235.52
17821,10197,162,4,42711.64
17822,10198,63,1,1902.4
17823,10199,51,2,685.73
17824,10199,296,1,2632.2
17825,10200,10,1,69504.06
17826,10201,91,3,5034.86
17827,10201,189,1,17439.83
17828,10201,273,1,1489.2
17829,10201,225,1,4789.2
17830,10202,252,1,7347.13
17831,10203,8,2,2931.64
17832,10204,162,2,39762.6
17833,10205,116,2,41371.3
17834,10205,86,2,3984.36
17835,10205,169,4,6508.32
17836,10205,21,1,23899.57
17837,10206,87,1,37132.29
17838,10206,76,2,3029.95
17839,10206,104,1,10912.86
17840,10206,267,1,2973.39
17841,10207,189,1,18347.66
17842,10207,86,1,3708.5
17843,10208,258,1,5036.09
17844,10209,70,1,2610.8
17845,10209,287,3,1100.56
17846,10210,18,1,1397.4
17847,10210,271,1,17924.73
17848,10211,156,1,5555.4
17849,10212,72,3,5872.58
17850,10213,164,1,14568.55
17851,10214,238,1,1551.09
17852,10215,207,1,16461.2
17853,10216,297,1,4177.05
17854,10217,261,1,1438.75
17855,10217,80,1,72050.35
17856,10218,32,2,2749.59
17857,10218,209,1,2303.76
17858,10219,112,1,6307.72
17859,10219,170,1,43395.85
17860,10219,185,1,2688.05
17861,10220,27,1,3558.61
17862,10221,58,3,6268.63
17863,10222,254,1,12470.48
17864,10223,82,1,4432.0
17865,10223,114,2,5297.86
17866,10224,239,1,6595.97
17867,10225,69,1,6176.4
17868,10225,11,1,1128.57
17869,10225,148,1,44873.53
17870,10226,269,1,7349.32
17871,10227,161,1,5835.63
17872,10227,236,1,2303.44
17873,10228,166,1,53553.46
17874,10229,98,1,4565.48
17875,10230,262,1,5783.15
17876,10230,105,1,10550.46
17877,10231,76,1,2721.18
17878,10232,74,1,18478.16
17879,10233,76,1,2858.16
17880,10233,3,1,7463.88
17881,10234,261,1,1389.98
17882,10235,212,1,10013.72
17883,10235,21,3,22260.08
17884,10236,239,1,7100.71
17885,10236,238,1,1700.57
17886,10237,56,2,9348.18
17887,10237,82,2,4868.88
17888,10237,120,2,3481.33
17889,10237,186,1,2749.88
17890,10238,137,1,1818.25
17891,10238,78,2,4263.31
17892,10239,27,1,3563.93
17893,10240,283,1,1130.67
17894,10240,87,3,39775.88
17895,10241,237,2,4706.2
17896,10241,87,1,36922.82
17897,10242,292,2,1036.63
17898,10243,258,1,5189.96
17899,10243,67,3,5043.01
17900,10244,32,1,2902.23
17901,10245,222,2,9636.83
17902,10245,71,1,5152.48
17903,10246,179,1,1401.25
17904,10247,137,1,1677.4
17905,10248,148,1,49412.39
17906,10249,42,1,4643.33
17907,10250,26,4,2446.24
17908,10250,61,1,3992.29
17909,10250,175,1,5894.5
17910,10250,287,1,1102.9
17911,10251,79,2,2559.44
17912,10251,261,1,1552.2
17913,10252,174,4,7256.66
17914,10253,39,1,7820.09
17915,10254,187,1,1005.26
17916,10254,82,4,4442.96
17917,10254,153,1,5234.13
17918,10255,262,1,5228.18
17919,10255,253,2,21835.94
17920,10256,106,1,37877.17
17921,10257,86,1,3553.49
17922,10257,133,1,4846.66
17923,10258,184,1,5453.79
17924,10259,55,1,647.77
17925,10260,269,3,7245.33
17926,10261,165,1,7393.9
17927,10261,69,3,5272.1
17928,10262,44,2,17472.37
17929,10263,186,2,2870.28
17930,10264,158,2,59783.46
17931,10264,70,4,2551.56
17932,10264,276,2,50949.48
17933,10265,179,1,1345.53
17934,10266,144,2,5344.97
17935,10267,87,3,43331.71
17936,10268,247,2,4671.94
17937,10269,261,1,1631.33
17938,10269,173,3,26707.39
17939,10270,284,1,6923.2
17940,10270,111,1,6544.47
17941,10271,18,1,1439.97
17942,10272,283,2,1290.77
17943,10273,209,1,2005.89
17944,10273,300,1,956.43
17945,10274,223,1,5693.25
17946,10274,98,1,4565.82
17947,10274,207,2,14447.47
17948,10275,297,1,4316.46
17949,10276,134,2,2785.89
17950,10276,296,1,2337.96
17951,10277,110,1,6332.05
17952,10277,96,3,50322.79
17953,10277,116,2,41868.33
17954,10278,137,1,1702.06
17955,10279,281,1,6491.21
17956,10279,13,1,904.91
17957,10280,46,1,1451.85
17958,10280,5,2,80609.14
17959,10281,169,1,7469.5
17960,10282,48,2,866.39
17961,10282,291,2,8244.66
17962,10282,81,3,3620.05
17963,10282,114,2,4665.36
17964,10283,268,1,14576.17
17965,10283,199,1,1576.67
17966,10284,99,1,17596.85
17967,10285,282,1,981.72
17968,10285,216,1,63856.26
17969,10286,8,2,3013.08
17970,10287,285,1,368.05
17971,10288,8,1,2710.06
17972,10288,158,3,60811.98
17973,10288,32,1,2798.12
17974,10289,252,1,8049.28
17975,10289,247,1,5171.83
17976,10290,125,3,1177.95
17977,10291,100,3,7205.01
17978,10291,77,4,1331.86
17979,10291,279,1,948.96
17980,10292,232,3,5645.93
17981,10293,34,2,2076.14
17982,10294,194,1,7048.41
17983,10295,281,1,6429.1
17984,10295,199,1,1608.19
17985,10295,99,3,17894.42
17986,10296,100,1,7458.0
17987,10297,264,1,1619.2
17988,10298,149,2,4692.18
17989,10298,86,2,3854.32
17990,10299,117,2,1994.81
17991,10299,80,1,78679.74
17992,10300,272,1,41042.63
17993,10301,22,2,3938.73
17994,10301,280,1,30945.73
17995,10301,164,2,14010.19
17996,10302,34,1,1957.24
17997,10303,172,1,20073.26
17998,10304,213,1,5468.89
17999,10304,253,2,22188.63
18000,10304,79,2,2459.49
18001,10304,177,1,4893.11
18002,10305,215,1,5465.63
18003,10306,238,2,1667.74
18004,10306,77,1,1208.78
18005,10306,27,3,3622.79
18006,10307,134,3,3059.24
18007,10307,83,1,6641.37
18008,10307,124,2,5353.32
18009,10308,246,1,386.31
18010,10308,246,1,362.19
18011,10309,68,1,52523.25
18012,10310,106,2,35691.55
18013,10311,70,1,2359.31
18014,10312,275,1,1233.9
18015,10313,275,2,1148.63
18016,10313,32,1,2943.16
18017,10314,172,1,19749.73
18018,10315,71,4,4433.88
18019,10316,277,2,8271.03
18020,10317,71,2,4610.97
18021,10318,91,1,4496.08
18022,10319,77,2,1288.72
18023,10319,141,1,4521.3
18024,10320,180,1,16335.96
18025,10321,136,1,568.88
18026,10322,117,2,1787.97
18027,10322,268,1,14193.24
18028,10323,138,1,70300.22
18029,10323,244,4,73664.17
18030,10324,297,1,3868.77
18031,10324,271,1,16958.86
18032,10324,248,1,620.14
18033,10325,43,1,1240.67
18034,10325,130,1,38060.24
18035,10325,110,1,7053.87
18036,10326,225,1,4926.67
18037,10327,34,2,1812.19
18038,10328,39,1,6833.76
18039,10328,172,3,18744.68
18040,10328,97,4,5164.52
18041,10329,244,3,68554.69
18042,10329,280,1,27562.73
18043,10330,1,1,475.37
18044,10330,294,2,1138.05
18045,10330,182,1,48711.74
18046,10331,259,1,26703.77
18047,10332,239,1,7081.77
18048,10332,194,2,6222.55
18049,10332,181,1,14956.67
18050,10332,244,3,67199.54
18051,10333,20,1,734.93
18052,10333,43,4,1237.85
18053,10333,97,2,5681.6
18054,10333,121,1,65799.83
18055,10334,198,1,9746.97
18056,10335,180,1,16054.37
18057,10336,269,1,7124.14
18058,10337,179,1,1366.0
18059,10338,127,1,38820.14
18060,10339,82,1,4676.63
18061,10340,263,1,1086.7
18062,10340,190,1,14932.83
18063,10340,148,1,44263.02
18064,10341,86,3,3609.55
18065,10342,161,1,5700.29
18066,10342,226,1,5720.82
18067,10342,34,1,1837.57
18068,10343,144,2,4789.29
18069,10344,246,1,358.16
18070,10344,163,1,1789.7
18071,10344,15,1,68124.17
18072,10345,284,1,6307.35
18073,10346,78,1,3976.95
18074,10347,293,1,1197.57
18075,10347,61,1,4158.45
18076,10347,242,1,7869.27
18077,10348,96,2,57276.45
18078,10349,131,1,3674.98
18079,10350,105,1,10444.3
18080,10351,136,1,527.19
18081,10351,238,1,1554.29
18082,10352,155,1,5148.98
18083,10352,21,1,21700.63
18084,10353,231,1,15116.65
18085,10354,34,1,1875.49
18086,10354,220,1,588.23
18087,10354,250,2,3767.64
18088,10354,84,2,22960.31
18089,10355,90,1,17226.65
18090,10356,137,1,1716.45
18091,10356,219,1,1570.9
18092,10356,204,1,77673.72
18093,10357,189,2,18654.23
18094,10357,23,2,685.09
18095,10358,275,2,1056.18
18096,10359,33,2,1171.43
18097,10359,196,2,283.96
18098,10360,248,1,687.6
18099,10360,218,1,2299.6
18100,10361,279,3,831.4
18101,10361,36,2,2723.94
18102,10362,54,1,15734.44
18103,10362,59,1,6319.0
18104,10363,276,2,47735.14
18105,10363,291,2,7644.18
18106,10364,257,1,3690.94
18107,10364,201,1,6226.19
18108,10365,45,1,563.81
18109,10366,128,1,5308.15
18110,10366,44,1,16934.24
18111,10367,31,1,5660.79
18112,10368,148,1,46629.88
18113,10368,229,1,44318.4
18114,10368,237,1,4483.38
18115,10369,189,1,17996.98
18116,10369,148,1,44282.12
18117,10369,293,3,1134.69
18118,10370,247,1,5418.24
18119,10371,233,1,5816.82
18120,10371,40,1,1462.41
18121,10372,19,1,9419.39
18122,10372,75,3,39060.03
18123,10373,268,3,13750.43
18124,10373,219,2,1483.6
18125,10374,78,2,3951.44
18126,10375,153,1,5220.11
18127,10375,3,1,6567.03
18128,10376,123,1,4218.87
18129,10377,166,1,56768.52
18130,10377,251,1,1001.28
18131,10377,204,1,74386.07
18132,10378,42,1,4853.2
18133,10379,18,2,1407.79
18134,10380,123,4,3946.51
18135,10380,284,1,7022.16
18136,10381,272,1,38013.68
18137,10382,1,2,464.13
18138,10383,274,1,67015.5
18139,10383,8,1,2695.02
18140,10384,111,1,6699.2
18141,10385,5,1,78374.2
18142,10386,128,1,5915.91
18143,10386,220,1,675.32
18144,10387,23,1,681.54
18145,10388,297,2,4027.42
18146,10389,65,2,1003.57
18147,10390,249,1,45371.68
18148,10391,6,1,36312.57
18149,10391,61,1,4072.47
18150,10392,161,2,5641.37
18151,10393,23,2,739.81
18152,10393,297,1,4053.23
18153,10393,244,1,69298.44
18154,10394,44,3,16582.24
18155,10395,93,2,4269.55
18156,10395,286,1,1741.14
18157,10395,226,1,6213.03
18158,10396,123,1,3751.53
18159,10397,87,1,42368.12
18160,10397,16,1,5969.36
18161,10398,291,1,8250.8
18162,10398,49,1,11832.99
18163,10399,22,1,3819.79
18164,10400,136,1,506.63
18165,10401,145,1,563.86
18166,10401,62,2,13106.06
18167,10402,71,1,4553.56
18168,10403,201,1,5455.81
18169,10404,160,2,2918.75
18170,10404,71,1,4534.61
18171,10405,120,1,3464.96
18172,10405,233,3,5918.43
18173,10406,298,1,223.25
18174,10406,63,1,2065.04
18175,10407,58,3,6231.67
18176,10407,177,1,5281.11
18177,10408,116,1,43452.49
18178,10408,157,4,4618.66
18179,10408,149,1,4391.23
18180,10409,242,2,7195.62
18181,10409,13,1,933.53
18182,10410,183,2,8125.52
18183,10410,297,1,4522.29
18184,10411,155,2,4871.53
18185,10412,51,1,693.91
18186,10413,272,3,42114.96
18187,10413,47,1,5018.21
18188,10414,265,1,9791.48
18189,10414,181,1,15326.37
18190,10415,265,2,8710.8
18191,10416,26,1,2692.35
18192,10416,72,1,5328.47
18193,10417,248,1,700.42
18194,10418,216,1,69806.23
18195,10418,192,1,12886.44
18196,10419,193,1,18653.87
18197,10420,289,1,4300.92
18198,10420,255,3,49482.26
18199,10421,70,1,2331.15
18200,10421,190,1,14788.05
18201,10421,197,1,1043.58
18202,10421,58,1,5897.85
18203,10422,82,1,4534.1
18204,10422,87,3,42817.09
18205,10423,217,1,3730.73
18206,10423,146,1,1051.58
18207,10424,152,3,6800.86
18208,10425,167,1,23811.98
18209,10426,40,1,1641.1
18210,10426,129,1,47859.76
18211,10426,111,1,6438.25
18212,10427,259,3,28140.74
18213,10427,25,1,2249.55
18214,10427,256,3,1693.65
18215,10428,278,1,1782.1
18216,10428,225,2,4846.19
18217,10428,286,1,1882.14
18218,10429,134,1,2859.7
18219,10429,52,2,1567.56
18220,10429,229,1,45334.41
18221,10429,37,2,48169.4
18222,10430,258,1,5277.3
18223,10431,173,1,28733.78
18224,10431,182,1,46756.51
18225,10432,160,2,2709.86
18226,10433,182,1,42808.63
18227,10433,263,1,1166.54
18228,10434,71,1,4894.0
18229,10434,145,1,526.47
18230,10435,107,1,5120.65
18231,10435,52,1,1720.08
18232,10436,206,1,7295.29
18233,10437,147,2,17533.21
18234,10437,271,2,17553.38
18235,10437,68,1,47159.76
18236,10438,207,2,15785.16
18237,10438,226,3,6391.62
18238,10439,103,3,1850.94
18239,10439,196,1,310.54
18240,10439,236,2,2132.9
18241,10440,80,2,72102.9
18242,10441,145,2,581.5
18243,10442,121,1,63202.09
18244,10442,108,1,38930.89
18245,10442,144,1,4926.2
18246,10443,106,4,37325.84
18247,10443,299,1,957.17
18248,10443,240,3,8717.94
18249,10444,105,2,10524.49
18250,10445,257,1,4179.83
18251,10446,119,1,5709.7
18252,10447,99,1,15867.8
18253,10447,187,1,1098.72
18254,10447,62,1,13342.9
18255,10448,42,1,4740.47
18256,10449,161,1,6111.96
18257,10450,64,2,1532.81
18258,10451,254,1,12166.96
18259,10452,109,2,13644.46
18260,10453,32,3,2590.28
18261,10453,153,1,4677.48
18262,10453,147,2,17122.86
18263,10453,60,1,33059.11
18264,10454,1,1,431.99
18265,10454,55,1,694.63
18266,10454,178,1,13467.98
18267,10454,142,2,12767.99
18268,10455,78,1,4295.59
18269,10456,155,1,5589.02
18270,10456,112,2,6065.55
18271,10456,107,1,5613.77
18272,10457,97,1,5386.06
18273,10457,143,1,1585.56
18274,10458,148,1,44697.91
18275,10458,44,1,19043.7
18276,10459,205,1,8414.79
18277,10460,102,1,2553.99
18278,10460,30,1,4952.89
18279,10461,61,1,4134.13
18280,10461,197,1,1047.62
18281,10461,168,1,7482.21
18282,10461,84,2,23084.55
18283,10462,157,2,4235.82
18284,10462,226,4,6621.4
18285,10462,199,1,1555.68
18286,10463,32,1,2768.15
18287,10463,207,1,15731.57
18288,10464,239,1,7413.42
18289,10465,71,1,5223.65
18290,10466,208,1,7205.6
18291,10466,150,1,1562.46
18292,10467,30,1,5042.25
18293,10468,269,1,6329.8
18294,10469,267,3,3221.31
18295,10469,248,1,658.8
18296,10470,23,1,686.2
18297,10470,269,3,6588.54
18298,10470,42,1,4227.55
18299,10471,135,1,2855.53
18300,10471,57,1,48925.8
18301,10472,158,1,63110.9
18302,10472,58,1,6193.63
18303,10473,136,2,537.03
18304,10474,275,1,1161.13
18305,10474,193,1,18075.02
18306,10475,123,2,4217.05
18307,10475,88,1,60330.91
18308,10475,49,1,13963.08
18309,10476,277,1,9033.12
18310,10477,165,2,6872.65
18311,10477,283,1,1141.73
18312,10477,224,1,4272.81
18313,10478,31,2,5752.67
18314,10479,294,1,1234.99
18315,10479,226,2,5927.78
18316,10480,180,1,16333.44
18317,10480,170,1,40405.53
18318,10480,36,1,2553.09
18319,10481,175,1,6726.64
18320,10481,38,1,1692.18
18321,10481,209,1,2100.18
18322,10482,278,1,1561.06
18323,10483,139,1,3100.3
18324,10484,230,1,4372.32
18325,10484,161,1,6029.53
18326,10484,45,1,578.22
18327,10485,140,2,10698.51
18328,10486,238,1,1488.39
18329,10487,289,2,4386.92
18330,10488,30,1,5069.0
18331,10488,183,1,7386.38
18332,10489,113,3,1825.27
18333,10489,53,1,46320.94
18334,10490,7,3,447.71
18335,10491,139,1,3201.12
18336,10491,293,1,1226.56
18337,10492,296,2,2386.91
18338,10492,102,4,2653.92
18339,10493,274,2,67840.68
18340,10493,38,1,1448.38
18341,10494,215,1,5353.8
18342,10495,244,2,74591.57
18343,10495,142,2,13360.79
18344,10496,126,1,1059.73
18345,10496,95,2,2365.16
18346,10497,187,1,1074.83
18347,10498,205,1,8327.7
18348,10498,259,2,26567.03
18349,10499,150,2,1697.85
18350,10499,79,1,2825.2
18351,10500,213,1,5433.54
18352,10501,162,1,39041.0
18353,10501,203,2,5999.22
18354,10502,50,1,41750.19
18355,10503,129,1,45297.34
18356,10504,256,1,1668.88
18357,10504,10,1,67283.4
18358,10504,97,1,6063.33
18359,10505,158,1,54527.4
18360,10506,147,2,14984.17
18361,10506,171,1,3900.63
18362,10506,218,3,2476.32
18363,10507,184,1,4794.19
18364,10507,272,3,38871.16
18365,10508,188,3,72805.4
18366,10509,105,2,9861.21
18367,10510,189,2,20125.36
18368,10511,26,1,2796.07
18369,10511,249,1,43525.0
18370,10512,158,1,60493.88
18371,10513,173,2,26367.93
18372,10513,4,1,5952.57
18373,10514,14,2,30922.9
18374,10514,118,2,6248.03
18375,10514,30,1,4617.69
18376,10515,123,2,3802.09
18377,10515,267,1,2872.79
18378,10515,140,4,9868.11
18379,10516,219,1,1359.32
18380,10516,123,1,3693.67
18381,10516,130,1,37384.16
18382,10517,222,3,10153.79
18383,10517,271,2,16101.95
18384,10518,72,1,5062.5
18385,10519,299,1,1074.66
18386,10520,156,2,5946.83
18387,10521,73,1,492.83
18388,10521,98,2,4830.65
18389,10521,35,2,46850.7
18390,10521,187,1,1119.51
18391,10522,32,1,3021.12
18392,10522,127,2,37711.45
18393,10522,9,1,8674.7
18394,10523,62,3,13057.61
18395,10524,143,1,1691.85
18396,10525,179,2,1364.37
18397,10526,210,2,15522.36
18398,10527,75,1,42352.41
18399,10528,99,1,18690.27
18400,10528,119,2,5152.1
18401,10528,129,1,48030.31
18402,10529,125,2,1153.59
18403,10529,40,1,1575.15
18404,10530,270,2,15390.08
18405,10530,92,2,61116.56
18406,10531,222,1,10263.3
18407,10532,190,1,15632.41
18408,10533,189,1,17433.81
18409,10534,296,1,2314.14
18410,10535,34,1,2008.78
18411,10536,103,1,1997.71
18412,10536,93,1,4184.59
18413,10537,299,1,1030.7
18414,10537,15,1,68231.65
18415,10538,91,1,4978.83
18416,10538,162,2,41614.49
18417,10539,2,1,2069.68
18418,10539,36,1,2848.97
18419,10539,268,1,13963.32
18420,10540,9,1,8285.55
18421,10540,55,2,590.97
18422,10540,108,2,40456.71
18423,10540,112,1,6283.51
18424,10541,224,1,4391.13
18425,10541,93,4,4124.23
18426,10541,128,1,5473.55
18427,10542,154,1,42056.78
18428,10543,26,1,2613.73
18429,10544,108,2,38788.13
18430,10544,162,4,43214.55
18431,10545,85,1,2616.36
18432,10545,135,1,2849.54
18433,10545,163,2,2085.69
18434,10546,289,3,4559.31
18435,10546,175,1,6219.7
18436,10546,42,1,4203.16
18437,10547,221,1,1345.33
18438,10547,205,1,9298.8
18439,10548,101,1,390.74
18440,10548,217,1,3465.12
18441,10548,38,2,1506.37
18442,10549,255,4,51481.26
18443,10550,48,2,966.14
18444,10551,254,1,12579.15
18445,10552,96,1,51107.33
18446,10553,122,1,17727.85
18447,10553,80,2,81185.0
18448,10554,225,3,5122.99
18449,10555,192,1,13640.15
18450,10555,118,3,5842.56
18451,10556,230,3,4509.94
18452,10556,269,2,7438.99
18453,10557,125,3,1244.59
18454,10557,212,1,9587.16
18455,10557,271,1,15706.98
18456,10558,13,1,956.39
18457,10558,86,1,3722.14
18458,10558,57,1,43574.24
18459,10558,178,1,13705.42
18460,10559,272,1,42446.87
18461,10559,292,2,1031.88
18462,10560,170,1,41439.86
18463,10560,279,1,876.5
18464,10561,234,4,14959.75
18465,10561,231,1,13685.77
18466,10562,256,1,1617.5
18467,10563,248,1,716.48
18468,10563,15,3,63128.98
18469,10564,176,1,60394.9
18470,10564,33,1,1082.09
18471,10564,42,1,4351.02
18472,10565,282,1,967.76
18473,10566,204,1,79612.91
18474,10567,183,1,7764.66
18475,10568,284,3,6692.03
18476,10569,216,1,71427.87
18477,10569,152,1,6833.09
18478,10570,119,1,4882.32
18479,10570,92,1,60163.98
18480,10570,73,1,481.57
18481,10571,111,1,6697.73
18482,10572,30,2,4643.2
18483,10573,5,1,78385.29
18484,10573,65,2,1035.2
18485,10574,138,2,61741.74
18486,10574,31,1,4979.86
18487,10574,99,4,17476.2
18488,10575,279,1,807.08
18489,10576,172,1,17979.69
18490,10576,262,1,5541.72
18491,10577,55,1,682.07
18492,10578,227,1,2358.11
18493,10579,36,4,2646.57
18494,10580,7,3,397.41
18495,10581,1,1,455.29
18496,10582,157,1,4265.78
18497,10583,2,3,1819.79
18498,10584,72,1,5129.48
18499,10584,208,2,7358.92
18500,10584,23,1,687.74
18501,10585,266,3,3525.77
18502,10585,7,1,427.87
18503,10585,249,1,48311.48
18504,10585,216,1,63463.28
18505,10586,254,1,12903.84
18506,10586,114,3,5325.43
18507,10586,18,1,1450.88
18508,10587,177,1,5314.55
18509,10588,286,2,1842.8
18510,10589,233,3,6637.69
18511,10590,197,1,1094.19
18512,10591,135,2,2784.43
18513,10591,72,1,5637.1
18514,10591,39,1,7646.71
18515,10592,16,1,5427.52
18516,10592,284,1,7072.76
18517,10593,282,2,986.46
18518,10594,195,1,2824.4
18519,10595,130,2,35586.78
18520,10595,60,1,31093.16
18521,10596,289,1,4709.29
18522,10596,205,1,8169.05
18523,10596,19,1,8950.83
18524,10597,129,3,51165.58
18525,10597,105,1,9490.51
18526,10598,238,1,1622.89
18527,10599,220,3,627.02
18528,10599,217,1,3534.32
18529,10600,235,1,34978.81
18530,10600,79,3,2404.21
18531,10601,128,1,5877.27
18532,10601,223,4,5536.43
18533,10602,77,2,1349.28
18534,10603,166,1,56516.11
18535,10603,244,1,70430.8
18536,10604,202,1,23458.82
18537,10605,102,1,2764.67
18538,10606,119,1,5405.97
18539,10606,192,1,13577.97
18540,10607,32,1,2587.81
18541,10607,238,4,1720.77
18542,10607,11,1,947.26
18543,10607,239,1,6850.7
18544,10608,238,1,1707.95
18545,10608,193,1,16736.59
18546,10608,85,1,2780.7
18547,10608,123,1,3982.47
18548,10609,177,2,4847.0
18549,10609,284,2,6638.58
18550,10610,253,2,20794.34
18551,10610,18,1,1560.43
18552,10611,286,4,1611.32
18553,10612,209,3,2105.3
18554,10612,291,2,8245.32
18555,10612,109,3,13126.4
18556,10613,242,2,7689.92
18557,10614,35,1,46709.82
18558,10614,157,1,4932.06
18559,10615,129,1,45670.54
18560,10615,80,1,72084.77
18561,10616,98,2,4422.4
18562,10616,6,1,40425.72
18563,10616,199,1,1576.64
18564,10617,68,4,49359.93
18565,10617,6,1,34186.95
18566,10618,71,3,4525.7
18567,10619,235,2,34556.65
18568,10619,158,1,61917.38
18569,10619,67,1,5496.8
18570,10620,189,1,18762.2
18571,10621,61,1,4461.58
18572,10622,295,2,5485.45
18573,10623,33,3,1086.0
18574,10624,118,2,6089.67
18575,10624,160,1,2671.3
18576,10624,282,1,909.76
18577,10625,26,1,2406.95
18578,10626,243,1,11358.74
18579,10626,76,2,3065.67
18580,10626,213,1,4888.97
18581,10627,37,3,45723.83
18582,10628,53,1,49534.66
18583,10629,300,1,982.91
18584,10629,186,1,2642.93
18585,10630,8,4,2901.64
18586,10631,178,1,12152.87
18587,10632,215,2,5464.21
18588,10633,238,1,1685.18
18589,10634,78,1,4314.86
18590,10634,174,1,7441.04
18591,10635,47,1,5211.37
18592,10636,290,1,2568.65
18593,10636,67,1,4939.94
18594,10637,60,1,30193.28
18595,10637,206,1,8072.61
18596,10638,50,1,39092.34
18597,10638,41,1,8150.32
18598,10639,218,1,2377.64
18599,10639,44,1,18349.05
18600,10640,299,4,998.54
18601,10641,245,1,1082.84
18602,10641,72,2,5099.27
18603,10641,22,3,4113.92
18604,10641,17,1,253.28
18605,10642,167,1,25537.15
18606,10643,198,1,8666.41
18607,10643,110,1,6682.51
18608,10644,225,3,5013.71
18609,10645,176,2,64039.93
18610,10645,154,1,35918.07
18611,10645,3,1,7565.67
18612,10646,69,2,5918.93
18613,10646,80,1,76150.98
18614,10647,149,1,4592.81
18615,10648,62,1,12920.29
18616,10648,93,1,4472.04
18617,10648,50,1,39339.66
18618,10649,66,1,1448.72
18619,10650,258,1,5758.26
18620,10650,151,1,2831.41
18621,10650,284,1,6665.65
18622,10651,15,2,64171.34
18623,10651,138,1,63964.31
18624,10652,216,1,71071.77
18625,10653,248,1,722.68
18626,10653,230,1,4201.85
18627,10654,130,2,40965.02
18628,10654,296,3,2543.42
18629,10655,74,1,17231.84
18630,10656,264,1,1583.07
18631,10656,300,1,1052.14
18632,10656,89,1,1685.82
18633,10657,246,1,358.89
18634,10658,92,1,61061.55
18635,10659,263,1,1159.44
18636,10660,134,2,3070.53
18637,10660,109,1,12248.8
18638,10660,218,1,2418.47
18639,10661,69,1,5760.83
18640,10662,13,1,921.59
18641,10662,273,1,1497.95
18642,10662,289,1,4061.74
18643,10663,14,1,31328.09
18644,10663,211,1,3874.27
18645,10664,34,2,2012.0
18646,10664,256,3,1764.63
18647,10665,70,2,2598.45
18648,10666,208,1,7672.03
18649,10667,53,1,48219.83
18650,10668,277,1,8258.08
18651,10668,80,1,79075.03
18652,10669,246,1,361.7
18653,10670,254,1,13139.22
18654,10671,131,1,3595.59
18655,10672,41,2,8489.17
18656,10673,213,4,5409.41
18657,10674,20,1,813.86
18658,10675,283,2,1183.24
18659,10675,112,1,5761.55
18660,10675,284,1,6886.47
18661,10675,7,1,431.88
18662,10676,271,2,17443.03
18663,10676,44,1,19458.29
18664,10676,226,1,6685.83
18665,10677,116,3,41109.34
18666,10678,191,1,47997.85
18667,10678,65,1,1081.5
18668,10679,165,1,7776.93
18669,10680,176,1,59140.49
18670,10680,58,1,5951.33
18671,10681,211,2,4274.06
18672,10682,138,2,71758.39
18673,10682,123,1,3660.63
18674,10683,41,1,7668.73
18675,10684,21,2,23727.48
18676,10684,47,1,5687.62
18677,10685,183,1,7470.31
18678,10686,48,1,902.86
18679,10686,25,1,2255.29
18680,10687,142,1,13379.51
18681,10688,239,1,7457.92
18682,10688,27,1,3119.68
18683,10689,173,2,27216.23
18684,10689,258,1,5088.91
18685,10689,277,2,8390.27
18686,10690,272,1,40754.7
18687,10691,273,2,1344.91
18688,10692,203,3,5289.46
18689,10692,228,3,43743.12
18690,10693,156,3,6054.12
18691,10694,214,1,31762.42
18692,10695,287,1,1093.91
18693,10695,54,4,16103.78
18694,10696,97,1,6029.91
18695,10696,158,2,57251.84
18696,10697,182,1,47749.74
18697,10698,255,1,45541.23
18698,10699,240,1,9253.17
18699,10700,79,4,2398.58
18700,10700,221,1,1388.47
18701,10701,9,1,8649.67
18702,10702,254,1,12840.63
18703,10703,104,2,12384.22
18704,10703,70,2,2546.8
18705,10704,120,2,3494.18
18706,10704,241,2,742.63
18707,10705,287,3,1171.92
18708,10706,11,2,1061.28
18709,10707,240,1,9041.94
18710,10707,166,1,51986.13
18711,10707,60,1,30704.11
18712,10708,3,1,7209.93
18713,10708,115,2,1594.48
18714,10708,105,1,10513.29
18715,10709,244,1,72194.58
18716,10709,174,1,7644.18
18717,10709,230,1,4675.67
18718,10710,214,3,29186.88
18719,10711,82,2,4560.64
18720,10711,150,1,1539.05
18721,10712,227,3,2361.39
18722,10712,285,1,380.14
18723,10712,131,1,3517.42
18724,10713,154,2,37111.87
18725,10713,94,4,1604.48
18726,10713,22,2,3954.96
18727,10714,94,2,1635.48
18728,10715,55,2,692.28
18729,10716,193,1,19243.27
18730,10716,254,2,13613.3
18731,10717,173,1,27733.52
18732,10718,284,3,7131.76
18733,10719,112,2,5948.8
18734,10720,201,1,5847.91
18735,10721,45,1,566.7
18736,10721,224,2,4237.65
18737,10722,103,1,1915.07
18738,10723,186,1,2818.08
18739,10724,52,1,1529.13
18740,10724,192,2,13492.13
18741,10724,215,1,5604.99
18742,10725,275,2,1184.73
18743,10725,44,1,19244.48
18744,10726,131,1,3336.04
18745,10726,155,3,5100.55
18746,10726,201,1,6157.83
18747,10727,39,1,7166.82
18748,10728,203,2,5749.6
18749,10728,40,2,1600.71
18750,10729,119,2,4833.9
18751,10730,72,1,5722.06
18752,10730,135,1,3153.4
18753,10730,137,2,1580.64
18754,10731,97,1,5786.21
18755,10732,241,1,729.67
18756,10732,287,2,1088.9
18757,10733,296,3,2375.7
18758,10734,40,1,1458.73
18759,10734,175,1,5783.28
18760,10734,77,4,1276.18
18761,10735,280,1,28226.69
18762,10736,232,1,5679.87
18763,10737,256,3,1823.12
18764,10737,103,2,1783.81
18765,10738,43,1,1236.53
18766,10739,208,1,7876.32
18767,10740,179,3,1385.46
18768,10741,219,1,1442.37
18769,10742,115,1,1470.37
18770,10743,166,1,54890.78
18771,10744,21,4,23715.34
18772,10744,123,3,3717.46
18773,10745,198,2,8844.59
18774,10745,211,1,4046.85
18775,10746,122,1,19368.09
18776,10746,4,1,5701.64
18777,10747,127,3,35976.57
18778,10748,213,4,5442.67
18779,10749,34,2,1818.01
18780,10749,173,1,27426.67
18781,10750,285,1,381.59
18782,10750,254,2,12309.64
18783,10750,60,2,34098.12
18784,10750,223,1,5627.27
18785,10751,89,2,1718.78
18786,10752,169,3,7690.03
18787,10752,202,2,27142.23
18788,10753,235,1,36251.22
18789,10753,115,1,1378.92
18790,10754,51,2,790.85
18791,10754,264,1,1830.07
18792,10755,119,3,5333.04
18793,10756,131,1,3562.93
18794,10756,160,3,3051.52
18795,10757,39,4,7669.48
18796,10758,232,1,5854.11
18797,10759,276,3,49891.0
18798,10760,60,1,33296.6
18799,10760,206,1,8044.14
18800,10760,212,1,9782.01
18801,10761,110,1,6879.46
18802,10761,83,1,6077.99
18803,10762,137,1,1789.75
18804,10763,60,2,31743.32
18805,10764,128,4,5097.96
18806,10764,120,1,3119.75
18807,10765,135,2,2916.48
18808,10765,60,1,30641.78
18809,10765,286,3,1899.66
18810,10766,131,2,3565.16
18811,10766,162,2,38817.97
18812,10767,163,1,1894.6
18813,10767,119,1,5182.12
18814,10768,112,1,5626.05
18815,10769,58,2,6128.74
18816,10770,283,2,1111.85
18817,10771,231,1,15552.67
18818,10771,203,1,5186.98
18819,10772,189,2,17810.28
18820,10772,122,1,19966.58
18821,10773,197,1,1053.96
18822,10774,285,1,372.31
18823,10775,32,1,2932.26
18824,10776,96,1,58812.42
18825,10776,51,1,699.99
18826,10776,192,1,13432.33
18827,10777,92,1,60530.82
18828,10778,142,1,13123.14
18829,10778,20,1,694.72
18830,10779,262,2,5058.85
18831,10780,285,1,378.67
18832,10781,132,2,15842.24
18833,10782,172,1,20176.36
18834,10783,12,4,32648.53
18835,10784,242,1,8141.02
18836,10785,93,1,4486.93
18837,10785,116,2,45466.94
18838,10786,95,1,2338.46
18839,10786,160,1,3121.34
18840,10786,119,1,4884.33
18841,10787,226,2,6218.77
18842,10787,220,1,666.51
18843,10788,94,2,1561.39
18844,10789,213,1,5541.93
18845,10790,243,2,11199.31
18846,10790,33,1,1148.05
18847,10791,50,1,41249.84
18848,10792,17,1,295.84
18849,10792,286,1,1870.09
18850,10793,57,1,49479.36
18851,10793,263,1,1125.58
18852,10793,135,2,2933.81
18853,10794,95,2,2351.63
18854,10795,173,1,29466.23
18855,10796,296,1,2646.15
18856,10797,138,2,63776.69
18857,10798,20,4,814.72
18858,10799,244,1,65524.98
18859,10799,221,1,1213.1
18860,10799,153,1,4986.13
18861,10800,91,1,4762.03
18862,10801,222,1,9145.76
18863,10802,273,3,1379.38
18864,10803,297,1,4195.51
18865,10804,77,1,1345.16
18866,10804,197,1,1005.89
18867,10805,155,2,5489.35
18868,10806,186,1,2904.75
18869,10806,33,1,1066.5
18870,10807,230,1,4533.72
18871,10807,172,1,18221.71
18872,10808,152,2,6727.21
18873,10808,101,1,407.67
18874,10809,276,1,49048.82
18875,10810,248,2,660.63
18876,10811,190,2,15916.01
18877,10811,194,3,6419.66
18878,10812,271,1,17801.14
18879,10813,221,2,1275.04
18880,10814,147,1,16166.46
18881,10815,119,1,5507.16
18882,10815,70,1,2492.86
18883,10816,213,1,4960.56
18884,10816,253,1,21904.15
18885,10817,65,1,1124.6
18886,10817,55,2,641.77
18887,10817,149,1,4628.75
18888,10818,289,1,4491.48
18889,10818,163,2,1943.24
18890,10819,275,3,1077.51
18891,10819,97,2,5546.02
18892,10819,115,1,1403.41
18893,10819,132,1,18188.56
18894,10820,260,1,22515.31
18895,10820,263,1,1182.05
18896,10820,273,1,1463.79
18897,10820,145,2,512.6
18898,10821,114,2,4781.13
18899,10822,232,2,5531.74
18900,10823,267,1,3141.2
18901,10823,159,1,44266.62
18902,10823,201,2,5639.27
18903,10824,5,1,77362.94
18904,10824,95,1,2478.98
18905,10824,240,1,8146.59
18906,10825,140,1,10624.58
18907,10825,292,1,993.3
18908,10826,276,2,51499.28
18909,10827,269,1,6797.82
18910,10828,192,1,13503.75
18911,10828,249,1,47189.72
18912,10828,195,1,2582.93
18913,10828,124,3,4894.22
18914,10829,218,1,2518.51
18915,10830,134,1,2862.99
18916,10830,225,1,4874.17
18917,10830,139,1,3334.35
18918,10831,102,1,2802.13
18919,10832,127,2,37670.45
18920,10832,255,3,52792.81
18921,10832,131,1,3284.02
18922,10833,177,2,5224.17
18923,10834,238,1,1484.55
18924,10834,293,3,1211.83
18925,10834,241,1,704.29
18926,10834,167,1,22651.58
18927,10835,91,1,4930.06
18928,10835,59,2,6632.97
18929,10836,179,2,1196.81
18930,10836,21,3,23829.96
18931,10837,246,1,358.12
18932,10838,207,4,16271.82
18933,10839,179,1,1301.5
18934,10840,169,1,6791.01
18935,10840,251,1,1144.53
18936,10841,261,1,1475.88
18937,10842,273,1,1495.32
18938,10842,256,1,1778.81
18939,10843,220,2,612.76
18940,10844,114,1,5185.94
18941,10844,252,1,8215.47
18942,10845,298,1,213.93
18943,10846,238,3,1600.21
18944,10846,255,2,49620.43
18945,10846,192,2,12867.75
18946,10847,22,3,4072.26
18947,10848,268,2,14118.12
18948,10848,102,1,3015.03
18949,10848,175,1,6209.0
18950,10849,196,1,277.73
18951,10849,249,1,45330.21
18952,10850,14,1,33356.64
18953,10851,20,2,775.54
18954,10851,87,1,36857.56
18955,10851,143,1,1788.15
18956,10852,166,3,57019.83
18957,10853,44,2,17016.9
18958,10853,288,1,1237.4
18959,10854,243,1,10384.87
18960,10854,261,1,1574.43
18961,10855,109,1,12312.79
18962,10855,11,2,1045.36
18963,10856,215,1,5336.48
18964,10857,238,1,1594.31
18965,10858,4,3,5736.23
18966,10858,45,1,545.19
18967,10858,131,1,3631.88
18968,10859,277,3,8592.41
18969,10860,34,1,1957.61
18970,10860,200,1,1001.34
18971,10861,274,2,76919.34
18972,10861,44,1,18753.65
18973,10861,293,2,1220.82
18974,10862,296,1,2448.0
18975,10863,143,3,1824.59
18976,10864,33,1,1173.27
18977,10865,237,1,5085.19
18978,10865,60,1,31138.49
18979,10865,103,1,2041.74
18980,10866,23,3,671.4
18981,10866,102,1,2764.5
18982,10866,113,1,1646.39
18983,10867,124,1,5495.07
18984,10867,53,1,44488.46
18985,10867,43,1,1158.39
18986,10868,298,1,217.81
18987,10869,255,1,53078.47
18988,10870,161,1,6214.9
18989,10870,109,2,12744.09
18990,10870,233,1,6667.78
18991,10871,232,1,5386.98
18992,10871,90,1,17308.14
18993,10871,106,1,37910.56
18994,10872,79,1,2546.12
18995,10873,30,1,4910.91
18996,10874,148,2,44223.4
18997,10875,263,1,1047.31
18998,10875,234,1,14888.09
18999,10876,152,1,6536.91
19000,10877,189,3,17248.25
19001,10878,271,1,17248.78
19002,10878,144,1,4879.8
19003,10878,239,1,6833.15
19004,10879,43,3,1266.76
19005,10880,193,1,18627.86
19006,10881,149,1,4941.9
19007,10881,23,2,784.4
19008,10882,193,1,16558.54
19009,10882,76,1,3066.15
19010,10882,20,4,767.31
19011,10883,105,1,10013.31
19012,10883,188,1,81666.64
19013,10884,40,3,1693.01
19014,10884,289,3,4456.43
19015,10884,49,1,12601.86
19016,10884,62,2,13651.52
19017,10885,27,1,3406.75
19018,10885,70,1,2464.18
19019,10885,52,2,1591.83
19020,10886,134,1,2855.36
19021,10887,284,4,6426.14
19022,10888,216,1,72561.77
19023,10889,291,1,7955.99
19024,10889,146,1,1025.4
19025,10890,11,2,1100.94
19026,10890,45,1,620.95
19027,10891,91,2,4956.04
19028,10891,219,1,1373.41
19029,10892,54,1,14596.75
19030,10892,160,1,2876.34
19031,10893,287,1,1062.6
19032,10894,231,1,13753.73
19033,10895,169,1,6796.66
19034,10896,79,1,2577.67
19035,10897,102,2,2717.85
19036,10898,295,2,5479.85
19037,10898,131,2,3556.9
19038,10898,49,1,13644.1
19039,10899,114,1,4669.75
19040,10899,290,1,2755.64
19041,10900,111,3,6902.26
19042,10900,27,1,3332.74
19043,10901,230,2,4540.93
19044,10902,79,1,2564.58
19045,10902,175,1,6011.93
19046,10902,43,2,1121.3
19047,10903,138,1,64485.1
19048,10903,248,1,656.31
19049,10903,30,2,4566.8
19050,10904,209,1,2014.48
19051,10905,12,2,32371.08
19052,10906,153,1,4963.95
19053,10906,273,1,1307.52
19054,10907,282,3,931.54
19055,10907,94,2,1567.25
19056,10908,54,1,15645.64
19057,10908,83,1,6592.32
19058,10908,109,1,13518.42
19059,10909,108,2,36057.37
19060,10910,3,1,6908.64
19061,10910,143,1,1662.71
19062,10910,127,1,38649.2
19063,10911,41,1,7948.74
19064,10911,16,1,5767.55
19065,10912,30,2,4734.72
19066,10913,65,2,1099.18
19067,10913,122,1,18869.15
19068,10914,59,2,6710.14
19069,10915,281,3,6468.92
19070,10916,170,2,42447.21
19071,10917,229,1,49318.72
19072,10918,87,2,40811.51
19073,10918,96,1,57153.31
19074,10919,25,2,2171.8
19075,10920,121,1,66033.36
19076,10921,202,1,25924.89
19077,10921,57,1,51560.53
19078,10922,51,1,765.74
19079,10923,45,1,623.79
19080,10924,69,2,5349.15
19081,10924,3,1,7429.38
19082,10925,167,2,21933.99
19083,10925,63,1,1784.27
19084,10926,294,1,1172.59
19085,10926,246,4,388.9
19086,10926,247,2,5306.56
19087,10927,146,1,994.82
19088,10927,246,1,353.55
19089,10928,158,1,63340.77
19090,10928,197,1,1100.58
19091,10929,274,4,73653.85
19092,10930,90,1,16056.2
19093,10931,166,1,58728.3
19094,10931,177,2,5608.36
19095,10932,281,1,6101.21
19096,10933,240,1,8838.65
19097,10934,50,1,43228.58
19098,10935,54,1,15902.17
19099,10936,32,2,2845.49
19100,10937,287,1,1072.56
19101,10938,189,1,17825.59
19102,10938,244,1,67858.36
19103,10939,178,1,12287.35
19104,10939,173,3,28327.15
19105,10940,27,1,3208.55
19106,10940,147,1,15394.21
19107,10941,218,2,2282.96
19108,10941,225,1,4627.61
19109,10942,107,1,5654.37
19110,10942,288,1,1246.81
19111,10943,54,1,15643.64
19112,10943,76,1,2617.64
19113,10943,208,1,6867.56
19114,10944,28,1,448.44
19115,10945,156,1,5880.59
19116,10945,192,1,13339.47
19117,10945,76,1,2950.23
19118,10946,105,3,9537.02
19119,10947,129,3,48720.06
19120,10947,87,1,43373.92
19121,10948,243,1,10616.73
19122,10949,131,1,3341.43
19123,10950,55,3,620.26
19124,10950,186,2,2706.2
19125,10950,172,1,19743.84
19126,10951,58,1,6951.6
19127,10952,15,1,67184.47
19128,10953,141,4,3953.06
19129,10954,285,2,386.31
19130,10955,141,2,4495.89
19131,10955,98,1,4746.15
19132,10955,68,1,52991.66
19133,10955,229,1,51781.99
19134,10956,1,1,451.99
19135,10956,160,1,2896.11
19136,10957,62,2,13020.18
19137,10957,14,1,32551.35
19138,10958,8,1,2856.03
19139,10959,140,1,10342.79
19140,10960,11,3,1052.03
19141,10960,297,1,4169.1
19142,10961,173,1,27734.67
19143,10962,139,3,3206.17
19144,10963,298,2,224.16
19145,10964,234,2,13939.04
19146,10965,99,2,18371.65
19147,10965,245,2,1068.96
19148,10965,251,1,1096.53
19149,10966,1,1,423.02
19150,10966,119,1,5210.27
19151,10967,259,1,26785.07
19152,10968,198,2,9718.74
19153,10969,277,1,8787.16
19154,10969,144,1,5050.12
19155,10970,41,2,8683.81
19156,10971,295,1,5266.91
19157,10971,112,2,5632.06
19158,10971,191,3,49036.1
19159,10972,142,1,13596.87
19160,10972,169,1,7653.52
19161,10973,287,1,1066.69
19162,10974,105,1,9611.79
19163,10974,300,1,1065.25
19164,10975,245,2,1077.95
19165,10975,16,1,5089.41
19166,10976,299,1,1050.02
19167,10977,187,1,1041.73
19168,10977,83,2,6574.73
19169,10977,179,1,1200.61
19170,10978,40,2,1548.37
19171,10979,268,1,13549.97
19172,10980,292,2,1041.61
19173,10980,295,1,5596.38
19174,10980,213,3,5482.36
19175,10981,268,1,13948.86
19176,10982,18,2,1361.72
19177,10983,291,1,7230.98
19178,10984,62,2,14609.96
19179,10984,289,2,4542.68
19180,10985,228,1,46450.11
19181,10986,206,1,8263.27
19182,10986,275,1,1067.66
19183,10987,42,3,4786.81
19184,10987,20,2,783.34
19185,10988,43,1,1174.33
19186,10988,35,1,40260.66
19187,10989,10,1,66551.06
19188,10989,40,1,1484.61
19189,10989,170,1,44555.91
19190,10990,280,3,29481.56
19191,10990,5,2,75825.69
19192,10990,280,1,29760.58
19193,10991,51,1,714.65
19194,10992,188,2,75604.33
19195,10992,134,2,2655.99
19196,10992,124,1,5261.83
19197,10993,107,1,5816.21
19198,10994,168,1,7452.14
19199,10994,96,3,53731.26
19200,10994,194,1,6540.26
19201,10995,206,1,7366.42
19202,10995,255,1,52435.64
19203,10996,165,2,6809.27
19204,10997,202,1,27560.24
19205,10997,33,3,1201.55
19206,10998,205,2,8644.26
19207,10998,155,1,5417.53
19208,10999,292,1,1064.92
19209,10999,213,1,5506.41
19210,10999,50,1,38125.75
19211,11000,220,2,623.81
19212,11001,227,3,2239.94
19213,11001,178,1,13055.12
19214,11002,284,1,6119.3
19215,11002,161,2,5453.4
19216,11003,55,1,681.31
19217,11003,9,1,8080.77
19218,11004,113,1,1671.09
19219,11005,72,1,5363.95
19220,11006,112,1,6417.11
19221,11006,140,1,9615.46
19222,11006,258,1,5075.53
19223,11007,105,1,11230.87
19224,11007,179,4,1398.29
19225,11008,214,1,28404.84
19226,11008,189,2,18839.54
19227,11009,218,1,2350.94
19228,11009,181,1,14378.8
19229,11009,227,1,2154.68
19230,11010,132,1,17678.96
19231,11010,100,1,7545.53
19232,11011,55,1,670.17
19233,11011,4,1,5067.74
19234,11012,14,1,30410.6
19235,11012,15,1,64969.0
19236,11013,84,1,20259.51
19237,11014,123,3,3747.82
19238,11015,295,2,5314.31
19239,11015,142,1,12167.88
19240,11015,245,1,1194.09
19241,11015,171,1,4558.92
19242,11016,63,1,1940.94
19243,11016,141,1,4074.44
19244,11017,85,2,2738.25
19245,11018,199,1,1649.63
19246,11019,158,1,54806.03
19247,11020,32,2,2837.74
19248,11020,200,4,1036.52
19249,11021,167,1,21928.56
19250,11021,22,1,3771.12
19251,11021,212,1,9349.47
19252,11022,20,1,737.98
19253,11022,124,1,5450.08
19254,11023,193,2,16504.01
19255,11023,193,1,17954.18
19256,11024,182,2,49220.93
19257,11024,200,2,1075.84
19258,11024,165,3,7766.85
19259,11025,122,2,17760.81
19260,11026,96,1,50528.57
19261,11027,226,2,6434.32
19262,11027,147,1,17036.22
19263,11028,201,1,5597.61
19264,11028,200,3,977.32
19265,11028,193,3,18885.91
19266,11029,70,1,2377.71
19267,11030,181,1,14949.23
19268,11030,10,4,66953.8
19269,11030,196,1,324.14
19270,11031,148,3,49090.16
19271,11031,132,4,17478.63
19272,11031,211,3,3739.33
19273,11032,223,2,5831.72
19274,11033,60,1,33320.74
19275,11034,156,3,5423.33
19276,11035,109,1,12841.62
19277,11036,162,1,42030.43
19278,11037,97,2,6056.01
19279,11038,145,1,526.16
19280,11038,249,1,43452.61
19281,11039,69,1,5936.49
19282,11039,293,1,1240.73
19283,11040,268,1,15799.31
19284,11040,152,3,6792.7
19285,11040,240,2,8248.56
19286,11041,120,1,3172.21
19287,11041,277,1,7899.97
19288,11042,188,1,80226.44
19289,11042,181,2,15629.34
19290,11043,294,1,1238.2
19291,11044,218,1,2450.71
19292,11045,225,2,5132.42
19293,11045,289,1,4727.88
19294,11046,22,4,3736.08
19295,11046,75,1,39617.72
19296,11047,127,1,33824.64
19297,11048,3,1,7490.93
19298,11048,59,1,6887.56
19299,11048,173,4,25319.46
19300,11049,47,1,5087.77
19301,11049,258,2,5552.03
19302,11050,205,3,8337.41
19303,11051,129,2,45951.98
19304,11052,223,1,4979.04
19305,11052,70,1,2377.26
19306,11053,146,2,1136.02
19307,11053,226,3,6116.66
19308,11054,136,1,528.76
19309,11055,169,3,7687.66
19310,11055,109,1,12862.92
19311,11056,282,1,905.11
19312,11057,285,1,396.98
19313,11057,116,1,44321.85
19314,11058,85,1,2779.7
19315,11058,91,2,4952.02
19316,11058,65,4,1054.59
19317,11059,158,3,64857.99
19318,11060,284,1,6944.52
19319,11061,295,1,4838.72
19320,11061,169,1,7106.84
19321,11062,178,2,12006.35
19322,11063,40,1,1421.95
19323,11064,119,2,5425.37
19324,11064,240,1,8283.7
19325,11065,153,2,4740.18
19326,11065,186,1,2987.29
19327,11065,190,3,15884.1
19328,11066,241,1,745.68
19329,11066,152,1,6997.37
19330,11066,181,1,14989.27
19331,11067,27,1,3327.36
19332,11068,260,2,20659.32
19333,11068,158,1,58916.88
19334,11068,221,1,1252.73
19335,11068,178,1,11910.24
19336,11069,205,2,8246.42
19337,11070,134,2,2611.43
19338,11071,257,1,3816.84
19339,11071,12,1,31908.0
19340,11072,84,1,22680.27
19341,11072,63,1,1846.07
19342,11072,24,1,18456.85
19343,11073,138,1,71732.21
19344,11074,14,4,31539.18
19345,11075,109,1,12476.24
19346,11076,57,3,49170.0
19347,11077,149,1,4774.79
19348,11077,139,1,3231.89
19349,11078,201,2,5828.38
19350,11078,3,2,6888.19
19351,11079,51,2,748.48
19352,11080,201,1,6369.94
19353,11081,45,1,563.57
19354,11081,286,2,1895.86
19355,11082,275,2,1189.83
19356,11083,127,1,38882.68
19357,11084,222,2,9567.62
19358,11085,164,1,14103.33
19359,11085,163,1,2040.77
19360,11086,288,3,1177.88
19361,11086,275,1,1204.37
19362,11086,37,1,45768.92
19363,11087,96,1,56047.58
19364,11088,120,1,3397.3
19365,11089,108,2,36016.15
19366,11089,297,2,4512.91
19367,11089,239,1,7797.99
19368,11090,43,1,1096.24
19369,11090,184,1,4918.67
19370,11091,265,1,8553.2
19371,11091,72,1,5201.3
19372,11092,123,1,3603.14
19373,11093,186,1,2734.19
19374,11094,156,2,6049.62
19375,11094,226,1,5738.9
19376,11094,248,2,711.55
19377,11094,76,1,2887.09
19378,11095,296,1,2559.06
19379,11095,115,1,1365.63
19380,11096,9,2,8468.64
19381,11096,28,1,432.89
19382,11096,105,1,10319.35
19383,11097,120,2,3419.72
19384,11097,88,2,56828.17
19385,11098,125,3,1151.54
19386,11099,139,2,3162.4
19387,11100,66,2,1356.25
19388,11100,47,2,5237.1
19389,11101,13,1,931.0
19390,11102,96,1,57854.54
19391,11103,187,1,1078.64
19392,11103,186,1,2876.46
19393,11104,5,2,72635.31
19394,11104,241,1,729.93
19395,11104,239,1,7239.42
19396,11104,289,4,4472.88
19397,11105,119,1,5378.18
19398,11106,78,1,4375.96
19399,11107,136,1,532.79
19400,11107,293,1,1154.97
19401,11108,152,1,6728.86
19402,11109,91,1,4753.62
19403,11109,76,4,3040.05
19404,11110,279,1,829.63
19405,11110,99,1,18755.38
19406,11110,225,1,4771.56
19407,11110,145,1,584.05
19408,11111,124,1,5134.91
19409,11112,50,1,37407.07
19410,11113,293,1,1188.04
19411,11113,93,1,4820.27
19412,11113,9,1,8898.81
19413,11113,208,1,6802.52
19414,11114,236,3,2090.58
19415,11114,281,1,5808.02
19416,11115,203,1,6128.54
19417,11116,50,1,38314.46
19418,11117,28,3,441.06
19419,11117,23,1,671.97
19420,11118,86,3,3419.84
19421,11119,209,2,2289.62
19422,11119,135,1,2906.68
19423,11120,70,2,2443.56
19424,11121,73,2,471.22
19425,11122,190,1,15201.16
19426,11123,281,1,6202.18
19427,11123,93,2,4220.37
19428,11123,47,2,5092.13
19429,11124,59,1,6715.66
19430,11125,168,1,7057.46
19431,11125,250,1,3813.78
19432,11126,165,4,7286.84
19433,11126,291,1,7351.64
19434,11126,161,1,5903.43
19435,11127,97,1,5523.27
19436,11128,42,1,4181.04
19437,11128,19,2,9823.9
19438,11128,148,4,43398.14
19439,11129,152,1,6331.23
19440,11129,277,1,8632.66
19441,11130,10,1,61552.12
19442,11131,63,2,2084.78
19443,11131,62,1,13544.9
19444,11131,23,1,685.74
19445,11131,31,1,5800.05
19446,11132,285,2,346.87
19447,11132,8,2,2739.42
19448,11132,277,1,9147.03
19449,11133,215,2,5035.8
19450,11134,168,1,6341.59
19451,11134,43,3,1230.78
19452,11134,267,1,3326.62
19453,11135,245,1,1103.4
19454,11135,293,1,1173.28
19455,11136,80,1,80895.64
19456,11136,53,1,46792.33
19457,11136,148,1,50609.65
19458,11137,66,3,1364.64
19459,11137,35,1,41527.96
19460,11138,161,1,6001.42
19461,11138,23,1,672.19
19462,11139,212,1,8472.09
19463,11139,49,2,11865.03
19464,11139,244,1,75389.69
19465,11140,224,2,4054.79
19466,11140,148,1,50805.16
19467,11141,231,2,14213.92
19468,11142,8,2,2895.41
19469,11142,297,1,3847.83
19470,11143,22,1,3734.4
19471,11143,228,2,47476.28
19472,11143,252,1,8239.59
19473,11144,176,1,65270.47
19474,11144,169,1,7638.79
19475,11144,93,1,4580.52
19476,11145,17,1,295.82
19477,11145,190,2,15426.15
19478,11146,209,1,2177.04
19479,11147,129,1,48615.13
19480,11147,190,3,16146.15
19481,11147,102,3,2846.98
19482,11148,128,1,5571.62
19483,11149,96,1,58359.31
19484,11149,258,1,5582.55
19485,11150,217,1,3564.19
19486,11151,88,2,57627.17
19487,11151,173,1,26053.32
19488,11151,228,1,45392.57
19489,11152,28,1,406.17
19490,11152,100,1,8321.94
19491,11153,150,1,1575.43
19492,11154,168,3,7301.38
19493,11154,67,1,5073.22
19494,11154,299,2,1020.16
19495,11155,60,2,30083.95
19496,11156,184,2,5549.07
19497,11157,73,1,439.62
19498,11157,169,2,7098.5
19499,11157,237,1,5106.19
19500,11158,172,1,19015.88
19501,11159,119,2,4821.59
19502,11160,209,1,2023.64
19503,11160,190,1,16688.95
19504,11160,241,1,728.74
19505,11161,174,1,7180.11
19506,11161,239,1,7832.18
19507,11161,175,2,6859.52
19508,11162,230,3,4280.95
19509,11163,30,1,4975.6
19510,11164,102,1,2859.57
19511,11165,37,1,41220.06
19512,11165,73,1,441.35
19513,11165,88,1,55610.46
19514,11165,121,1,67501.99
19515,11166,112,1,6328.94
19516,11166,156,1,6002.59
19517,11167,189,2,17382.88
19518,11168,244,3,67191.16
19519,11168,202,1,26246.01
19520,11168,158,2,57032.23
19521,11169,14,1,33642.86
19522,11169,111,1,6433.06
19523,11170,154,1,35836.37
19524,11170,162,2,39813.83
19525,11171,266,1,3774.27
19526,11171,23,2,754.67
19527,11172,277,1,8818.44
19528,11173,162,1,38674.75
19529,11174,120,1,3597.17
19530,11174,156,1,5320.5
19531,11175,229,2,46915.18
19532,11176,178,2,13144.61
19533,11177,137,1,1630.83
19534,11177,260,1,21862.54
19535,11177,61,2,4464.47
19536,11178,171,2,4037.85
19537,11178,193,1,17979.23
19538,11179,169,1,6746.16
19539,11179,148,1,45737.41
19540,11180,204,1,78149.81
19541,11180,210,2,15359.71
19542,11181,292,3,1014.17
19543,11182,259,1,28346.87
19544,11182,218,1,2466.6
19545,11183,7,2,413.01
19546,11183,59,1,6095.05
19547,11184,292,1,1079.66
19548,11185,131,1,3351.47
19549,11185,8,1,2690.58
19550,11186,41,3,8854.74
19551,11187,13,2,808.09
19552,11188,10,2,68877.87
19553,11188,274,3,69772.53
19554,11188,246,1,391.85
19555,11188,25,1,2429.8
19556,11189,107,1,4992.54
19557,11190,282,1,919.85
19558,11191,80,2,78703.3
19559,11191,240,2,8791.81
19560,11192,146,1,965.4
19561,11193,173,2,26486.81
19562,11193,62,1,13862.16
19563,11193,87,1,37854.19
19564,11193,15,1,67996.31
19565,11194,31,1,5268.82
19566,11195,201,2,5526.4
19567,11195,295,2,5521.12
19568,11195,66,2,1426.26
19569,11196,234,1,13232.42
19570,11197,8,1,3084.51
19571,11198,129,1,50127.57
19572,11199,222,3,10244.5
19573,11200,104,1,10722.34
19574,11200,285,1,390.51
19575,11200,22,2,3806.19
19576,11201,35,1,42114.93
19577,11202,148,3,45106.67
19578,11202,140,3,9142.8
19579,11203,12,2,30285.26
19580,11204,63,1,1986.7
19581,11205,211,2,3747.59
19582,11206,13,2,846.41
19583,11206,141,3,3966.49
19584,11206,118,1,5774.65
19585,11207,12,1,33948.41
19586,11207,241,1,738.5
19587,11208,39,1,6792.98
19588,11209,93,1,4720.17
19589,11210,85,3,2725.92
19590,11210,29,2,36259.29
19591,11211,202,1,27311.64
19592,11212,181,1,13288.54
19593,11213,72,2,5062.85
19594,11214,253,1,21793.49
19595,11215,27,1,3586.33
19596,11215,104,1,11625.21
19597,11215,20,1,733.45
19598,11215,135,1,2896.7
19599,11216,49,1,13430.86
19600,11217,51,4,773.69
19601,11218,296,3,2731.28
19602,11218,298,1,244.2
19603,11219,19,2,10136.96
19604,11220,290,2,2737.38
19605,11220,102,1,2821.59
19606,11221,241,1,781.69
19607,11221,31,1,5034.48
19608,11222,22,2,3721.92
19609,11223,160,1,3038.68
19610,11223,91,1,4566.11
19611,11224,105,1,9620.62
19612,11225,60,2,33995.12
19613,11225,105,2,9572.58
19614,11225,36,1,2673.09
19615,11225,107,1,5040.08
19616,11226,127,1,36961.37
19617,11226,48,1,821.69
19618,11227,126,1,916.79
19619,11228,214,1,32483.6
19620,11229,288,1,1120.19
19621,11229,51,1,741.79
19622,11230,219,1,1490.44
19623,11231,188,1,75150.28
19624,11231,24,2,19134.02
19625,11232,54,1,14095.45
19626,11232,16,2,5675.69
19627,11232,81,1,3666.37
19628,11232,285,1,386.66
19629,11233,112,1,6019.47
19630,11234,242,1,7687.97
19631,11235,176,1,66136.02
19632,11236,12,2,30301.48
19633,11237,47,3,4898.91
19634,11238,258,1,5750.77
19635,11238,160,1,2785.51
19636,11238,148,1,48296.97
19637,11239,124,2,5594.16
19638,11240,224,2,4403.31
19639,11241,61,4,4248.09
19640,11242,176,4,65258.6
19641,11242,164,1,13881.6
19642,11243,205,1,9065.14
19643,11243,299,1,1030.24
19644,11244,98,1,4905.62
19645,11244,280,2,30795.61
19646,11245,156,2,5976.47
19647,11245,67,1,5252.54
19648,11246,60,1,30248.72
19649,11246,243,2,10537.57
19650,11246,120,1,3311.1
19651,11247,185,1,2468.34
19652,11247,29,2,33959.28
19653,11247,241,1,689.05
19654,11248,199,1,1630.07
19655,11249,59,2,6347.86
19656,11249,18,3,1385.06
19657,11250,160,2,3041.34
19658,11250,89,1,1764.36
19659,11251,175,2,6767.77
19660,11252,31,2,5179.96
19661,11252,219,1,1363.49
19662,11253,200,1,978.0
19663,11253,289,3,4448.03
19664,11254,141,1,4567.76
19665,11255,138,1,70968.49
19666,11256,110,1,7326.03
19667,11256,185,1,2515.65
19668,11257,143,1,1623.78
19669,11258,242,1,8011.66
19670,11258,49,1,13336.03
19671,11259,41,1,8232.65
19672,11260,268,3,15859.75
19673,11260,293,1,1119.41
19674,11260,104,1,12075.31
19675,11261,196,2,303.19
19676,11261,202,3,25179.82
19677,11262,160,1,2724.01
19678,11263,284,2,7136.95
19679,11263,273,1,1399.27
19680,11263,38,1,1593.05
19681,11264,139,1,3494.56
19682,11265,204,1,71676.86
19683,11265,254,2,12280.83
19684,11265,3,1,6693.03
19685,11266,130,2,39297.19
19686,11266,285,1,380.43
19687,11266,142,1,12533.28
19688,11266,102,2,2570.95
19689,11267,23,1,681.97
19690,11267,88,1,63815.67
19691,11268,181,1,15425.59
19692,11268,93,1,4506.78
19693,11268,60,3,30808.43
19694,11269,297,1,4446.23
19695,11269,13,1,881.49
19696,11269,89,2,1645.4
19697,11270,170,1,43096.19
19698,11271,274,1,73182.49
19699,11272,221,1,1248.37
19700,11273,270,1,16684.83
19701,11274,133,1,4781.89
19702,11274,257,1,4306.37
19703,11275,96,1,54332.82
19704,11276,48,1,901.21
19705,11277,269,2,7502.93
19706,11278,198,2,9106.46
19707,11278,20,1,764.66
19708,11278,114,1,5109.84
19709,11279,57,1,48330.86
19710,11280,142,1,13096.68
19711,11280,201,1,5391.53
19712,11281,47,1,5513.26
19713,11282,275,4,1140.73
19714,11282,294,1,1093.99
19715,11283,199,1,1596.32
19716,11284,80,1,69962.11
19717,11284,68,1,47367.39
19718,11285,258,1,5087.53
19719,11286,131,1,3671.17
19720,11286,19,2,10194.03
19721,11287,122,3,18275.63
19722,11287,238,4,1687.21
19723,11288,192,1,14030.04
19724,11288,240,1,8472.56
19725,11288,201,2,6312.78
19726,11289,79,2,2384.34
19727,11290,170,1,42833.71
19728,11291,171,1,4333.85
19729,11291,295,1,5442.79
19730,11291,90,2,17390.25
19731,11291,98,2,4576.36
19732,11292,64,1,1662.55
19733,11293,115,1,1472.57
19734,11293,186,1,2904.93
19735,11294,130,1,36301.56
19736,11295,218,1,2365.94
19737,11295,19,4,9582.7
19738,11296,214,1,32222.01
19739,11297,271,1,17557.45
19740,11297,252,1,8465.34
19741,11297,138,1,63628.91
19742,11298,215,1,5305.91
19743,11299,233,2,6516.14
19744,11299,115,1,1399.13
19745,11300,114,1,5119.57
19746,11301,294,2,1189.07
19747,11302,247,2,4703.72
19748,11303,287,1,1166.86
19749,11303,261,1,1516.31
19750,11304,136,3,516.02
19751,11305,120,1,3280.57
19752,11305,292,1,982.12
19753,11306,150,3,1707.3
19754,11306,295,2,5533.67
19755,11306,187,1,1002.07
19756,11307,224,1,4040.64
19757,11308,214,1,29527.68
19758,11308,243,2,10827.66
19759,11309,44,3,18301.9
19760,11309,35,2,39938.86
19761,11309,89,1,1763.71
19762,11310,82,3,4813.49
19763,11310,149,1,4791.7
19764,11311,37,1,41748.34
19765,11311,161,2,6122.67
19766,11312,46,3,1691.36
19767,11312,220,3,630.33
19768,11312,234,1,15117.86
19769,11313,292,3,1041.97
19770,11313,62,1,14268.66
19771,11313,25,2,2349.01
19772,11314,114,1,4941.97
19773,11315,219,1,1537.45
19774,11315,131,1,3158.42
19775,11316,63,1,1954.29
19776,11316,21,2,22822.83
19777,11317,49,1,12871.04
19778,11318,259,1,26067.4
19779,11319,247,1,5008.28
19780,11319,254,1,14378.41
19781,11320,154,3,37463.86
19782,11321,6,1,40427.84
19783,11321,203,1,5896.96
19784,11322,178,1,12645.29
19785,11322,191,1,49369.01
19786,11323,180,1,15532.44
19787,11323,75,1,36822.71
19788,11323,188,1,79244.9
19789,11324,286,2,1828.38
19790,11325,78,1,4011.28
19791,11326,76,4,2972.67
19792,11326,51,1,728.99
19793,11327,191,4,49438.25
19794,11328,26,1,2394.6
19795,11328,181,2,14715.28
19796,11328,217,1,3775.85
19797,11328,90,1,15707.76
19798,11329,148,1,50205.24
19799,11329,74,3,18371.17
19800,11330,184,3,4969.21
19801,11331,55,2,661.97
19802,11332,168,2,7430.77
19803,11332,171,4,3949.33
19804,11333,198,2,8939.57
19805,11334,271,1,15808.06
19806,11335,212,1,8822.14
19807,11336,83,1,6172.0
19808,11336,64,3,1801.94
19809,11337,130,1,37144.64
19810,11337,207,3,14252.3
19811,11338,119,3,5497.22
19812,11339,83,1,5587.65
19813,11339,210,1,15072.35
19814,11340,9,1,8712.03
19815,11340,252,1,7291.79
19816,11341,246,2,383.3
19817,11341,27,1,3277.73
19818,11341,226,1,5860.86
19819,11342,165,1,6778.89
19820,11343,226,2,6531.41
19821,11344,230,3,4257.08
19822,11344,113,1,1888.58
19823,11344,245,1,1058.85
19824,11345,233,2,6161.6
19825,11346,210,3,16816.13
19826,11346,87,3,39648.67
19827,11346,67,3,4694.42
19828,11347,90,1,15869.99
19829,11347,96,1,53161.08
19830,11348,110,1,7415.84
19831,11349,231,1,13789.53
19832,11350,218,1,2502.54
19833,11351,102,1,2747.85
19834,11351,75,4,39944.59
19835,11352,220,1,614.27
19836,11353,23,2,715.51
19837,11353,170,3,43240.51
19838,11353,78,1,4100.35
19839,11354,178,1,13436.9
19840,11354,138,1,63135.48
19841,11355,22,2,4088.58
19842,11355,96,1,56836.22
19843,11356,151,1,2459.21
19844,11356,216,1,66970.2
19845,11357,277,1,8309.61
19846,11357,24,4,17830.74
19847,11357,210,1,16182.84
19848,11357,197,1,1146.94
19849,11358,2,1,1816.03
19850,11358,95,1,2249.64
19851,11358,42,1,4575.99
19852,11359,56,1,9980.67
19853,11359,100,1,8273.54
19854,11359,70,1,2402.67
19855,11360,183,4,7207.89
19856,11360,60,1,32765.79
19857,11360,45,1,623.57
19858,11361,259,2,25699.07
19859,11362,158,2,62942.25
19860,11363,89,1,1527.76
19861,11364,247,1,5008.4
19862,11364,244,1,76821.93
19863,11364,3,1,7657.45
19864,11364,88,3,55065.69
19865,11365,162,1,42262.81
19866,11365,2,2,1793.29
19867,11365,203,1,6050.28
19868,11365,3,2,7062.31
19869,11366,296,1,2700.54
19870,11367,111,1,5988.33
19871,11368,161,1,6165.47
19872,11368,257,2,3656.47
19873,11369,166,4,56240.06
19874,11369,178,2,13721.58
19875,11370,288,1,1174.83
19876,11370,204,1,79571.4
19877,11371,123,1,4230.3
19878,11371,125,2,1177.01
19879,11371,195,3,2859.38
19880,11372,83,1,6006.66
19881,11372,1,1,471.58
19882,11373,193,2,19300.8
19883,11373,199,1,1745.42
19884,11374,174,2,6942.56
19885,11374,94,1,1445.78
19886,11375,11,3,983.31
19887,11375,58,2,6163.83
19888,11376,166,1,56703.4
19889,11376,10,1,71608.7
19890,11377,190,1,14982.48
19891,11377,56,1,10172.05
19892,11378,111,1,5898.42
19893,11378,297,2,4272.24
19894,11378,103,1,1926.84
19895,11379,121,1,70583.96
19896,11379,237,1,4303.39
19897,11379,21,4,22321.29
19898,11380,112,2,5591.92
19899,11380,146,1,1043.59
19900,11381,86,1,3706.61
19901,11382,296,1,2320.77
19902,11382,236,2,2100.05
19903,11382,18,1,1471.94
19904,11383,296,1,2638.26
19905,11383,61,3,4424.2
19906,11384,56,1,9621.36
19907,11385,225,3,5237.93
19908,11385,114,2,5353.95
19909,11386,12,2,31149.59
19910,11387,1,1,451.23
19911,11387,211,1,4444.24
19912,11387,146,1,1021.45
19913,11388,142,1,13369.41
19914,11389,85,2,2883.08
19915,11390,65,1,1036.24
19916,11390,248,1,637.5
19917,11391,131,1,3417.64
19918,11392,275,1,1201.63
19919,11392,175,2,6409.23
19920,11393,35,1,39936.97
19921,11394,128,1,5557.56
19922,11395,260,1,20147.1
19923,11396,23,2,703.03
19924,11397,65,1,1010.96
19925,11397,151,1,2865.08
19926,11398,93,2,4739.88
19927,11398,184,1,4688.92
19928,11399,266,1,3517.6
19929,11399,212,2,8608.12
19930,11399,110,1,6869.71
19931,11400,246,1,352.21
19932,11401,6,1,34252.82
19933,11402,226,3,6561.68
19934,11403,16,1,5309.1
19935,11404,55,1,675.88
19936,11405,102,1,2691.61
19937,11405,41,1,8898.63
19938,11406,266,1,3337.17
19939,11407,192,1,13425.19
19940,11408,27,1,3627.22
19941,11408,214,4,30048.68
19942,11409,59,3,6038.77
19943,11410,224,2,4112.05
19944,11411,291,1,7731.84
19945,11412,19,1,9026.01
19946,11412,124,1,4810.64
19947,11412,191,1,51191.78
19948,11412,262,2,5843.48
19949,11413,197,1,992.28
19950,11414,116,2,46562.5
19951,11415,15,2,62454.53
19952,11416,156,2,5437.8
19953,11416,133,3,5356.0
19954,11417,285,1,366.12
19955,11418,151,3,2595.0
19956,11419,287,1,1053.44
19957,11419,169,1,7416.34
19958,11420,50,2,38844.49
19959,11420,25,2,2415.24
19960,11421,204,2,68647.6
19961,11421,57,1,45286.13
19962,11422,128,3,5655.28
19963,11423,208,2,7331.88
19964,11423,45,1,613.23
19965,11423,35,1,43784.94
19966,11423,8,1,2907.19
19967,11424,96,3,52784.01
19968,11425,153,2,4590.44
19969,11426,121,1,69785.42
19970,11427,29,2,37353.48
19971,11427,169,1,6914.0
19972,11428,282,1,899.24
19973,11429,69,1,5791.51
19974,11429,75,1,40536.87
19975,11430,15,1,72709.32
19976,11431,132,1,15743.73
19977,11432,48,1,822.45
19978,11432,218,1,2430.49
19979,11432,172,1,21402.56
19980,11433,153,3,5168.5
19981,11434,27,1,3560.08
19982,11435,114,1,5322.14
19983,11435,168,1,6844.35
19984,11435,189,4,17553.2
19985,11436,292,1,950.47
19986,11436,60,2,33325.5
19987,11437,270,4,15110.89
19988,11437,148,1,47879.9
19989,11437,132,1,17653.28
19990,11438,289,1,4280.48
19991,11439,85,1,2769.39
19992,11440,236,1,2292.16
19993,11441,168,1,6946.72
19994,11442,101,2,420.98
19995,11442,76,1,3031.88
19996,11443,274,3,69723.14
19997,11444,236,1,2260.98
19998,11445,263,1,1187.58
19999,11446,230,1,4294.56
20000,11447,82,2,5003.59
20001,11448,268,2,13805.54
20002,11449,281,2,6554.98
20003,11450,233,1,6189.81
20004,11451,146,1,1045.6
20005,11451,156,2,5423.73
20006,11452,280,1,29385.19
20007,11452,102,2,2996.69
20008,11453,165,2,7407.33
20009,11453,273,3,1420.39
20010,11454,30,1,5040.35
20011,11455,172,1,19538.97
20012,11456,42,1,4715.2
20013,11456,256,2,1766.37
20014,11456,150,1,1530.97
20015,11457,168,1,7481.3
20016,11458,8,2,2943.25
20017,11458,10,2,69854.42
20018,11458,231,1,15803.72
20019,11459,289,1,4058.48
20020,11460,93,2,4843.82
20021,11460,181,1,15268.86
20022,11461,10,1,62584.76
20023,11461,34,3,1824.35
20024,11462,195,2,2492.59
20025,11463,73,3,490.32
20026,11464,182,1,46577.56
20027,11464,216,3,63040.29
20028,11464,38,1,1684.7
20029,11465,204,1,76897.65
20030,11465,55,1,620.04
20031,11466,130,1,39522.35
20032,11466,224,1,4378.79
20033,11467,141,4,4008.99
20034,11467,46,1,1653.74
20035,11467,223,3,5487.87
20036,11468,2,1,1895.4
20037,11469,296,1,2589.16
20038,11469,300,1,1043.33
20039,11470,260,1,22155.39
20040,11470,88,1,58760.16
20041,11470,13,2,923.12
20042,11470,268,1,15030.75
20043,11471,212,1,8545.81
20044,11471,125,1,1239.13
20045,11471,70,2,2484.31
20046,11471,289,2,4311.42
20047,11472,120,1,3072.14
20048,11473,129,1,45926.19
20049,11473,239,3,7599.72
20050,11473,225,1,5285.24
20051,11474,120,1,3319.48
20052,11475,290,1,2768.01
20053,11475,140,1,10435.43
20054,11476,85,2,2750.6
20055,11476,59,1,6822.16
20056,11477,9,1,8800.59
20057,11478,24,2,19296.62
20058,11479,135,2,2886.93
20059,11480,294,1,1138.27
20060,11481,229,3,45377.41
20061,11482,55,1,649.74
20062,11483,170,1,41695.86
20063,11483,120,1,3266.87
20064,11484,251,1,1020.08
20065,11484,77,2,1342.7
20066,11485,81,3,4117.34
20067,11485,207,1,14972.63
20068,11486,21,2,21366.36
20069,11486,85,1,2673.58
20070,11487,67,3,5053.38
20071,11488,128,1,5807.84
20072,11488,69,2,5239.73
20073,11488,250,3,4095.04
20074,11489,101,1,454.75
20075,11490,108,1,40501.9
20076,11491,94,2,1525.72
20077,11492,128,1,5073.06
20078,11492,71,1,5053.85
20079,11492,220,1,595.26
20080,11493,37,1,45470.48
20081,11494,26,3,2569.16
20082,11495,157,1,4638.42
20083,11495,146,3,1022.19
20084,11495,214,1,28778.13
20085,11496,29,1,39251.67
20086,11496,273,4,1478.57
20087,11497,176,1,64528.7
20088,11497,83,1,5805.42
20089,11498,230,2,4852.03
20090,11499,199,1,1600.81
20091,11500,273,2,1356.34
20092,11501,159,1,46468.85
20093,11502,208,1,7106.21
20094,11502,266,4,3282.94
20095,11502,248,1,691.98
20096,11503,209,3,2267.78
20097,11504,114,1,4913.68
20098,11505,55,1,668.75
20099,11506,10,1,69490.14
20100,11506,80,1,73164.36
20101,11507,142,1,12247.41
20102,11508,188,1,75616.15
20103,11509,58,1,6211.34
20104,11510,226,2,6300.29
20105,11510,261,1,1642.57
20106,11510,24,1,18009.05
20107,11511,258,1,5394.66
20108,11511,194,1,6194.75
20109,11512,22,2,3509.42
20110,11512,52,1,1742.44
20111,11513,225,1,5255.93
20112,11513,283,1,1154.1
20113,11514,223,1,5157.0
20114,11514,290,1,2383.17
20115,11514,110,1,6971.04
20116,11515,258,2,5742.06
20117,11516,259,1,26832.02
20118,11516,259,1,27591.66
20119,11517,5,2,72826.6
20120,11518,289,1,4761.49
20121,11518,157,1,4921.67
20122,11518,86,2,3696.2
20123,11519,226,1,5846.03
20124,11519,157,1,4764.14
20125,11520,114,1,5145.1
20126,11520,41,3,7833.34
20127,11521,242,2,8182.29
20128,11522,137,3,1807.47
20129,11523,184,1,4725.73
20130,11523,32,1,2621.08
20131,11524,82,1,5108.56
20132,11525,208,3,6963.32
20133,11525,89,3,1653.13
20134,11526,23,1,719.86
20135,11527,87,2,37921.19
20136,11527,258,1,5356.02
20137,11527,288,1,1121.15
20138,11528,256,1,1811.79
20139,11529,113,1,1613.47
20140,11529,290,1,2665.46
20141,11530,252,1,8523.14
20142,11530,9,1,8641.01
20143,11530,107,1,5774.85
20144,11531,246,3,392.75
20145,11531,55,3,603.38
20146,11532,88,2,55195.38
20147,11533,291,1,7788.69
20148,11533,59,3,6353.88
20149,11534,221,1,1406.79
20150,11535,226,1,6207.11
20151,11536,80,1,79354.14
20152,11536,37,1,40807.45
20153,11537,32,2,2948.69
20154,11537,263,1,1186.85
20155,11537,72,1,5366.25
20156,11537,263,3,1114.33
20157,11538,152,1,6770.81
20158,11538,167,1,22392.74
20159,11539,199,1,1662.68
20160,11539,127,1,36046.52
20161,11539,286,1,1650.16
20162,11540,267,1,3393.6
20163,11540,199,1,1647.95
20164,11540,214,2,30953.12
20165,11541,215,1,5181.18
20166,11542,10,1,72818.02
20167,11543,83,1,6374.33
20168,11544,124,1,4836.37
20169,11545,42,3,4553.12
20170,11546,129,2,46657.25
20171,11547,196,4,317.14
20172,11547,257,2,3705.98
20173,11548,225,1,4816.78
20174,11548,265,2,9628.59
20175,11549,202,1,23563.19
20176,11550,164,1,14507.32
20177,11551,182,1,48408.54
20178,11551,34,3,1911.1
20179,11552,243,1,11879.37
20180,11552,183,3,7134.27
20181,11553,218,1,2357.29
20182,11553,139,1,3132.1
20183,11554,238,4,1561.8
20184,11555,127,1,34143.53
20185,11555,257,3,4126.23
20186,11556,296,1,2555.02
20187,11557,52,2,1476.52
20188,11557,299,1,1097.91
20189,11557,239,1,7465.06
20190,11557,123,2,3596.54
20191,11558,162,2,42639.17
20192,11558,281,1,6061.47
20193,11558,155,1,4876.77
20194,11559,74,1,17608.44
20195,11560,186,1,3079.2
20196,11561,59,1,6597.7
20197,11562,117,2,2017.54
20198,11563,198,2,9774.45
20199,11563,176,1,59082.64
20200,11564,151,1,2543.2
20201,11565,43,1,1230.18
20202,11566,224,1,4016.21
20203,11567,75,1,36928.97
20204,11567,33,1,1134.8
20205,11568,84,1,20214.13
20206,11569,145,1,526.02
20207,11570,20,1,739.87
20208,11571,205,4,8284.66
20209,11572,208,3,7427.48
20210,11573,151,1,2548.27
20211,11573,140,1,10596.35
20212,11574,86,1,4044.6
20213,11574,142,1,12257.88
20214,11574,151,1,2882.4
20215,11574,178,2,12462.44
20216,11575,176,1,58407.8
20217,11576,76,2,2857.73
20218,11577,166,1,52470.12
20219,11578,115,3,1475.8
20220,11579,170,2,39971.88
20221,11579,201,1,6104.24
20222,11579,133,2,5477.57
20223,11580,103,1,2034.2
20224,11580,100,1,8047.48
20225,11581,263,1,1156.67
20226,11582,22,1,4113.47
20227,11583,247,1,4808.78
20228,11584,14,1,32577.83
20229,11585,191,2,45835.88
20230,11585,161,3,6142.21
20231,11586,216,2,73076.42
20232,11586,258,1,5212.25
20233,11587,249,2,43520.69
20234,11588,236,1,2268.72
20235,11589,178,1,13223.24
20236,11589,161,1,6231.46
20237,11589,208,1,7140.73
20238,11590,192,1,12928.84
20239,11590,157,1,4509.71
20240,11591,293,1,1192.41
20241,11592,93,1,4626.04
20242,11592,291,2,7486.04
20243,11593,217,4,3639.66
20244,11593,299,1,950.87
20245,11593,75,1,41992.55
20246,11594,5,1,73060.14
20247,11595,113,1,1622.34
20248,11595,191,1,51925.95
20249,11596,284,2,6965.7
20250,11596,224,1,4010.05
20251,11596,73,2,476.04
20252,11597,31,3,5595.22
20253,11598,168,1,7093.83
20254,11598,109,1,12299.69
20255,11598,110,1,6663.14
20256,11599,50,1,42887.94
20257,11600,167,1,22940.29
20258,11601,116,1,46778.41
20259,11601,47,1,5662.07
20260,11602,133,2,4918.35
20261,11603,30,1,4848.4
20262,11604,54,2,14356.18
20263,11604,187,1,1084.05
20264,11605,149,1,4371.89
20265,11605,29,1,37727.02
20266,11606,57,3,48941.64
20267,11607,14,2,30306.96
20268,11607,277,1,8411.55
20269,11607,130,2,41417.97
20270,11608,51,2,756.62
20271,11609,103,1,1890.28
20272,11610,154,1,38219.87
20273,11610,17,2,289.1
20274,11611,104,1,12112.08
20275,11611,140,1,10302.27
20276,11612,127,2,37619.84
20277,11613,297,2,3899.43
20278,11614,117,1,1977.22
20279,11614,55,1,658.75
20280,11614,294,1,1171.41
20281,11615,292,2,985.98
20282,11616,200,1,1025.11
20283,11616,246,1,345.91
20284,11617,15,1,61657.23
20285,11617,179,1,1217.84
20286,11618,251,1,1013.92
20287,11618,1,1,446.39
20288,11618,164,1,13735.27
20289,11619,47,1,5778.4
20290,11619,35,1,42895.14
20291,11620,198,1,9782.62
20292,11621,142,2,12692.66
20293,11621,129,1,50436.7
20294,11622,41,1,9068.72
20295,11622,99,1,17758.79
20296,11623,168,1,6493.62
20297,11623,126,1,988.9
20298,11624,112,1,6060.8
20299,11625,290,1,2764.45
20300,11625,21,1,20674.99
20301,11625,125,1,1297.61
20302,11626,197,1,1117.11
20303,11626,176,1,64984.23
20304,11627,71,1,5057.77
20305,11627,171,1,4090.91
20306,11627,230,2,4195.86
20307,11628,154,3,42086.81
20308,11628,272,2,42964.51
20309,11628,205,1,8688.74
20310,11629,73,1,475.4
20311,11630,195,1,2499.87
20312,11630,92,1,59185.63
20313,11631,76,1,2924.59
20314,11631,14,2,33932.78
20315,11632,226,1,5693.63
20316,11632,145,1,501.85
20317,11633,247,2,5130.04
20318,11634,253,2,21772.63
20319,11635,82,1,4577.66
20320,11635,34,1,1943.57
20321,11636,219,1,1454.86
20322,11637,51,1,759.59
20323,11637,205,1,8834.21
20324,11637,224,1,3779.39
20325,11638,211,3,4391.42
20326,11638,192,4,14264.41
20327,11639,67,1,4864.87
20328,11640,60,1,30375.07
20329,11641,198,2,9249.91
20330,11642,52,1,1725.0
20331,11643,143,2,1553.3
20332,11644,22,1,3956.42
20333,11644,76,1,2991.68
20334,11645,6,3,34749.6
20335,11645,88,2,59920.26
20336,11646,127,1,33257.21
20337,11646,30,2,4695.21
20338,11646,33,1,1077.65
20339,11647,227,1,2165.62
20340,11647,88,1,60157.39
20341,11648,133,1,4704.42
20342,11648,263,2,1187.39
20343,11649,16,2,5096.66
20344,11650,15,1,69545.05
20345,11650,109,2,12790.64
20346,11650,240,4,8199.74
20347,11651,291,1,7750.29
20348,11652,115,2,1509.68
20349,11652,89,1,1723.35
20350,11653,124,1,4862.2
20351,11653,161,1,5454.36
20352,11654,292,4,963.25
20353,11655,69,1,5207.34
20354,11655,171,1,4391.93
20355,11656,266,1,3312.51
20356,11656,11,2,1081.61
20357,11656,190,1,16329.87
20358,11657,239,1,7467.56
20359,11657,105,1,9570.34
20360,11658,167,4,21962.32
20361,11659,251,1,1139.09
20362,11660,234,3,15298.57
20363,11661,190,1,16254.36
20364,11662,46,2,1422.9
20365,11662,61,1,4034.47
20366,11662,79,1,2433.78
20367,11663,209,1,2141.86
20368,11664,274,2,75239.21
20369,11665,155,1,4820.64
20370,11666,129,2,49023.18
20371,11667,291,3,8294.29
20372,11668,154,1,40356.94
20373,11669,207,3,15014.95
20374,11670,193,1,18446.58
20375,11670,258,1,5366.84
20376,11670,159,1,44743.05
20377,11671,110,1,7155.22
20378,11672,226,2,6648.57
20379,11673,17,2,298.23
20380,11673,67,1,4884.56
20381,11674,34,1,2135.61
20382,11675,277,1,9070.45
20383,11675,264,2,1740.39
20384,11675,17,1,254.03
20385,11676,73,1,431.24
20386,11676,150,1,1485.95
20387,11677,290,1,2527.61
20388,11677,300,2,1017.74
20389,11678,180,2,15098.43
20390,11679,198,1,8439.0
20391,11680,98,2,4603.43
20392,11680,145,1,521.84
20393,11680,280,1,28525.5
20394,11681,286,1,1763.51
20395,11682,164,3,13840.1
20396,11683,24,1,17731.94
20397,11683,97,2,5635.26
20398,11684,127,3,36642.96
20399,11685,92,3,58623.98
20400,11685,272,2,42652.83
20401,11686,158,1,55628.79
20402,11686,205,1,9248.77
20403,11687,240,2,9184.12
20404,11687,111,2,6632.24
20405,11687,247,1,5287.24
20406,11688,294,1,1185.35
20407,11689,103,1,2026.03
20408,11690,228,1,48079.71
20409,11691,169,2,6928.7
20410,11692,294,1,1201.02
20411,11692,207,1,15272.07
20412,11692,176,1,58978.32
20413,11693,248,1,626.94
20414,11693,3,1,7169.02
20415,11694,265,2,9031.57
20416,11695,292,1,949.47
20417,11696,238,1,1655.23
20418,11696,248,1,677.44
20419,11697,107,2,5466.04
20420,11698,166,1,55762.39
20421,11699,48,1,844.78
20422,11699,49,1,12973.15
20423,11700,140,4,10078.6
20424,11700,265,1,8610.86
20425,11701,176,2,67252.25
20426,11702,192,4,13583.08
20427,11702,289,1,4080.93
20428,11703,1,1,490.27
20429,11703,15,1,70190.81
20430,11704,149,3,4658.06
20431,11704,53,1,46689.74
20432,11705,295,2,5287.74
20433,11706,94,1,1604.31
20434,11706,176,1,61766.42
20435,11707,1,1,437.03
20436,11707,214,1,28521.65
20437,11708,295,1,5510.32
20438,11709,198,2,8334.09
20439,11710,139,3,3381.01
20440,11711,156,1,5649.07
20441,11711,132,1,15661.78
20442,11711,208,1,7607.84
20443,11712,42,2,4348.51
20444,11712,59,2,6639.18
20445,11713,170,1,41934.65
20446,11714,102,2,2938.53
20447,11715,262,1,5671.71
20448,11716,267,1,3046.55
20449,11717,283,1,1263.84
20450,11717,81,1,3950.76
20451,11718,92,2,58862.92
20452,11718,126,1,1038.0
20453,11719,237,2,5067.71
20454,11720,32,1,2742.92
20455,11720,213,1,4971.52
20456,11720,280,1,27336.79
20457,11721,265,1,8922.91
20458,11721,81,1,3793.42
20459,11721,122,1,17466.45
20460,11721,175,1,5925.58
20461,11722,93,1,4455.68
20462,11723,120,1,3440.13
20463,11724,108,2,39689.29
20464,11725,105,3,9599.02
20465,11725,108,1,34496.72
20466,11725,51,1,721.72
20467,11726,141,3,4007.72
20468,11727,299,1,966.51
20469,11727,76,1,2664.66
20470,11728,87,1,39380.69
20471,11728,71,1,4922.31
20472,11729,119,4,5252.63
20473,11730,19,2,9839.88
20474,11731,58,3,6837.7
20475,11731,87,2,40955.89
20476,11732,189,1,17782.61
20477,11733,104,1,11086.14
20478,11734,26,2,2606.12
20479,11734,161,1,5978.14
20480,11734,199,1,1773.61
20481,11735,191,2,48678.91
20482,11736,151,3,2682.16
20483,11736,66,2,1363.52
20484,11737,195,1,2639.01
20485,11738,254,2,12332.86
20486,11739,2,1,1917.24
20487,11740,218,1,2245.93
20488,11741,203,1,5818.3
20489,11742,88,1,54981.38
20490,11742,14,1,32300.59
20491,11742,158,2,64014.51
20492,11742,276,3,47733.45
20493,11743,231,1,14412.74
20494,11744,239,1,7514.64
20495,11745,121,1,71285.54
20496,11745,38,1,1675.65
20497,11745,167,1,24699.21
20498,11746,167,2,23121.42
20499,11746,169,1,6802.66
20500,11747,288,2,1193.83
20501,11747,230,1,4624.19
20502,11747,73,1,419.69
20503,11747,233,3,6172.12
20504,11748,22,2,3753.74
20505,11749,116,1,42455.44
20506,11750,127,1,33645.73
20507,11750,118,3,6220.89
20508,11751,42,1,4894.49
20509,11751,82,3,5091.53
20510,11751,234,1,15278.29
20511,11752,6,1,34747.5
20512,11753,274,1,74851.19
20513,11753,249,1,43485.94
20514,11753,135,3,2760.6
20515,11754,60,3,33907.16
20516,11754,300,1,1055.44
20517,11755,288,2,1132.6
20518,11756,58,1,6082.55
20519,11756,242,1,7119.66
20520,11757,276,1,51003.0
20521,11758,251,1,1067.4
20522,11759,98,1,4753.15
20523,11760,186,2,2779.07
20524,11761,271,3,16829.39
20525,11762,184,4,4684.55
20526,11762,272,2,41450.77
20527,11763,57,2,49088.4
20528,11763,105,1,11115.98
20529,11763,290,1,2797.31
20530,11764,7,2,409.06
20531,11765,252,1,7985.02
20532,11766,91,1,4866.52
20533,11766,44,1,17082.56
20534,11767,131,1,3204.46
20535,11768,123,3,3720.98
20536,11769,296,1,2558.29
20537,11770,109,1,13673.75
20538,11770,207,3,14682.23
20539,11771,96,1,57385.24
20540,11771,191,1,44060.43
20541,11771,236,1,2230.22
20542,11772,194,2,6509.6
20543,11773,192,4,12431.13
20544,11773,119,1,5661.61
20545,11774,218,1,2149.4
20546,11774,207,1,15030.63
20547,11775,94,1,1430.46
20548,11775,84,1,23908.44
20549,11775,16,1,5663.67
20550,11775,226,1,5790.53
20551,11776,5,4,79257.49
20552,11776,196,1,326.92
20553,11777,125,2,1203.24
20554,11778,224,2,3887.94
20555,11779,28,1,420.71
20556,11780,46,1,1591.05
20557,11781,233,1,6353.32
20558,11781,166,2,58421.57
20559,11782,276,1,49546.08
20560,11783,58,1,6652.7
20561,11783,7,1,442.68
20562,11784,94,1,1543.03
20563,11785,58,2,6293.67
20564,11785,238,3,1654.96
20565,11785,174,1,6838.31
20566,11786,126,2,992.29
20567,11787,289,2,4335.47
20568,11787,15,3,65927.39
20569,11788,238,1,1693.36
20570,11788,268,3,13793.25
20571,11789,2,1,1894.68
20572,11789,33,1,1185.21
20573,11790,55,1,617.6
20574,11791,150,1,1700.2
20575,11791,126,1,983.79
20576,11792,143,1,1671.4
20577,11792,234,2,14803.51
20578,11792,120,1,3384.96
20579,11793,300,1,955.04
20580,11793,2,1,1874.28
20581,11793,54,1,16324.39
20582,11794,77,1,1299.43
20583,11795,33,1,1136.65
20584,11796,47,1,5750.7
20585,11796,31,1,5497.73
20586,11797,50,1,41926.51
20587,11798,121,1,64123.62
20588,11798,38,1,1482.95
20589,11799,146,1,1042.16
20590,11799,248,1,663.1
20591,11799,149,1,4798.61
20592,11800,31,1,5124.97
20593,11801,158,2,60837.14
20594,11802,100,2,7650.11
20595,11803,251,1,1108.79
20596,11804,174,1,7857.47
20597,11804,77,1,1226.6
20598,11805,13,2,934.79
20599,11806,130,1,40255.0
20600,11806,158,1,61609.25
20601,11807,20,1,713.56
20602,11808,140,1,10338.47
20603,11809,224,1,3973.2
20604,11810,258,1,5768.19
20605,11811,217,1,3460.5
20606,11811,35,1,40916.17
20607,11811,82,1,5017.39
20608,11811,18,2,1551.49
20609,11812,166,1,54016.34
20610,11813,45,4,626.66
20611,11814,26,1,2641.93
20612,11814,143,1,1749.6
20613,11815,206,1,7532.77
20614,11816,32,1,2692.56
20615,11816,58,1,6015.78
20616,11816,185,1,2826.2
20617,11816,163,2,2111.86
20618,11817,239,1,7315.57
20619,11818,21,1,22369.19
20620,11819,167,1,21635.43
20621,11820,144,1,5336.99
20622,11820,108,1,39949.6
20623,11821,197,3,1044.94
20624,11821,135,1,3055.01
20625,11822,283,4,1269.31
20626,11823,73,4,425.51
20627,11823,236,3,2166.81
20628,11824,256,2,1609.69
20629,11824,282,1,1004.87
20630,11825,98,3,4290.41
20631,11825,115,1,1553.64
20632,11825,258,1,5295.66
20633,11825,213,4,5550.78
20634,11826,290,1,2720.56
20635,11827,102,1,2871.62
20636,11828,77,2,1196.76
20637,11828,202,2,26556.78
20638,11829,258,1,5431.01
20639,11830,278,2,1549.36
20640,11830,251,1,1030.68
20641,11831,293,1,1252.37
20642,11831,184,3,5464.29
20643,11832,1,1,437.42
20644,11833,251,1,1064.77
20645,11834,86,2,3421.48
20646,11835,128,1,6037.31
20647,11835,218,3,2527.43
20648,11836,181,1,13471.51
20649,11836,196,1,293.17
20650,11837,122,1,17529.64
20651,11837,81,2,4031.89
20652,11837,300,1,997.61
20653,11837,205,2,9578.57
20654,11838,160,3,2720.64
20655,11839,94,1,1443.84
20656,11839,72,2,5891.08
20657,11840,193,1,19386.86
20658,11840,202,1,26923.3
20659,11841,237,2,4525.77
20660,11841,228,1,49012.2
20661,11842,158,1,55898.28
20662,11843,259,1,27639.37
20663,11844,183,3,7286.49
20664,11845,4,1,5831.78
20665,11845,34,1,2068.05
20666,11846,225,1,4974.19
20667,11846,266,1,3637.46
20668,11847,160,1,3104.72
20669,11847,286,1,1618.3
20670,11848,218,1,2512.21
20671,11848,241,2,778.16
20672,11848,159,1,40605.8
20673,11848,207,1,16457.86
20674,11849,99,2,16263.85
20675,11850,276,1,47889.44
20676,11851,11,2,1028.84
20677,11852,7,1,437.38
20678,11853,97,1,5565.3
20679,11854,63,1,1859.17
20680,11855,197,4,1040.88
20681,11855,217,1,3671.43
20682,11855,3,2,6667.71
20683,11856,65,2,1094.95
20684,11857,277,2,8969.71
20685,11857,194,1,6003.12
20686,11857,120,3,3369.28
20687,11858,115,1,1389.79
20688,11859,19,1,9131.65
20689,11859,130,2,36142.19
20690,11860,265,1,9902.74
20691,11860,163,1,1895.74
20692,11861,55,1,678.89
20693,11862,294,3,1284.87
20694,11863,18,1,1452.24
20695,11863,6,1,39926.18
20696,11864,24,1,20205.3
20697,11864,31,1,5404.4
20698,11864,159,3,45880.18
20699,11865,248,2,677.17
20700,11865,86,1,3481.22
20701,11866,201,2,6410.35
20702,11867,253,1,19941.77
20703,11867,186,3,3007.22
20704,11868,164,1,12585.85
20705,11868,16,1,5134.07
20706,11869,84,2,21935.62
20707,11869,271,1,17543.18
20708,11870,176,1,61811.65
20709,11870,137,2,1720.13
20710,11870,284,1,6635.39
20711,11871,200,2,995.33
20712,11871,259,1,29595.79
20713,11872,38,1,1437.71
20714,11873,41,1,8779.11
20715,11873,266,2,3749.41
20716,11874,262,2,5331.98
20717,11875,96,1,49721.4
20718,11876,110,2,6608.53
20719,11876,75,2,40603.38
20720,11877,116,2,45900.04
20721,11877,7,2,408.97
20722,11877,152,1,6172.44
20723,11878,226,1,6067.49
20724,11878,231,2,15913.56
20725,11879,155,1,4933.07
20726,11879,127,4,33264.6
20727,11879,39,1,7694.79
20728,11879,199,3,1792.58
20729,11880,137,1,1621.36
20730,11880,52,1,1721.57
20731,11880,149,2,4506.64
20732,11881,89,1,1667.51
20733,11882,26,2,2800.24
20734,11883,285,1,365.28
20735,11883,256,1,1774.79
20736,11884,127,2,35295.92
20737,11884,273,1,1346.89
20738,11884,218,1,2186.94
20739,11884,123,3,4117.17
20740,11885,24,1,18924.37
20741,11886,296,1,2510.56
20742,11887,10,1,68571.91
20743,11888,278,1,1764.01
20744,11888,16,1,5319.25
20745,11889,247,1,5432.55
20746,11890,211,1,4209.93
20747,11890,231,2,15133.64
20748,11891,18,1,1470.63
20749,11892,274,4,73336.16
20750,11892,181,2,14926.81
20751,11893,258,2,5096.19
20752,11894,76,1,2713.56
20753,11895,147,1,16061.37
20754,11896,43,1,1228.43
20755,11896,206,2,8224.33
20756,11897,208,3,7031.62
20757,11898,36,1,2475.45
20758,11898,164,2,13386.6
20759,11899,182,1,48152.66
20760,11899,268,2,14670.0
20761,11900,32,1,2632.49
20762,11901,219,1,1445.8
20763,11901,186,1,2842.28
20764,11902,97,1,6071.44
20765,11902,58,1,6914.25
20766,11902,38,1,1545.0
20767,11903,31,1,5843.09
20768,11903,192,1,12900.88
20769,11904,215,1,5834.84
20770,11904,105,1,11071.25
20771,11905,279,1,887.56
20772,11905,50,3,42195.73
20773,11906,43,1,1232.09
20774,11907,172,1,21175.29
20775,11907,220,1,569.45
20776,11907,199,2,1634.97
20777,11907,295,1,4922.09
20778,11908,86,1,3395.95
20779,11909,112,2,6597.96
20780,11910,217,1,3331.96
20781,11911,76,4,2804.45
20782,11912,21,1,21851.34
20783,11912,219,4,1592.55
20784,11913,219,1,1611.98
20785,11914,62,2,13629.17
20786,11914,32,1,3083.86
20787,11914,26,1,2479.25
20788,11914,208,3,7735.93
20789,11915,19,1,10348.32
20790,11915,131,1,3326.71
20791,11916,6,2,35277.39
20792,11916,46,1,1484.86
20793,11916,264,1,1706.49
20794,11917,7,2,442.54
20795,11917,271,1,18287.5
20796,11918,254,1,13010.31
20797,11918,198,2,8957.13
20798,11919,264,2,1615.09
20799,11919,238,1,1596.11
20800,11919,112,1,5679.58
20801,11919,137,1,1570.63
20802,11920,198,1,9411.96
20803,11920,245,1,1148.02
20804,11920,261,4,1575.32
20805,11921,87,1,36521.24
20806,11921,27,1,3183.81
20807,11922,153,1,4648.98
20808,11923,152,1,6894.61
20809,11924,264,1,1860.68
20810,11925,128,1,5560.85
20811,11926,96,2,50268.76
20812,11926,65,1,1038.58
20813,11927,23,1,662.84
20814,11928,76,2,2821.96
20815,11928,112,2,6288.9
20816,11929,276,1,46708.56
20817,11929,229,1,49913.87
20818,11929,209,1,2139.16
20819,11930,7,1,425.14
20820,11931,188,1,81975.71
20821,11931,24,1,20056.54
20822,11931,195,1,2648.11
20823,11932,122,1,18497.22
20824,11932,124,2,5527.22
20825,11932,112,1,5905.92
20826,11933,237,2,4504.54
20827,11933,10,1,67263.51
20828,11934,224,2,4083.79
20829,11934,87,1,38581.26
20830,11934,131,1,3277.26
20831,11935,202,1,26646.87
20832,11935,45,1,642.47
20833,11935,48,1,823.04
20834,11936,30,3,4561.32
20835,11937,68,1,50798.21
20836,11937,239,2,7460.77
20837,11938,39,1,7151.14
20838,11938,211,1,4155.64
20839,11939,155,1,4979.01
20840,11940,135,2,2725.9
20841,11940,245,1,1194.71
20842,11940,41,4,8664.36
20843,11941,14,1,30591.13
20844,11942,233,1,6777.6
20845,11943,39,1,6989.11
20846,11943,108,1,36072.89
20847,11943,211,1,4092.03
20848,11944,234,2,14048.85
20849,11944,209,1,2312.34
20850,11945,210,3,15840.18
20851,11946,114,2,5073.22
20852,11946,280,1,26646.23
20853,11947,69,2,5317.94
20854,11948,21,3,22402.3
20855,11948,255,1,50218.07
20856,11949,194,2,6424.9
20857,11949,158,1,57457.31
20858,11949,238,1,1609.92
20859,11950,219,1,1460.98
20860,11950,88,1,56517.81
20861,11951,10,1,62473.51
20862,11951,222,1,8984.92
20863,11951,215,1,5663.59
20864,11952,90,1,16920.92
20865,11953,101,1,385.84
20866,11953,191,1,48762.48
20867,11954,19,1,9793.88
20868,11954,205,3,9310.38
20869,11955,51,1,741.88
20870,11956,269,2,7052.04
20871,11956,44,1,18614.35
20872,11956,286,4,1819.72
20873,11957,135,1,2748.89
20874,11958,300,3,977.35
20875,11958,236,2,2164.61
20876,11958,209,2,2008.29
20877,11959,58,3,5901.8
20878,11960,174,2,6663.36
20879,11960,63,3,1936.81
20880,11960,205,1,9091.74
20881,11960,112,1,5808.88
20882,11961,225,2,4697.08
20883,11961,94,1,1462.68
20884,11961,245,1,1060.97
20885,11962,147,3,15190.08
20886,11962,88,1,62261.27
20887,11962,298,1,233.54
20888,11963,213,1,5125.45
20889,11963,67,1,5011.11
20890,11964,58,1,6855.91
20891,11965,246,2,379.16
20892,11966,31,2,5070.0
20893,11966,35,1,46583.08
20894,11967,238,1,1652.97
20895,11968,40,1,1483.31
20896,11969,175,2,6689.68
20897,11970,272,1,40263.16
20898,11970,143,1,1834.53
20899,11971,292,3,1043.93
20900,11971,120,1,3229.43
20901,11972,223,1,5685.47
20902,11972,77,2,1244.12
20903,11973,111,1,6747.36
20904,11973,176,2,60111.55
20905,11974,111,1,6510.02
20906,11974,26,1,2459.14
20907,11975,109,1,12894.73
20908,11975,210,1,14874.88
20909,11975,139,1,3095.16
20910,11976,147,1,15431.21
20911,11977,55,1,679.08
20912,11977,190,4,15115.15
20913,11978,144,3,5206.91
20914,11979,10,2,72175.97
20915,11980,199,2,1637.73
20916,11981,113,2,1865.28
20917,11982,29,2,34889.19
20918,11982,120,1,3277.45
20919,11983,153,1,5170.4
20920,11983,174,1,7484.08
20921,11983,170,2,42570.91
20922,11984,271,3,15675.93
20923,11984,146,1,1134.61
20924,11985,216,2,62462.61
20925,11985,206,2,7715.67
20926,11986,242,1,7989.57
20927,11987,269,1,6859.11
20928,11988,228,1,41529.78
20929,11989,296,1,2643.92
20930,11990,59,1,6933.32
20931,11991,221,1,1394.18
20932,11992,155,1,5487.12
20933,11993,91,1,4697.89
20934,11994,221,1,1255.89
20935,11995,293,2,1104.65
20936,11996,161,2,6198.57
20937,11997,232,4,5169.01
20938,11998,285,2,374.43
20939,11999,8,2,2709.7
20940,11999,156,1,5922.25
20941,12000,297,2,3847.59
20942,12001,165,2,6749.91
20943,12002,47,1,5599.25
20944,12002,36,4,2654.46
20945,12003,92,1,61276.36
20946,12003,24,2,19342.9
20947,12004,50,1,42657.85
20948,12004,18,1,1599.98
20949,12005,120,3,3158.04
20950,12006,45,1,589.99
20951,12006,50,1,40324.88
20952,12006,202,3,24388.73
20953,12006,35,1,43815.99
20954,12007,54,1,14252.27
20955,12008,142,1,13912.29
20956,12008,33,1,1104.83
20957,12008,5,2,79522.72
20958,12008,184,1,4816.7
20959,12009,234,1,13869.23
20960,12009,258,4,5636.52
20961,12010,4,2,5836.77
20962,12011,10,1,62161.07
20963,12012,22,3,3725.04
20964,12013,152,3,6754.65
20965,12013,232,1,5959.09
20966,12014,58,1,6005.86
20967,12014,265,1,9052.97
20968,12014,275,1,1218.47
20969,12014,251,1,1112.14
20970,12015,126,3,906.7
20971,12015,94,1,1576.82
20972,12015,195,1,2789.95
20973,12016,278,2,1721.65
20974,12016,131,2,3450.35
20975,12016,147,1,15958.22
20976,12016,246,1,395.76
20977,12017,267,1,3089.02
20978,12018,148,2,45816.12
20979,12019,291,1,7829.37
20980,12019,284,2,7015.81
20981,12020,186,1,2833.13
20982,12021,108,2,38593.44
20983,12022,267,1,3255.01
20984,12023,217,1,3613.75
20985,12024,106,1,39710.48
20986,12024,27,1,3302.58
20987,12025,183,1,6880.74
20988,12026,49,1,13574.98
20989,12027,98,2,4620.6
20990,12028,159,1,46320.59
20991,12028,254,2,13681.24
20992,12029,78,1,3714.62
20993,12030,241,1,745.51
20994,12031,18,1,1418.38
20995,12032,204,3,80880.09
20996,12033,75,2,39610.34
20997,12033,194,1,6533.36
20998,12034,82,1,4748.79
20999,12035,138,3,63211.53
21000,12035,187,1,1057.02
21001,12036,21,1,22260.56
21002,12036,50,1,43441.98
21003,12037,261,1,1386.73
21004,12038,279,1,896.8
21005,12038,160,2,2828.68
21006,12039,87,2,39395.22
21007,12040,84,1,23834.55
21008,12040,290,2,2543.05
21009,12041,227,1,2388.34
21010,12041,128,4,5891.78
21011,12042,137,1,1659.64
21012,12043,220,2,671.05
21013,12043,132,1,17109.11
21014,12044,204,1,79535.99
21015,12045,231,1,14893.93
21016,12046,85,1,2893.33
21017,12047,226,2,6645.95
21018,12048,134,1,2714.71
21019,12049,294,1,1193.29
21020,12050,69,1,6188.52
21021,12050,120,1,3367.2
21022,12051,266,2,3613.29
21023,12051,169,1,6483.05
21024,12051,266,1,3544.91
21025,12052,34,1,1831.59
21026,12052,108,3,39362.08
21027,12052,276,1,52981.76
21028,12053,123,1,3646.24
21029,12053,91,1,4743.27
21030,12053,91,1,4559.35
21031,12053,274,1,74639.06
21032,12054,90,1,17346.82
21033,12054,36,1,2523.76
21034,12055,27,1,3319.34
21035,12055,293,4,1226.17
21036,12056,192,2,14444.86
21037,12057,286,1,1867.11
21038,12057,231,1,15606.52
21039,12057,142,1,12356.04
21040,12058,103,1,1838.39
21041,12059,68,1,52256.45
21042,12059,151,1,2542.28
21043,12060,17,1,262.75
21044,12060,7,1,456.49
21045,12061,252,1,7629.52
21046,12061,189,1,19276.36
21047,12061,217,2,3262.05
21048,12061,98,1,4392.46
21049,12062,171,2,4352.4
21050,12063,45,1,633.77
21051,12064,152,1,6159.39
21052,12065,4,3,5259.92
21053,12065,161,2,6364.79
21054,12066,129,1,47447.91
21055,12066,112,1,6328.92
21056,12067,201,1,6295.6
21057,12068,182,1,42083.53
21058,12068,72,1,5263.34
21059,12068,3,1,7440.91
21060,12069,51,3,670.73
21061,12070,263,3,1114.53
21062,12070,184,2,4780.28
21063,12070,201,1,6153.08
21064,12071,179,1,1417.96
21065,12071,246,1,342.59
21066,12071,92,1,59870.99
21067,12072,132,1,16041.42
21068,12072,256,1,1750.24
21069,12072,36,2,2795.02
21070,12073,180,1,17694.73
21071,12073,250,2,3837.99
21072,12074,245,3,1069.11
21073,12074,107,1,5397.5
21074,12075,278,2,1678.12
21075,12075,80,4,81880.08
21076,12076,203,1,5612.48
21077,12076,61,1,4743.13
21078,12077,88,1,57611.03
21079,12077,156,4,5867.83
21080,12078,204,2,71878.61
21081,12078,84,1,21090.89
21082,12079,127,1,37022.02
21083,12080,115,1,1549.68
21084,12081,55,1,624.59
21085,12082,174,2,6799.25
21086,12082,53,4,46757.06
21087,12083,153,3,4755.78
21088,12084,47,1,5191.72
21089,12085,168,3,7362.63
21090,12085,140,1,9929.9
21091,12086,295,1,5355.67
21092,12086,179,1,1256.66
21093,12086,186,2,2703.38
21094,12087,293,1,1079.51
21095,12088,89,1,1637.5
21096,12088,202,1,25893.37
21097,12088,82,1,4967.57
21098,12089,70,1,2265.09
21099,12090,15,1,62835.37
21100,12090,251,1,1091.05
21101,12091,152,1,7221.72
21102,12091,296,1,2641.95
21103,12091,25,1,2393.62
21104,12092,124,2,4963.55
21105,12093,297,1,4509.0
21106,12093,265,1,8990.27
21107,12093,231,3,15206.24
21108,12094,224,1,4332.32
21109,12094,60,1,31151.42
21110,12095,95,1,2580.08
21111,12095,208,3,7774.72
21112,12095,3,2,6593.43
21113,12095,288,1,1235.1
21114,12096,210,1,16573.09
21115,12097,261,1,1541.12
21116,12098,290,1,2602.59
21117,12098,192,1,14074.7
21118,12099,41,1,7924.55
21119,12099,45,3,619.54
21120,12100,275,1,1197.57
21121,12100,139,2,3553.25
21122,12100,63,1,2031.8
21123,12101,41,2,8057.43
21124,12102,163,2,1911.37
21125,12103,171,1,4533.83
21126,12104,166,2,59252.91
21127,12104,120,2,3384.82
21128,12105,67,3,5125.99
21129,12106,39,1,7050.51
21130,12106,8,1,2990.21
21131,12107,58,1,6375.7
21132,12107,53,1,49533.38
21133,12108,50,3,39357.56
21134,12108,118,1,6216.75
21135,12109,160,1,3151.54
21136,12110,57,1,51707.67
21137,12111,167,1,24893.16
21138,12111,202,1,25721.72
21139,12112,123,1,3662.99
21140,12113,147,1,16347.04
21141,12113,178,1,14135.43
21142,12114,107,1,5395.62
21143,12115,105,3,10759.55
21144,12115,70,1,2256.31
21145,12116,194,1,7096.17
21146,12117,199,1,1840.8
21147,12118,170,2,39935.19
21148,12119,268,1,13928.32
21149,12119,62,2,13907.04
21150,12120,196,2,315.25
21151,12120,80,1,79166.79
21152,12121,123,3,3892.87
21153,12121,85,1,2814.99
21154,12122,9,1,9094.77
21155,12123,153,1,4812.48
21156,12123,238,2,1698.0
21157,12123,295,1,5016.38
21158,12124,158,1,56527.62
21159,12125,216,1,65811.43
21160,12125,20,1,694.57
21161,12126,9,1,8055.46
21162,12126,219,1,1449.71
21163,12127,148,2,48320.45
21164,12127,70,2,2251.65
21165,12127,144,1,4798.3
21166,12128,90,1,17275.31
21167,12128,73,1,426.02
21168,12128,196,1,290.77
21169,12129,200,3,967.53
21170,12130,57,2,45016.92
21171,12130,267,1,2871.02
21172,12130,97,1,6043.1
21173,12131,189,1,20188.02
21174,12132,210,2,15684.52
21175,12132,152,4,6739.2
21176,12133,95,1,2183.42
21177,12134,279,1,837.55
21178,12135,28,1,434.63
21179,12135,107,1,5745.11
21180,12136,31,2,5638.48
21181,12136,179,3,1304.49
21182,12136,163,1,1987.92
21183,12137,137,1,1641.16
21184,12138,300,1,1017.67
21185,12139,234,1,13755.05
21186,12139,157,1,4807.81
21187,12139,232,2,5519.96
21188,12140,294,1,1179.19
21189,12140,197,1,1111.7
21190,12141,272,1,43871.46
21191,12141,152,3,6311.66
21192,12141,264,2,1596.86
21193,12142,92,2,61153.0
21194,12143,135,1,2836.59
21195,12144,220,1,571.31
21196,12144,170,2,43013.56
21197,12145,106,3,36442.92
21198,12146,191,1,50262.94
21199,12146,41,1,8876.39
21200,12146,3,1,7282.53
21201,12147,163,1,2044.18
21202,12148,14,2,31418.2
21203,12149,7,1,395.62
21204,12150,288,1,1161.16
21205,12150,114,1,5180.77
21206,12151,132,3,15929.62
21207,12152,117,2,1796.72
21208,12153,251,2,1130.31
21209,12153,125,1,1213.68
21210,12153,37,2,41093.41
21211,12154,229,1,49898.64
21212,12154,78,1,3752.38
21213,12155,96,1,53450.15
21214,12155,16,1,5538.07
21215,12155,265,3,9213.4
21216,12156,229,2,45020.51
21217,12157,22,1,3908.73
21218,12158,78,2,3962.54
21219,12158,284,2,6870.81
21220,12159,238,1,1676.96
21221,12160,109,1,12248.34
21222,12160,234,2,14349.17
21223,12160,106,1,38889.21
21224,12160,31,1,5643.36
21225,12161,159,2,42199.4
21226,12161,86,3,3765.22
21227,12161,296,2,2650.11
21228,12161,161,1,5860.23
21229,12162,81,2,3618.8
21230,12162,243,2,10728.67
21231,12163,260,2,18939.94
21232,12163,240,1,8915.78
21233,12163,295,1,4870.56
21234,12163,162,4,39224.59
21235,12164,109,2,12147.84
21236,12164,209,2,2003.08
21237,12164,32,1,3032.27
21238,12165,282,1,933.4
21239,12165,244,1,65806.5
21240,12166,124,2,5407.19
21241,12167,106,1,36870.71
21242,12168,40,1,1460.95
21243,12169,138,2,67533.26
21244,12169,41,1,8682.62
21245,12169,43,2,1112.17
21246,12170,113,2,1644.58
21247,12170,208,2,7386.99
21248,12171,35,1,40076.75
21249,12171,50,2,37806.44
21250,12171,265,3,8702.24
21251,12172,271,1,15867.41
21252,12172,163,2,1926.47
21253,12173,69,1,5806.14
21254,12173,231,1,14843.27
21255,12173,45,3,631.97
21256,12174,299,1,1038.41
21257,12175,19,1,10212.75
21258,12175,122,1,19496.64
21259,12176,109,1,11758.3
21260,12177,241,1,781.99
21261,12177,299,1,1009.26
21262,12178,221,3,1294.77
21263,12179,54,1,16354.42
21264,12180,77,3,1286.17
21265,12180,3,1,6819.32
21266,12181,35,1,42266.42
21267,12182,72,1,5117.45
21268,12182,3,2,6789.08
21269,12183,74,1,19224.6
21270,12183,249,1,48019.17
21271,12184,61,1,4475.22
21272,12185,294,1,1258.28
21273,12185,68,1,47587.52
21274,12186,117,3,1888.59
21275,12187,192,1,12429.61
21276,12187,161,1,5710.42
21277,12188,53,1,42633.61
21278,12189,59,4,6688.16
21279,12189,75,2,41913.63
21280,12189,234,2,14612.48
21281,12190,206,3,7310.06
21282,12190,7,3,399.66
21283,12191,79,1,2381.59
21284,12191,41,3,8634.15
21285,12191,225,3,4857.41
21286,12192,282,3,1056.37
21287,12192,14,1,33002.14
21288,12193,92,1,61485.76
21289,12194,284,2,6225.69
21290,12194,163,2,1897.82
21291,12195,140,1,10225.25
21292,12195,134,2,2770.66
21293,12196,56,2,9337.51
21294,12196,54,1,15573.02
21295,12197,116,1,42226.94
21296,12197,212,2,8980.85
21297,12198,217,1,3592.8
21298,12198,272,2,40857.25
21299,12199,174,1,6818.51
21300,12199,171,2,4427.68
21301,12200,92,3,59671.06
21302,12200,80,3,82147.86
21303,12201,207,1,15036.51
21304,12202,255,4,49999.29
21305,12202,244,1,72265.75
21306,12203,89,3,1752.08
21307,12204,150,1,1715.98
21308,12204,245,3,1138.61
21309,12205,75,1,39556.39
21310,12206,258,2,5308.83
21311,12206,79,1,2433.27
21312,12206,256,3,1781.41
21313,12207,255,3,45838.62
21314,12207,217,1,3677.18
21315,12207,71,1,5111.06
21316,12208,288,1,1275.16
21317,12209,237,1,4653.25
21318,12209,269,1,6911.82
21319,12209,187,4,1165.71
21320,12210,281,2,6182.92
21321,12210,48,1,846.79
21322,12210,129,1,44872.59
21323,12211,16,1,5126.1
21324,12211,73,1,440.38
21325,12212,6,2,38584.82
21326,12212,300,1,973.46
21327,12212,50,1,41767.85
21328,12213,42,3,4236.81
21329,12213,25,1,2222.9
21330,12214,175,3,5988.9
21331,12215,285,1,381.38
21332,12216,208,3,7611.83
21333,12217,249,3,46079.53
21334,12218,108,1,34444.57
21335,12219,47,3,5627.87
21336,12220,84,3,22816.17
21337,12220,218,3,2487.29
21338,12221,45,2,635.78
21339,12222,150,3,1639.67
21340,12223,13,1,912.3
21341,12223,34,1,2021.09
21342,12224,294,3,1225.44
21343,12224,121,4,64135.45
21344,12225,132,2,17628.34
21345,12225,90,1,18180.27
21346,12226,88,4,56851.6
21347,12227,207,2,15318.92
21348,12227,56,3,9219.75
21349,12228,154,2,39790.78
21350,12229,70,1,2495.14
21351,12230,13,2,907.63
21352,12231,158,1,55702.36
21353,12231,54,1,16311.43
21354,12232,74,1,17688.24
21355,12233,250,1,3923.52
21356,12233,82,1,4888.07
21357,12233,194,1,6689.37
21358,12233,297,1,3969.93
21359,12234,121,1,64710.31
21360,12235,178,1,13704.07
21361,12236,32,2,2854.23
21362,12236,31,1,5788.66
21363,12237,225,1,4993.69
21364,12238,227,1,2169.86
21365,12238,81,1,3957.58
21366,12238,24,3,19343.8
21367,12239,97,2,5679.57
21368,12239,96,1,52374.09
21369,12240,105,1,10198.71
21370,12240,102,2,2538.87
21371,12241,272,1,39078.43
21372,12241,209,1,1990.39
21373,12241,47,1,5705.08
21374,12242,23,3,713.0
21375,12243,284,1,7171.55
21376,12244,174,1,7252.01
21377,12245,61,1,4048.99
21378,12245,159,1,44856.03
21379,12246,61,1,4452.36
21380,12246,101,2,431.61
21381,12246,111,1,6880.28
21382,12247,145,2,577.54
21383,12248,209,2,2234.18
21384,12249,140,1,9695.97
21385,12249,47,1,5656.9
21386,12250,293,1,1154.05
21387,12250,89,2,1783.06
21388,12251,202,3,23151.48
21389,12252,123,2,4193.73
21390,12253,89,2,1566.46
21391,12254,180,1,16482.07
21392,12255,239,2,7463.86
21393,12256,143,4,1766.15
21394,12256,135,1,3028.45
21395,12257,169,2,7003.27
21396,12258,29,2,35996.27
21397,12258,53,2,49628.93
21398,12258,43,2,1203.84
21399,12259,105,1,10263.75
21400,12260,170,1,39507.06
21401,12260,164,1,13466.36
21402,12261,50,3,40403.9
21403,12262,204,2,80675.08
21404,12263,250,1,4000.22
21405,12264,242,1,7000.28
21406,12264,49,1,12171.95
21407,12265,99,2,16490.78
21408,12265,112,1,5689.76
21409,12266,38,3,1514.52
21410,12266,167,2,23018.94
21411,12267,273,1,1411.01
21412,12268,300,2,946.41
21413,12268,143,3,1567.86
21414,12269,15,1,72654.96
21415,12269,245,1,1202.21
21416,12269,190,2,15518.94
21417,12270,246,1,379.54
21418,12271,150,1,1718.67
21419,12272,192,2,12656.86
21420,12273,136,2,577.81
21421,12273,74,3,19382.1
21422,12273,72,2,5286.35
21423,12274,232,1,6048.64
21424,12274,3,3,7484.13
21425,12274,257,2,3717.46
21426,12275,243,1,10568.88
21427,12275,228,1,43429.06
21428,12276,227,1,2269.57
21429,12277,255,3,49234.04
21430,12277,34,1,2043.12
21431,12278,150,1,1654.81
21432,12279,164,1,12859.3
21433,12280,150,1,1524.99
21434,12281,101,2,413.95
21435,12281,262,2,5229.31
21436,12281,33,2,1268.32
21437,12281,113,2,1783.54
21438,12282,138,2,63807.64
21439,12282,54,2,14841.53
21440,12283,2,2,1863.63
21441,12284,249,1,48372.57
21442,12285,141,1,4606.59
21443,12285,10,1,65442.98
21444,12285,43,2,1246.02
21445,12286,84,3,22957.12
21446,12286,106,1,41381.14
21447,12287,86,1,3531.61
21448,12288,113,1,1634.35
21449,12288,73,2,470.17
21450,12288,22,1,4009.39
21451,12288,296,3,2344.67
21452,12289,186,2,2944.25
21453,12289,59,1,6834.94
21454,12290,154,2,39513.7
21455,12290,121,1,68466.68
21456,12291,199,1,1740.71
21457,12291,154,1,39981.39
21458,12292,248,1,705.67
21459,12292,43,2,1208.88
21460,12293,98,1,4476.07
21461,12294,174,2,7053.45
21462,12295,152,1,6620.79
21463,12295,113,4,1689.71
21464,12296,233,1,6626.39
21465,12297,115,2,1396.48
21466,12297,107,2,5803.33
21467,12297,143,1,1650.67
21468,12298,167,1,22599.1
21469,12298,55,1,692.53
21470,12298,169,1,6667.25
21471,12299,78,1,4249.27
21472,12299,78,1,3836.56
21473,12300,192,2,14166.71
21474,12300,160,3,2920.36
21475,12301,278,1,1627.28
21476,12301,73,1,474.88
21477,12302,152,1,6604.45
21478,12303,45,1,582.22
21479,12304,110,1,6898.34
21480,12304,240,1,8876.03
21481,12305,152,1,7326.65
21482,12305,259,1,29879.57
21483,12306,196,2,324.24
21484,12306,241,1,769.43
21485,12307,39,3,7334.36
21486,12308,186,3,2852.67
21487,12308,263,2,1155.3
21488,12309,23,2,774.8
21489,12309,40,1,1666.88
21490,12309,160,2,2893.59
21491,12310,231,2,15888.14
21492,12310,286,2,1865.88
21493,12311,178,1,13156.43
21494,12312,272,2,44244.08
21495,12312,144,1,5130.23
21496,12313,243,2,11442.06
21497,12313,39,1,7923.33
21498,12313,209,3,2097.67
21499,12314,90,4,16214.04
21500,12315,152,1,6725.27
21501,12315,262,3,5295.96
21502,12316,132,1,17956.71
21503,12317,25,1,2361.02
21504,12318,178,2,13484.31
21505,12319,16,2,5439.69
21506,12320,142,1,12493.5
21507,12320,55,1,695.76
21508,12321,124,1,5167.93
21509,12321,207,1,16207.38
21510,12322,180,1,16049.93
21511,12323,68,2,49504.48
21512,12324,276,1,48153.99
21513,12324,51,1,726.29
21514,12325,66,1,1604.05
21515,12326,200,1,1081.65
21516,12326,41,1,8132.24
21517,12327,295,1,4700.99
21518,12327,48,2,881.78
21519,12328,116,1,39846.14
21520,12329,210,4,15770.41
21521,12329,228,2,41751.7
21522,12329,262,1,5586.25
21523,12329,151,1,2805.8
21524,12330,231,1,14290.26
21525,12331,202,3,23798.75
21526,12331,122,1,17724.82
21527,12331,52,1,1582.14
21528,12331,170,1,42283.92
21529,12332,234,1,13579.36
21530,12333,14,4,32827.04
21531,12333,174,1,7290.81
21532,12333,140,1,9492.39
21533,12334,274,1,65035.37
21534,12334,224,2,4182.0
21535,12335,241,3,708.77
21536,12335,238,2,1585.92
21537,12335,108,2,38373.24
21538,12335,184,1,5415.33
21539,12336,69,1,5547.67
21540,12336,250,1,4202.9
21541,12337,101,1,436.34
21542,12337,104,1,10955.53
21543,12337,239,2,6839.13
21544,12338,27,1,3620.36
21545,12339,248,1,640.6
21546,12339,155,1,4894.96
21547,12340,4,3,5201.96
21548,12341,298,1,241.71
21549,12341,259,2,29734.88
21550,12342,268,3,15502.0
21551,12343,264,2,1673.51
21552,12343,263,1,1200.26
21553,12343,20,1,819.34
21554,12344,182,2,45410.29
21555,12345,162,1,41946.14
21556,12345,287,2,1076.87
21557,12346,86,1,3699.56
21558,12346,168,4,6475.44
21559,12346,71,2,5178.74
21560,12346,131,1,3303.6
21561,12347,54,2,14000.63
21562,12347,198,1,9092.78
21563,12347,35,1,41355.99
21564,12348,167,1,24217.71
21565,12348,199,1,1776.47
21566,12348,210,1,15184.89
21567,12349,44,3,17943.43
21568,12350,114,1,4653.83
21569,12350,125,1,1229.82
21570,12350,293,1,1161.26
21571,12351,77,1,1213.55
21572,12352,283,4,1314.21
21573,12352,75,1,42220.62
21574,12352,241,2,694.9
21575,12353,227,1,2285.91
21576,12353,11,1,1105.19
21577,12354,183,1,7071.96
21578,12354,80,3,75354.78
21579,12355,11,1,1065.64
21580,12356,281,1,6670.74
21581,12357,228,1,48416.15
21582,12357,244,1,67456.29
21583,12358,192,1,14712.66
21584,12359,76,1,2801.99
21585,12359,190,2,16501.48
21586,12360,172,3,18765.57
21587,12361,200,1,1039.84
21588,12362,9,4,8619.48
21589,12363,150,1,1460.33
21590,12364,249,1,42055.73
21591,12365,127,1,35299.73
21592,12365,149,1,4298.56
21593,12366,272,1,38002.32
21594,12367,148,3,45806.63
21595,12368,142,1,13281.86
21596,12369,42,1,4764.68
21597,12369,132,1,16899.69
21598,12370,11,1,982.78
21599,12371,252,1,8365.76
21600,12371,284,1,6608.59
21601,12372,156,1,6053.82
21602,12372,220,1,648.01
21603,12373,179,1,1225.44
21604,12374,79,3,2496.97
21605,12374,64,1,1778.36
21606,12374,8,1,3078.2
21607,12375,221,1,1189.15
21608,12375,191,3,48054.33
21609,12376,56,1,9637.08
21610,12376,261,1,1531.22
21611,12376,19,1,9580.88
21612,12377,142,2,13482.25
21613,12378,7,1,399.81
21614,12378,200,2,1089.75
21615,12379,145,1,555.12
21616,12379,287,1,1218.79
21617,12380,189,1,20293.44
21618,12381,146,2,1066.73
21619,12381,130,2,34867.8
21620,12381,244,2,65578.73
21621,12382,250,1,4300.01
21622,12382,105,1,10611.09
21623,12382,283,1,1216.39
21624,12383,4,1,5523.08
21625,12383,253,3,20237.21
21626,12384,256,1,1558.7
21627,12384,112,1,6106.07
21628,12384,285,1,369.92
21629,12385,146,1,1000.15
21630,12386,18,3,1430.87
21631,12386,105,1,10015.79
21632,12387,195,1,2510.01
21633,12388,148,2,45168.93
21634,12388,213,3,5698.23
21635,12388,257,1,3616.85
21636,12389,260,1,19696.35
21637,12389,193,1,19039.89
21638,12390,203,1,5536.83
21639,12390,58,1,5918.54
21640,12390,247,2,5308.98
21641,12391,175,1,6787.85
21642,12392,221,1,1209.86
21643,12393,134,1,2673.12
21644,12393,115,3,1607.42
21645,12394,219,1,1508.77
21646,12395,41,1,7869.4
21647,12396,66,2,1528.8
21648,12396,269,4,7189.86
21649,12397,143,1,1596.32
21650,12398,286,1,1705.9
21651,12398,160,2,3078.43
21652,12399,8,2,2793.97
21653,12399,200,1,1040.98
21654,12399,212,2,9724.01
21655,12400,248,3,624.76
21656,12400,30,1,5138.15
21657,12401,168,1,7171.88
21658,12401,213,1,5553.5
21659,12402,20,1,756.05
21660,12403,65,1,1127.61
21661,12404,261,1,1525.8
21662,12405,294,2,1237.14
21663,12405,64,1,1735.16
21664,12405,224,2,4185.92
21665,12406,184,2,4787.95
21666,12407,211,1,4358.32
21667,12407,194,1,7041.15
21668,12407,66,1,1432.38
21669,12408,5,1,78950.12
21670,12409,72,2,5296.93
21671,12409,97,1,5454.51
21672,12409,167,1,22092.53
21673,12410,122,1,18392.15
21674,12411,49,1,12216.02
21675,12411,299,1,975.62
21676,12411,96,1,57445.61
21677,12412,136,1,582.54
21678,12412,275,1,1155.71
21679,12412,192,3,14626.05
21680,12413,137,1,1777.91
21681,12414,39,1,6943.2
21682,12414,103,1,1956.7
21683,12414,295,3,5476.2
21684,12414,258,1,5010.79
21685,12415,111,1,6588.95
21686,12416,201,3,6099.82
21687,12417,71,1,5068.69
21688,12417,136,1,510.72
21689,12417,168,1,7332.83
21690,12417,232,1,5220.81
21691,12418,117,2,1807.12
21692,12419,64,1,1524.41
21693,12420,80,1,78797.62
21694,12421,32,1,2787.27
21695,12421,112,1,5878.84
21696,12421,87,1,38741.0
21697,12421,299,3,956.4
21698,12422,95,1,2267.81
21699,12422,200,3,1067.2
21700,12422,271,1,18358.22
21701,12423,38,1,1679.28
21702,12424,291,1,7387.37
21703,12425,177,1,5133.43
21704,12425,17,2,252.37
21705,12426,4,1,5351.92
21706,12426,268,3,14025.03
21707,12427,139,3,3432.79
21708,12428,249,1,46528.24
21709,12429,70,2,2409.5
21710,12429,57,2,47345.71
21711,12430,257,1,4065.2
21712,12431,143,2,1715.23
21713,12431,28,2,445.21
21714,12432,146,1,958.31
21715,12432,87,2,40798.76
21716,12433,62,1,13483.68
21717,12433,202,1,25590.47
21718,12434,115,1,1454.54
21719,12434,87,1,40757.54
21720,12435,49,3,13255.26
21721,12435,250,3,4319.07
21722,12436,169,3,6660.59
21723,12436,275,1,1238.82
21724,12437,102,1,2912.07
21725,12437,2,2,1985.75
21726,12437,139,2,3275.72
21727,12438,102,3,2807.78
21728,12438,149,2,4201.68
21729,12439,146,1,972.26
21730,12440,158,1,57719.97
21731,12440,239,1,7844.28
21732,12441,56,3,8995.05
21733,12442,294,1,1271.76
21734,12443,4,1,5857.11
21735,12444,159,1,45319.45
21736,12444,172,1,20468.42
21737,12444,235,1,33694.98
21738,12445,92,3,56726.06
21739,12445,212,2,8785.94
21740,12446,20,1,792.59
21741,12446,132,1,18046.88
21742,12447,113,1,1910.07
21743,12447,289,2,4316.36
21744,12448,297,2,3987.49
21745,12449,266,1,3601.01
21746,12450,186,1,2790.97
21747,12451,13,2,832.85
21748,12452,217,3,3531.46
21749,12452,61,3,4675.39
21750,12452,254,1,12175.12
21751,12453,115,1,1456.76
21752,12454,204,1,69618.66
21753,12454,168,3,6676.08
21754,12455,133,1,5271.78
21755,12456,193,3,17507.78
21756,12457,261,1,1437.27
21757,12458,220,1,675.13
21758,12458,92,1,58463.41
21759,12458,55,4,606.81
21760,12459,77,3,1239.88
21761,12460,158,1,55888.15
21762,12461,78,1,4156.86
21763,12462,239,1,7572.43
21764,12463,105,1,10668.75
21765,12463,60,1,34853.35
21766,12464,234,1,15154.64
21767,12464,225,2,4875.57
21768,12464,33,1,1139.92
21769,12465,157,4,4445.39
21770,12466,158,1,55407.5
21771,12467,114,1,5306.11
21772,12467,181,1,15546.61
21773,12468,156,2,6271.12
21774,12469,280,3,28969.44
21775,12470,40,2,1678.82
21776,12471,116,1,41077.23
21777,12471,121,3,68805.14
21778,12472,144,1,4987.59
21779,12472,219,1,1445.32
21780,12472,207,1,15714.37
21781,12472,284,3,6651.73
21782,12473,50,3,43102.17
21783,12474,78,3,4099.47
21784,12475,123,2,4141.67
21785,12475,220,2,646.94
21786,12476,10,2,68920.71
21787,12477,68,1,45941.15
21788,12478,1,1,419.36
21789,12479,19,3,10247.81
21790,12480,128,1,5313.08
21791,12481,79,1,2613.84
21792,12482,245,1,1087.23
21793,12482,34,1,1894.18
21794,12482,116,3,39500.45
21795,12483,22,2,3828.36
21796,12484,166,1,56186.0
21797,12484,194,2,6950.62
21798,12485,142,1,14038.03
21799,12485,35,1,44729.58
21800,12486,129,1,46486.88
21801,12486,256,1,1687.87
21802,12486,184,1,5267.91
21803,12486,175,1,5995.7
21804,12487,285,2,377.17
21805,12487,63,1,1947.47
21806,12488,166,1,54108.39
21807,12488,94,1,1613.19
21808,12488,255,1,53485.36
21809,12489,232,2,5886.09
21810,12490,101,2,386.02
21811,12491,254,1,13904.31
21812,12492,84,1,20713.83
21813,12492,132,2,16795.85
21814,12493,24,2,20670.7
21815,12494,133,2,4665.14
21816,12495,176,3,62857.46
21817,12496,196,2,290.21
21818,12496,222,3,10244.75
21819,12497,225,2,4806.41
21820,12498,189,2,19794.4
21821,12498,119,2,5294.41
21822,12499,256,3,1718.75
21823,12499,95,1,2330.38
21824,12500,64,1,1550.09
21825,12500,84,3,22490.13
21826,12500,200,3,949.35
21827,12501,192,3,14032.77
21828,12501,149,1,4381.23
21829,12501,272,1,38328.21
21830,12501,95,1,2272.61
21831,12502,37,1,42910.26
21832,12503,147,1,15067.21
21833,12504,87,1,40070.12
21834,12505,217,1,3802.45
21835,12505,155,1,5480.44
21836,12505,268,3,15243.37
21837,12506,226,1,6011.91
21838,12507,181,1,14160.99
21839,12508,126,1,897.03
21840,12509,199,1,1620.0
21841,12510,108,1,38983.6
21842,12511,281,1,6673.2
21843,12511,179,1,1372.33
21844,12512,223,1,5602.3
21845,12512,65,1,1181.29
21846,12513,67,1,5023.03
21847,12513,144,2,4683.51
21848,12513,231,2,15510.44
21849,12513,274,1,71011.73
21850,12514,39,1,6693.85
21851,12514,30,1,4914.5
21852,12514,41,1,7722.13
21853,12514,30,1,4885.48
21854,12515,286,1,1611.3
21855,12515,45,1,640.11
21856,12516,34,1,2087.61
21857,12517,95,2,2575.7
21858,12518,249,3,46138.46
21859,12519,275,2,1084.52
21860,12519,203,1,5704.09
21861,12520,178,2,12567.36
21862,12521,227,1,2276.07
21863,12522,28,2,447.7
21864,12523,169,1,7626.34
21865,12524,18,1,1362.99
21866,12525,228,1,45845.87
21867,12526,149,2,4832.89
21868,12527,287,3,1080.96
21869,12527,181,4,14926.82
21870,12527,223,2,5470.16
21871,12528,19,1,8937.66
21872,12528,96,2,56946.49
21873,12529,138,1,68174.53
21874,12530,269,1,7362.08
21875,12530,204,1,74197.65
21876,12530,144,2,5219.55
21877,12531,195,1,2577.49
21878,12531,48,2,917.25
21879,12532,206,3,8260.08
21880,12533,272,3,43957.34
21881,12533,101,1,389.74
21882,12534,125,3,1097.15
21883,12535,287,1,1240.15
21884,12535,75,1,38966.44
21885,12535,203,1,5326.23
21886,12536,192,1,13517.97
21887,12537,63,1,1905.4
21888,12538,299,2,1081.62
21889,12538,286,1,1639.86
21890,12539,254,3,13564.8
21891,12539,197,1,1005.59
21892,12539,76,4,2990.97
21893,12540,5,1,83047.44
21894,12540,214,1,33181.1
21895,12541,210,1,15596.01
21896,12541,77,1,1276.6
21897,12541,38,1,1638.65
21898,12542,154,2,36818.05
21899,12543,299,1,959.18
21900,12543,43,1,1233.94
21901,12543,94,2,1567.75
21902,12544,87,1,40659.57
21903,12545,52,2,1638.66
21904,12546,298,1,237.1
21905,12547,257,2,4243.6
21906,12548,137,1,1545.46
21907,12549,112,1,6067.82
21908,12549,223,2,5551.94
21909,12550,295,2,5572.83
21910,12551,132,1,17697.76
21911,12551,261,2,1568.0
21912,12551,1,4,438.07
21913,12552,189,1,19911.69
21914,12552,197,2,1017.81
21915,12552,128,2,5945.95
21916,12552,126,4,996.56
21917,12553,44,1,17087.49
21918,12553,79,1,2470.92
21919,12553,198,1,9047.36
21920,12554,59,2,6346.26
21921,12554,87,1,38484.11
21922,12555,146,1,985.76
21923,12556,32,3,2587.85
21924,12556,270,3,16129.78
21925,12556,273,1,1325.48
21926,12556,103,1,1770.09
21927,12557,86,1,3568.9
21928,12558,170,1,42614.35
21929,12559,266,2,3655.92
21930,12559,16,1,5413.59
21931,12560,11,1,1101.76
21932,12560,217,3,3194.82
21933,12561,210,2,15316.46
21934,12562,235,3,36161.06
21935,12563,180,2,16945.74
21936,12564,114,1,5024.56
21937,12565,13,1,821.62
21938,12566,132,1,18116.73
21939,12566,33,3,1098.06
21940,12566,21,2,24418.65
21941,12567,172,1,21032.38
21942,12567,277,2,8224.48
21943,12568,226,1,5797.94
21944,12569,166,1,53760.49
21945,12570,60,3,35801.13
21946,12570,42,1,4332.03
21947,12570,30,1,5142.81
21948,12570,224,1,4089.7
21949,12571,249,1,42891.27
21950,12571,234,3,15286.06
21951,12572,3,1,7266.37
21952,12572,61,1,4618.2
21953,12573,143,2,1558.29
21954,12573,137,1,1654.49
21955,12573,41,1,7907.34
21956,12573,134,2,2628.46
21957,12574,177,2,5590.81
21958,12574,112,1,5566.87
21959,12574,161,1,5995.12
21960,12574,260,1,21478.45
21961,12575,49,2,12910.13
21962,12576,213,1,5511.97
21963,12576,230,3,4626.58
21964,12577,266,2,3639.84
21965,12577,78,2,3876.84
21966,12578,159,2,41176.34
21967,12578,132,1,18343.09
21968,12578,243,1,10885.42
21969,12579,53,1,48459.2
21970,12580,72,1,5930.49
21971,12580,86,1,4007.69
21972,12581,84,1,23700.9
21973,12582,253,3,22283.25
21974,12583,149,1,4289.34
21975,12583,207,1,15226.95
21976,12584,148,1,51003.81
21977,12585,230,3,4290.17
21978,12585,14,2,30519.32
21979,12586,70,2,2594.94
21980,12587,176,1,58367.58
21981,12587,80,1,70604.62
21982,12587,5,1,70936.08
21983,12588,229,1,46628.43
21984,12588,58,3,6985.65
21985,12589,259,1,28767.34
21986,12589,95,2,2209.06
21987,12590,157,1,4531.88
21988,12590,252,4,7383.29
21989,12591,102,3,2662.18
21990,12591,59,1,6051.53
21991,12591,125,3,1249.63
21992,12592,118,2,5434.02
21993,12593,181,1,14283.0
21994,12593,194,3,6683.64
21995,12594,289,1,4497.59
21996,12594,45,1,601.34
21997,12594,59,4,6015.35
21998,12595,23,1,728.69
21999,12596,25,1,2064.51
22000,12597,3,3,6702.41
22001,12598,108,4,37013.61
22002,12599,289,3,4414.38
22003,12599,14,3,33840.98
22004,12599,12,1,32381.76
22005,12600,100,3,7323.44
22006,12601,196,1,285.7
22007,12602,199,1,1765.56
22008,12603,2,1,1794.32
22009,12603,7,2,441.1
22010,12604,248,1,632.55
22011,12605,244,1,75229.96
22012,12605,201,1,5833.7
22013,12606,45,1,604.27
22014,12606,294,1,1262.29
22015,12607,222,1,9178.49
22016,12607,281,1,6288.98
22017,12608,185,1,2566.52
22018,12608,290,1,2550.66
22019,12608,35,1,45254.96
22020,12609,24,2,18688.43
22021,12609,288,1,1089.67
22022,12610,176,1,59619.45
22023,12611,184,1,5167.41
22024,12611,224,1,3714.92
22025,12611,280,1,29215.45
22026,12612,38,3,1667.59
22027,12612,80,1,73188.96
22028,12613,63,3,1990.71
22029,12613,81,1,3851.87
22030,12613,123,1,3987.7
22031,12613,171,4,4270.29
22032,12614,255,1,49729.1
22033,12614,71,3,4999.4
22034,12614,245,1,1160.98
22035,12614,173,2,27503.55
22036,12615,245,2,1087.64
22037,12616,242,1,8179.46
22038,12617,83,1,5806.1
22039,12617,234,2,13427.29
22040,12618,230,2,4700.84
22041,12619,169,1,6627.67
22042,12620,29,2,34570.33
22043,12620,286,1,1860.61
22044,12620,285,2,364.59
22045,12620,103,1,1954.28
22046,12621,149,1,4476.61
22047,12621,128,1,5705.04
22048,12622,216,2,72475.79
22049,12623,96,4,54194.95
22050,12624,293,2,1174.48
22051,12624,27,1,3128.25
22052,12625,125,3,1142.4
22053,12625,138,1,67998.54
22054,12625,92,1,54466.27
22055,12626,142,1,12980.96
22056,12626,95,2,2498.63
22057,12626,107,1,5788.68
22058,12627,28,3,427.43
22059,12628,121,1,71930.96
22060,12629,203,1,6040.37
22061,12629,276,1,48174.35
22062,12629,299,2,1067.43
22063,12629,237,4,4603.17
22064,12630,262,4,5152.6
22065,12630,105,1,9869.57
22066,12630,291,1,8056.2
22067,12630,260,1,20449.22
22068,12631,64,4,1675.21
22069,12632,217,1,3418.79
22070,12633,21,2,21884.2
22071,12633,98,1,4237.3
22072,12634,83,1,5839.58
22073,12635,237,1,4683.56
22074,12635,183,1,7056.53
22075,12636,91,1,4883.21
22076,12637,220,2,630.8
22077,12637,31,3,5191.76
22078,12637,235,1,35425.04
22079,12638,260,1,19569.07
22080,12639,14,1,29400.98
22081,12640,224,2,4256.01
22082,12641,183,3,7711.18
22083,12642,70,1,2270.23
22084,12642,80,1,74996.65
22085,12643,66,1,1395.52
22086,12644,79,1,2593.77
22087,12645,99,1,16306.94
22088,12645,236,1,2331.05
22089,12646,86,1,3682.22
22090,12646,269,1,6382.69
22091,12647,164,1,14524.1
22092,12647,180,2,17739.55
22093,12648,271,3,17647.24
22094,12649,6,1,34429.95
22095,12649,126,3,1060.79
22096,12649,99,1,17223.23
22097,12649,241,1,761.81
22098,12650,283,3,1193.39
22099,12650,288,3,1099.93
22100,12650,187,2,1042.26
22101,12650,84,1,24043.44
22102,12651,251,1,979.19
22103,12652,173,1,27711.31
22104,12652,144,1,5219.51
22105,12653,136,1,512.6
22106,12653,135,3,2893.71
22107,12653,261,1,1607.54
22108,12654,167,2,22887.75
22109,12654,265,1,9243.34
22110,12654,254,3,14133.47
22111,12655,83,1,6162.08
22112,12655,285,1,369.44
22113,12655,101,1,413.25
22114,12656,161,2,6108.51
22115,12657,280,1,30893.99
22116,12658,288,3,1143.84
22117,12658,44,1,17536.08
22118,12658,236,4,2052.7
22119,12659,157,1,4393.33
22120,12660,233,1,5960.2
22121,12660,261,1,1443.9
22122,12661,284,1,7159.02
22123,12662,32,2,3045.77
22124,12663,43,1,1234.89
22125,12664,200,2,1010.87
22126,12665,15,2,71964.01
22127,12666,185,1,2647.44
22128,12666,36,3,2544.68
22129,12667,214,2,32936.16
22130,12667,170,3,38853.46
22131,12668,278,1,1720.57
22132,12668,258,3,4967.41
22133,12669,96,1,54754.45
22134,12669,16,3,5767.87
22135,12669,172,1,19452.44
22136,12670,153,1,4558.19
22137,12671,126,2,971.9
22138,12671,188,3,75104.74
22139,12672,210,1,15892.02
22140,12673,183,1,7174.22
22141,12674,286,3,1711.92
22142,12675,88,1,58242.69
22143,12675,154,2,36589.86
22144,12675,73,2,461.21
22145,12675,203,1,5390.95
22146,12676,7,1,461.73
22147,12677,185,1,2785.46
22148,12678,48,1,902.01
22149,12679,2,1,1998.43
22150,12680,4,1,5154.72
22151,12681,197,1,1007.59
22152,12682,147,1,15636.84
22153,12683,174,1,7236.24
22154,12684,199,1,1836.23
22155,12684,53,1,47291.76
22156,12685,184,1,5292.51
22157,12685,141,3,4198.37
22158,12685,216,1,68889.11
22159,12686,150,3,1470.83
22160,12686,25,1,2243.95
22161,12686,45,2,556.65
22162,12686,170,1,44041.3
22163,12687,5,1,71813.15
22164,12688,62,2,13599.32
22165,12689,277,1,9332.54
22166,12689,194,4,7068.92
22167,12689,249,2,45624.65
22168,12689,243,3,11701.78
22169,12690,241,3,775.72
22170,12690,192,1,14664.17
22171,12691,165,4,6729.95
22172,12692,119,1,4805.56
22173,12693,203,1,5946.29
22174,12693,116,1,40565.13
22175,12693,193,1,18207.89
22176,12694,168,1,7468.26
22177,12694,95,1,2201.39
22178,12694,268,1,13543.87
22179,12695,282,2,941.88
22180,12696,197,2,997.81
22181,12697,114,1,4573.09
22182,12697,30,2,4660.12
22183,12698,221,1,1292.03
22184,12699,236,1,2333.54
22185,12699,180,1,15280.55
22186,12699,16,1,5929.86
22187,12700,258,1,5377.0
22188,12701,112,1,6609.89
22189,12702,22,1,3963.3
22190,12702,114,2,5113.14
22191,12703,153,1,4611.25
22192,12703,188,1,74233.99
22193,12703,292,4,952.56
22194,12704,251,2,1027.98
22195,12704,65,1,1089.33
22196,12705,83,3,6090.99
22197,12705,295,1,5278.83
22198,12706,191,1,48221.92
22199,12706,251,2,1089.13
22200,12707,174,1,7038.98
22201,12707,99,2,18208.42
22202,12707,183,1,7062.5
22203,12708,242,2,7931.11
22204,12709,6,1,36322.61
22205,12709,30,4,4830.24
22206,12710,154,1,40579.64
22207,12710,297,1,4039.16
22208,12711,281,1,6521.21
22209,12711,116,1,42064.95
22210,12711,74,1,19157.32
22211,12712,109,1,13534.03
22212,12713,236,2,2319.5
22213,12713,211,1,4201.02
22214,12713,217,2,3358.95
22215,12714,198,3,8966.05
22216,12714,296,1,2382.38
22217,12715,266,1,3643.91
22218,12716,96,2,53477.44
22219,12716,235,4,34135.23
22220,12716,256,2,1755.97
22221,12716,276,1,51614.69
22222,12717,83,1,5705.53
22223,12718,110,1,7081.88
22224,12718,138,1,65789.59
22225,12718,154,1,38552.48
22226,12719,145,2,558.17
22227,12719,277,3,9348.64
22228,12720,211,1,4438.46
22229,12720,123,4,3846.17
22230,12721,75,2,41340.48
22231,12721,30,2,4503.07
22232,12721,101,3,432.94
22233,12722,275,1,1145.56
22234,12722,293,1,1204.63
22235,12722,249,4,45213.45
22236,12723,196,1,305.74
22237,12723,16,1,5778.37
22238,12723,166,2,49952.71
22239,12724,16,3,5756.46
22240,12725,17,1,279.72
22241,12725,93,2,4235.69
22242,12726,300,1,958.41
22243,12726,150,3,1521.6
22244,12727,230,1,4825.28
22245,12728,240,1,9112.33
22246,12729,294,1,1267.74
22247,12729,277,2,9089.46
22248,12729,101,1,451.48
22249,12730,270,1,17751.1
22250,12730,38,3,1644.98
22251,12731,170,1,42607.19
22252,12732,224,2,4249.19
22253,12732,229,2,47649.03
22254,12732,222,3,9605.73
22255,12733,253,3,22139.6
22256,12734,262,1,5220.74
22257,12734,195,1,2543.14
22258,12734,3,1,7628.29
22259,12735,36,2,2593.5
22260,12736,177,2,4940.34
22261,12736,212,1,8535.5
22262,12736,43,1,1165.89
22263,12737,28,2,418.64
22264,12738,144,1,4884.11
22265,12739,275,1,1165.33
22266,12740,300,1,1041.39
22267,12740,58,1,6107.4
22268,12741,224,2,3809.83
22269,12742,230,2,4686.52
22270,12742,80,1,77685.65
22271,12743,250,1,4262.47
22272,12743,188,3,70609.01
22273,12744,278,1,1591.4
22274,12744,145,1,579.71
22275,12745,70,1,2299.6
22276,12746,136,2,497.15
22277,12747,107,4,5085.77
22278,12747,20,2,767.41
22279,12748,27,1,3219.18
22280,12748,194,1,6966.91
22281,12749,184,1,5121.4
22282,12750,184,1,5000.47
22283,12750,68,1,47804.24
22284,12751,28,1,397.07
22285,12752,258,1,5731.35
22286,12753,39,3,7484.59
22287,12753,271,1,18095.27
22288,12753,139,1,3606.86
22289,12754,150,1,1654.18
22290,12755,162,2,41141.75
22291,12756,220,1,673.38
22292,12757,58,1,6832.82
22293,12758,37,2,44265.53
22294,12758,250,1,4079.41
22295,12758,29,1,37429.78
22296,12759,213,1,5474.44
22297,12759,20,1,719.45
22298,12760,68,1,47234.36
22299,12760,195,1,2852.68
22300,12760,242,2,8198.94
22301,12761,28,2,428.11
22302,12761,176,2,62718.26
22303,12762,6,1,34673.77
22304,12763,96,1,56441.94
22305,12763,254,3,13344.17
22306,12764,249,2,47075.96
22307,12765,153,3,4622.11
22308,12766,154,1,39538.78
22309,12767,62,2,13436.42
22310,12768,132,1,16077.62
22311,12769,30,1,4885.95
22312,12770,5,4,77375.91
22313,12770,69,1,6102.55
22314,12770,247,1,5439.96
22315,12771,125,2,1248.53
22316,12771,83,2,5880.03
22317,12772,32,1,2992.69
22318,12773,88,1,54396.51
22319,12773,133,1,5115.99
22320,12774,251,1,1068.64
22321,12775,44,1,18648.58
22322,12776,26,1,2455.89
22323,12776,17,1,294.49
22324,12777,287,1,1068.86
22325,12778,289,1,4130.78
22326,12779,100,1,7587.63
22327,12780,100,2,7961.99
22328,12780,101,1,421.2
22329,12781,31,1,5003.88
22330,12781,210,3,15634.08
22331,12782,296,2,2404.88
22332,12782,109,4,13709.17
22333,12783,73,1,471.15
22334,12784,82,1,4612.14
22335,12785,73,2,481.65
22336,12786,48,1,834.22
22337,12786,224,1,4125.11
22338,12786,100,1,7063.28
22339,12787,156,1,5435.77
22340,12787,292,2,1082.72
22341,12788,122,1,18659.81
22342,12789,40,1,1460.92
22343,12790,57,1,46175.55
22344,12791,281,1,6579.4
22345,12791,213,2,5373.16
22346,12791,173,1,25146.67
22347,12792,33,3,1195.91
22348,12792,203,1,6071.91
22349,12792,36,2,2661.83
22350,12792,239,1,6620.85
22351,12793,105,2,9643.92
22352,12794,14,2,33020.84
22353,12795,259,2,28807.49
22354,12796,293,1,1122.58
22355,12797,212,1,9162.2
22356,12798,228,2,45355.92
22357,12798,135,1,2724.06
22358,12799,241,1,755.77
22359,12799,59,1,6126.67
22360,12800,128,2,5216.9
22361,12801,273,2,1324.54
22362,12801,180,1,15088.45
22363,12802,184,3,5484.88
22364,12803,169,2,7406.81
22365,12803,47,1,5293.47
22366,12804,30,2,5043.42
22367,12805,16,1,5946.03
22368,12806,59,3,6495.98
22369,12806,49,2,13118.47
22370,12807,231,1,13747.85
22371,12807,187,1,1054.48
22372,12807,149,2,4698.54
22373,12808,113,4,1688.79
22374,12809,56,2,10023.56
22375,12809,201,2,6013.85
22376,12810,258,3,5366.41
22377,12811,173,2,26031.55
22378,12811,52,3,1600.31
22379,12812,142,1,12313.57
22380,12813,278,2,1747.01
22381,12813,223,1,5395.32
22382,12814,227,1,2373.35
22383,12815,76,1,2903.12
22384,12816,245,1,1176.86
22385,12817,219,1,1412.88
22386,12817,152,1,6557.67
22387,12818,294,1,1219.75
22388,12819,151,1,2804.41
22389,12819,63,1,2010.2
22390,12819,36,4,2886.78
22391,12820,50,1,38061.12
22392,12820,281,2,5892.18
22393,12821,172,1,19328.67
22394,12822,117,1,1797.36
22395,12823,84,2,20496.81
22396,12824,172,3,20214.81
22397,12824,272,1,41735.68
22398,12825,22,1,3624.49
22399,12825,215,2,5595.7
22400,12826,60,1,35739.9
22401,12827,122,4,18981.22
22402,12828,261,2,1565.53
22403,12829,212,1,9438.4
22404,12830,131,1,3251.93
22405,12831,268,2,14769.37
22406,12831,116,1,43775.13
22407,12831,100,1,8297.79
22408,12832,79,1,2755.56
22409,12832,248,1,661.48
22410,12832,288,1,1266.64
22411,12832,97,1,5370.21
22412,12833,203,1,5615.93
22413,12833,183,1,7954.75
22414,12834,149,2,4639.2
22415,12835,139,1,3410.98
22416,12835,287,1,1184.22
22417,12835,263,1,1216.55
22418,12836,173,1,26310.2
22419,12837,166,1,58246.58
22420,12838,280,3,27759.94
22421,12838,75,2,39331.03
22422,12839,48,1,931.56
22423,12840,231,3,14545.97
22424,12841,124,1,5352.08
22425,12841,16,2,5868.96
22426,12842,165,1,7542.3
22427,12843,287,1,1180.58
22428,12844,54,1,14651.23
22429,12844,274,2,75600.57
22430,12845,191,2,45776.79
22431,12845,295,1,4855.36
22432,12845,222,3,8797.09
22433,12845,288,1,1173.01
22434,12846,72,1,5813.36
22435,12847,138,1,67374.96
22436,12848,118,3,5836.75
22437,12849,187,1,1061.01
22438,12850,279,2,920.68
22439,12850,182,1,42887.28
22440,12851,177,1,5302.89
22441,12851,234,1,13325.55
22442,12851,209,1,2265.62
22443,12852,42,1,4766.88
22444,12852,239,2,6719.77
22445,12853,171,3,4421.88
22446,12853,67,1,4878.65
22447,12853,61,1,4672.6
22448,12854,216,2,68461.05
22449,12855,238,2,1554.72
22450,12855,266,1,3697.12
22451,12856,80,1,70966.35
22452,12856,286,1,1794.42
22453,12856,74,3,18739.59
22454,12856,30,1,4862.38
22455,12857,66,1,1384.17
22456,12858,63,1,2032.47
22457,12859,18,2,1478.38
22458,12859,2,1,1777.46
22459,12860,6,2,36331.69
22460,12860,119,1,5666.08
22461,12861,24,2,18677.84
22462,12861,91,3,4650.25
22463,12862,140,1,9341.09
22464,12862,177,1,5185.56
22465,12862,52,1,1505.17
22466,12863,74,1,19691.73
22467,12864,240,3,8782.37
22468,12864,211,1,3914.91
22469,12864,123,2,3672.69
22470,12864,288,3,1224.14
22471,12865,154,1,35390.61
22472,12865,31,1,5844.56
22473,12865,33,2,1107.22
22474,12866,65,1,1027.96
22475,12867,91,2,4447.13
22476,12868,59,1,6734.46
22477,12868,224,1,4394.65
22478,12869,294,2,1226.05
22479,12870,157,3,4855.41
22480,12871,175,3,6164.2
22481,12871,268,2,13665.05
22482,12872,94,1,1598.36
22483,12872,175,1,6124.26
22484,12872,115,1,1462.1
22485,12872,281,1,6676.41
22486,12873,244,2,69472.81
22487,12874,185,1,2476.75
22488,12874,226,1,6224.29
22489,12875,243,1,10888.07
22490,12875,126,1,945.38
22491,12875,164,3,14656.39
22492,12875,86,1,3669.1
22493,12876,49,4,14098.91
22494,12877,288,1,1098.24
22495,12878,44,1,18686.99
22496,12879,251,2,1126.49
22497,12880,173,1,27992.07
22498,12881,2,1,1804.63
22499,12882,236,1,1962.5
22500,12883,153,1,5127.88
22501,12883,55,1,688.19
22502,12884,13,1,942.23
22503,12885,225,1,5090.65
22504,12886,165,3,7076.82
22505,12886,139,4,3192.67
22506,12887,283,1,1280.7
22507,12887,281,2,6637.27
22508,12888,6,2,38120.54
22509,12888,82,1,5208.0
22510,12889,92,1,64021.52
22511,12890,124,2,4787.82
22512,12891,151,1,2685.49
22513,12891,217,1,3691.37
22514,12892,77,1,1385.06
22515,12892,97,2,5338.18
22516,12892,37,1,45781.43
22517,12893,7,1,419.7
22518,12893,82,1,5189.33
22519,12894,191,1,45591.69
22520,12895,117,2,1857.17
22521,12896,71,2,4969.8
22522,12896,94,2,1577.56
22523,12897,290,1,2712.37
22524,12897,299,1,1042.86
22525,12897,177,1,5350.24
22526,12897,289,1,4689.34
22527,12898,292,3,930.18
22528,12898,190,1,16970.1
22529,12899,237,2,4707.6
22530,12900,17,1,285.27
22531,12901,59,3,6583.94
22532,12902,24,1,18589.05
22533,12902,225,2,4853.98
22534,12903,210,1,14717.48
22535,12904,144,1,4703.13
22536,12905,201,1,5618.42
22537,12906,269,1,6436.52
22538,12906,54,2,15497.98
22539,12906,216,2,66561.83
22540,12907,266,2,3721.93
22541,12908,224,2,4411.65
22542,12909,216,1,69217.27
22543,12910,218,2,2294.02
22544,12910,61,1,4202.03
22545,12911,66,1,1414.47
22546,12912,272,3,38927.76
22547,12912,76,1,2842.5
22548,12913,221,3,1229.78
22549,12913,136,3,507.0
22550,12914,273,2,1269.37
22551,12915,86,2,3619.93
22552,12915,268,1,13371.41
22553,12915,266,1,3402.04
22554,12916,2,1,1934.98
22555,12917,193,1,16803.49
22556,12917,162,1,39655.88
22557,12918,141,2,4483.27
22558,12918,31,1,5146.78
22559,12919,199,1,1549.57
22560,12920,103,2,1733.19
22561,12921,161,1,6153.79
22562,12921,90,2,17589.19
22563,12922,255,2,53789.98
22564,12923,154,3,38358.05
22565,12923,136,2,552.26
22566,12924,254,1,13641.66
22567,12924,28,1,390.31
22568,12925,44,3,17003.41
22569,12925,58,1,6684.91
22570,12926,141,1,3997.94
22571,12927,35,2,40175.84
22572,12928,257,1,4296.5
22573,12928,201,1,5987.97
22574,12929,141,1,4150.32
22575,12929,104,1,11660.91
22576,12930,81,1,4058.41
22577,12931,296,2,2490.99
22578,12932,169,1,7480.69
22579,12932,131,2,3500.0
22580,12932,5,1,73414.85
22581,12933,68,1,47972.87
22582,12934,137,1,1740.25
22583,12934,136,1,574.71
22584,12935,158,1,54747.95
22585,12935,31,1,5364.05
22586,12935,67,2,5031.82
22587,12936,120,1,3542.77
22588,12937,76,1,3010.33
22589,12938,39,1,7833.74
22590,12938,32,1,2926.9
22591,12939,262,1,6003.26
22592,12939,269,3,7523.81
22593,12940,250,1,4166.26
22594,12940,15,1,61492.5
22595,12940,211,3,3920.47
22596,12941,268,4,13976.75
22597,12942,38,1,1642.19
22598,12943,288,2,1227.47
22599,12944,212,1,8823.47
22600,12945,173,3,25793.41
22601,12946,44,3,17389.34
22602,12946,268,1,13775.34
22603,12946,289,1,4799.18
22604,12947,157,1,4252.22
22605,12948,163,3,1950.15
22606,12949,11,1,1046.36
22607,12950,25,1,2351.68
22608,12950,75,2,39216.41
22609,12950,23,1,720.95
22610,12951,292,2,1066.19
22611,12952,126,2,989.9
22612,12952,245,1,1139.11
22613,12953,101,1,453.95
22614,12953,295,1,5394.4
22615,12954,171,2,3918.11
22616,12954,129,1,43635.83
22617,12955,8,1,3056.89
22618,12956,69,3,5629.56
22619,12956,84,2,23297.69
22620,12957,80,3,80802.77
22621,12958,89,1,1728.72
22622,12959,248,1,684.31
22623,12959,212,2,9979.01
22624,12959,61,2,4435.55
22625,12960,148,1,50915.46
22626,12960,183,1,8065.18
22627,12961,248,2,668.78
22628,12962,270,2,15203.4
22629,12962,113,2,1732.35
22630,12963,245,1,1188.49
22631,12963,61,1,4234.84
22632,12964,127,1,36158.4
22633,12964,91,2,4723.87
22634,12964,117,1,1695.08
22635,12965,54,2,15562.43
22636,12965,179,1,1279.41
22637,12966,254,1,14197.29
22638,12967,132,1,15896.34
22639,12968,91,1,4956.21
22640,12969,83,1,6190.66
22641,12970,151,1,2815.98
22642,12970,34,1,1935.69
22643,12971,67,3,4818.44
22644,12971,94,1,1488.32
22645,12972,180,1,16515.19
22646,12973,43,1,1175.98
22647,12973,273,2,1279.9
22648,12973,19,1,9679.16
22649,12974,236,1,2048.06
22650,12975,269,2,7029.33
22651,12975,291,1,8091.62
22652,12976,198,1,8498.42
22653,12977,253,1,20616.31
22654,12977,290,1,2373.49
22655,12978,90,4,17905.43
22656,12978,225,1,4680.76
22657,12979,29,1,36241.58
22658,12980,220,1,638.17
22659,12981,218,2,2347.53
22660,12981,144,2,5325.12
22661,12981,43,1,1233.34
22662,12982,186,1,2618.11
22663,12983,30,1,4979.9
22664,12984,29,1,35299.0
22665,12984,169,1,6948.64
22666,12984,200,1,972.57
22667,12985,118,1,5907.02
22668,12985,193,1,19231.61
22669,12986,198,3,9177.52
22670,12986,147,2,15442.47
22671,12986,178,2,11992.43
22672,12987,197,1,1011.2
22673,12987,196,2,310.67
22674,12987,243,1,12002.89
22675,12987,187,1,1153.13
22676,12988,125,1,1287.08
22677,12989,61,1,4702.9
22678,12989,99,1,17769.43
22679,12989,141,1,4023.57
22680,12990,89,2,1559.76
22681,12991,2,2,1972.87
22682,12991,263,1,1039.22
22683,12991,212,1,9469.01
22684,12992,291,2,8144.79
22685,12992,267,1,2923.9
22686,12993,242,1,7978.71
22687,12993,286,1,1727.92
22688,12993,208,3,6736.3
22689,12994,294,3,1147.9
22690,12994,253,2,22552.97
22691,12995,166,3,58197.62
22692,12995,230,2,4771.89
22693,12996,162,1,42573.18
22694,12996,91,2,4753.28
22695,12996,38,2,1575.77
22696,12997,80,2,81284.51
22697,12998,238,2,1473.05
22698,12999,262,1,5422.74
22699,12999,300,1,925.26
22700,12999,258,2,5167.6
22701,13000,33,1,1108.98
22702,13000,86,1,3750.82
22703,13000,191,1,49957.41
22704,13000,82,1,4809.8
22705,13001,73,1,484.14
22706,13001,290,1,2465.79
22707,13002,242,3,8080.5
22708,13003,173,2,28628.64
22709,13004,33,1,1065.66
22710,13004,227,2,2360.36
22711,13005,172,1,21006.5
22712,13005,13,1,866.26
22713,13005,217,3,3417.14
22714,13006,153,2,4859.94
22715,13007,186,2,2723.2
22716,13008,121,1,69541.59
22717,13009,158,2,60353.01
22718,13010,80,2,70349.76
22719,13010,101,1,449.65
22720,13011,96,1,52249.8
22721,13012,57,2,45461.64
22722,13013,256,2,1757.32
22723,13014,90,1,17042.63
22724,13014,6,2,40036.86
22725,13014,130,1,36473.83
22726,13015,210,1,15926.27
22727,13015,218,1,2143.59
22728,13016,154,1,41994.93
22729,13016,4,2,5033.65
22730,13017,113,1,1690.73
22731,13017,200,1,930.16
22732,13017,269,2,6639.08
22733,13018,195,1,2900.81
22734,13019,228,1,44027.76
22735,13019,270,3,16280.7
22736,13019,182,1,48803.12
22737,13019,159,2,39547.64
22738,13020,126,1,1052.35
22739,13021,106,2,41564.61
22740,13022,275,1,1133.05
22741,13023,37,1,42015.61
22742,13023,282,3,1007.91
22743,13023,197,1,1112.08
22744,13024,221,2,1280.78
22745,13025,199,1,1791.46
22746,13026,128,1,5306.33
22747,13027,239,1,6643.44
22748,13027,295,2,5279.19
22749,13027,97,1,5641.75
22750,13027,14,2,29169.24
22751,13028,123,2,3733.92
22752,13029,255,2,50344.81
22753,13030,36,1,2739.42
22754,13031,90,4,17584.25
22755,13032,244,1,69640.04
22756,13032,147,1,17002.36
22757,13032,160,1,3000.84
22758,13033,26,3,2417.03
22759,13034,245,2,1160.7
22760,13035,140,1,9374.39
22761,13035,165,2,7561.27
22762,13035,69,1,5810.58
22763,13036,6,1,39972.71
22764,13036,95,1,2254.89
22765,13036,54,1,15010.17
22766,13037,170,3,39293.87
22767,13037,91,2,4604.57
22768,13037,292,1,1030.73
22769,13037,82,1,4524.99
22770,13038,68,2,51796.03
22771,13039,88,1,58473.62
22772,13040,103,2,1854.01
22773,13040,226,1,6520.54
22774,13040,72,1,5780.8
22775,13041,230,1,4204.69
22776,13042,152,1,7313.81
22777,13043,250,2,4274.52
22778,13043,81,2,3740.02
22779,13043,134,1,2608.09
22780,13044,58,1,6110.41
22781,13045,128,3,5208.89
22782,13045,196,1,277.05
22783,13046,167,1,23033.83
22784,13046,53,1,43868.4
22785,13046,204,1,75145.78
22786,13047,169,3,7339.68
22787,13047,165,2,7072.98
22788,13048,17,1,261.29
22789,13048,117,1,1877.23
22790,13048,216,2,74058.4
22791,13049,119,1,5469.37
22792,13049,1,1,448.64
22793,13050,83,1,5826.52
22794,13050,204,1,73370.0
22795,13050,64,3,1546.41
22796,13051,44,1,18240.43
22797,13051,223,2,5182.4
22798,13052,211,1,3836.76
22799,13053,178,2,13641.01
22800,13054,25,2,2214.73
22801,13054,98,1,4768.35
22802,13054,96,3,51725.75
22803,13055,118,4,5829.06
22804,13056,214,2,28641.53
22805,13057,274,2,71565.64
22806,13057,186,1,2908.08
22807,13058,39,1,7812.11
22808,13059,87,1,43219.87
22809,13059,27,3,3336.84
22810,13059,138,1,61235.13
22811,13060,67,3,5223.96
22812,13060,100,3,8008.92
22813,13060,134,1,2675.38
22814,13060,4,2,5263.43
22815,13061,179,2,1379.81
22816,13062,169,4,7048.23
22817,13063,150,1,1529.11
22818,13063,297,1,4468.95
22819,13064,123,1,3699.85
22820,13065,155,1,4852.54
22821,13066,159,2,41085.28
22822,13067,112,1,6366.55
22823,13068,281,4,6457.57
22824,13068,149,2,4199.66
22825,13069,287,3,1073.05
22826,13070,215,1,5146.49
22827,13070,283,1,1176.42
22828,13071,30,3,4633.63
22829,13071,185,1,2788.61
22830,13072,135,1,3112.47
22831,13073,142,1,13764.17
22832,13074,53,1,46521.87
22833,13075,247,2,4744.7
22834,13075,195,3,2475.06
22835,13076,139,2,3271.97
22836,13077,286,1,1745.28
22837,13077,131,2,3180.97
22838,13077,70,1,2225.28
22839,13078,169,1,6598.48
22840,13078,118,1,6040.06
22841,13078,140,2,9387.21
22842,13079,82,1,5053.22
22843,13079,175,3,6800.24
22844,13080,117,1,1802.7
22845,13080,269,1,7092.79
22846,13080,138,3,64040.39
22847,13081,21,1,23447.17
22848,13082,234,1,13688.23
22849,13083,170,1,41539.57
22850,13084,169,1,7547.36
22851,13084,38,2,1600.66
22852,13085,151,1,2460.6
22853,13086,233,1,5897.9
22854,13086,10,1,73234.19
22855,13086,163,1,1905.32
22856,13086,13,3,834.13
22857,13087,38,1,1554.58
22858,13087,259,1,27243.61
22859,13087,175,1,6512.03
22860,13088,249,1,44645.57
22861,13088,99,1,17788.1
22862,13089,42,2,4825.96
22863,13090,31,3,5358.59
22864,13091,264,1,1775.56
22865,13092,265,4,9183.86
22866,13093,294,2,1254.5
22867,13093,155,1,5223.65
22868,13094,215,1,5280.92
22869,13095,60,1,35378.43
22870,13095,140,1,9924.93
22871,13095,134,3,2940.13
22872,13096,67,1,5292.34
22873,13096,46,1,1611.95
22874,13096,267,2,2905.0
22875,13096,118,1,5693.66
22876,13097,107,1,5811.64
22877,13098,153,1,4861.17
22878,13098,73,3,427.59
22879,13099,41,1,8079.89
22880,13100,173,1,25417.68
22881,13100,262,2,5462.04
22882,13101,272,1,38372.31
22883,13101,62,1,14938.42
22884,13102,262,1,5478.15
22885,13102,105,1,11018.2
22886,13103,243,1,11603.16
22887,13103,94,1,1560.25
22888,13104,93,4,4190.71
22889,13105,132,1,16148.28
22890,13106,230,4,4517.45
22891,13106,124,1,5078.86
22892,13106,270,2,17266.24
22893,13107,269,1,7037.03
22894,13107,252,1,7698.58
22895,13107,62,1,14049.66
22896,13107,184,1,4984.37
22897,13108,80,3,76440.02
22898,13108,170,1,39130.14
22899,13109,26,1,2573.84
22900,13110,254,1,12838.04
22901,13110,103,1,1999.73
22902,13111,158,1,58125.01
22903,13112,97,3,5858.68
22904,13112,74,2,17435.31
22905,13113,75,4,42477.02
22906,13114,136,3,533.55
22907,13114,227,3,2185.47
22908,13114,255,1,50290.34
22909,13115,78,1,3954.13
22910,13115,6,1,35810.09
22911,13115,58,1,5932.15
22912,13115,125,2,1185.19
22913,13116,182,4,44140.03
22914,13116,258,1,5572.41
22915,13116,135,2,2726.0
22916,13117,163,2,1794.68
22917,13117,119,2,5229.9
22918,13117,119,1,5385.9
22919,13117,226,1,6029.21
22920,13118,214,1,33236.0
22921,13119,214,1,30178.48
22922,13120,185,2,2649.24
22923,13120,241,4,701.09
22924,13121,169,2,6823.72
22925,13122,289,1,4588.0
22926,13122,70,1,2623.67
22927,13122,196,2,319.21
22928,13122,277,1,8562.5
22929,13123,55,1,618.51
22930,13124,26,1,2728.07
22931,13125,8,2,3023.31
22932,13125,208,2,7487.27
22933,13126,15,2,72082.29
22934,13127,201,1,5580.73
22935,13128,151,1,2717.69
22936,13128,40,1,1577.61
22937,13129,96,1,58011.57
22938,13129,30,2,4649.85
22939,13129,98,1,4521.86
22940,13130,103,2,1733.61
22941,13131,243,2,10396.97
22942,13132,25,1,2121.45
22943,13132,194,1,7121.38
22944,13133,287,1,1122.88
22945,13133,83,1,5824.33
22946,13134,258,1,5364.8
22947,13134,243,1,11886.26
22948,13135,285,1,345.5
22949,13135,90,1,17449.44
22950,13136,298,1,226.66
22951,13137,249,3,46359.26
22952,13138,67,1,5037.82
22953,13138,235,1,32986.77
22954,13139,232,1,5887.02
22955,13140,26,1,2783.91
22956,13140,137,1,1632.78
22957,13140,264,1,1784.03
22958,13140,13,1,913.45
22959,13141,291,1,7461.91
22960,13141,155,1,5733.83
22961,13141,108,2,36080.35
22962,13141,25,1,2102.6
22963,13142,183,1,8145.85
22964,13143,296,1,2570.0
22965,13144,125,1,1235.94
22966,13144,250,2,4140.9
22967,13145,96,1,58718.24
22968,13145,248,1,699.63
22969,13146,289,1,4609.09
22970,13147,24,1,19184.38
22971,13147,81,1,3496.42
22972,13148,3,1,6584.38
22973,13149,231,2,15901.98
22974,13150,81,3,3658.14
22975,13151,290,2,2455.32
22976,13152,250,2,3796.29
22977,13153,44,4,17625.58
22978,13153,174,1,7859.9
22979,13154,137,1,1565.22
22980,13155,196,1,308.15
22981,13156,178,4,12374.56
22982,13156,39,1,6923.84
22983,13157,190,3,16539.22
22984,13157,139,3,3569.53
22985,13157,94,2,1596.33
22986,13158,140,1,10644.5
22987,13159,280,2,31051.93
22988,13159,294,2,1270.23
22989,13160,99,1,16698.95
22990,13161,233,1,5881.71
22991,13161,236,1,2221.13
22992,13161,41,1,8563.04
22993,13162,153,1,4502.06
22994,13163,138,1,68198.36
22995,13164,144,1,4701.95
22996,13165,232,2,5780.2
22997,13166,289,1,4263.04
22998,13166,236,1,2298.93
22999,13167,26,3,2449.69
23000,13167,137,1,1656.22
23001,13167,287,1,1049.52
23002,13167,248,3,701.36
23003,13168,269,3,7409.72
23004,13168,143,1,1825.71
23005,13169,241,1,681.03
23006,13170,11,1,1061.56
23007,13170,134,1,2959.49
23008,13170,244,2,69567.58
23009,13171,152,1,6655.75
23010,13172,299,3,995.46
23011,13172,12,1,32306.22
23012,13173,84,1,20225.1
23013,13174,132,1,17898.57
23014,13174,200,1,1095.58
23015,13175,87,4,42361.66
23016,13176,122,2,20185.8
23017,13176,161,1,6380.43
23018,13176,122,1,18283.42
23019,13177,161,1,5848.83
23020,13178,276,1,47603.99
23021,13178,175,1,6375.63
23022,13179,288,1,1264.02
23023,13180,115,1,1485.25
23024,13181,33,3,1170.27
23025,13181,223,2,5813.96
23026,13182,219,3,1484.67
23027,13182,55,1,585.85
23028,13183,54,1,16045.06
23029,13184,32,1,2796.36
23030,13184,160,1,3019.16
23031,13185,107,1,5626.66
23032,13185,241,4,697.4
23033,13186,279,1,937.24
23034,13187,68,1,50602.22
23035,13188,139,1,3142.45
23036,13189,98,1,4214.07
23037,13190,56,1,8846.25
23038,13191,284,1,6716.41
23039,13191,221,2,1221.59
23040,13192,126,1,971.04
23041,13192,44,2,17018.64
23042,13193,24,1,17485.55
23043,13194,205,1,8726.63
23044,13195,125,2,1143.52
23045,13196,6,1,36802.47
23046,13197,136,2,541.76
23047,13197,120,2,3304.51
23048,13197,234,4,14032.02
23049,13198,162,1,39427.85
23050,13199,105,2,9632.26
23051,13200,12,1,32214.35
23052,13200,39,1,6918.08
23053,13201,178,1,12814.2
23054,13202,234,1,14876.82
23055,13202,62,2,14480.7
23056,13202,113,2,1906.01
23057,13203,28,3,431.71
23058,13203,10,1,63665.53
23059,13204,216,1,62581.26
23060,13204,250,1,3740.43
23061,13204,239,2,6593.95
23062,13205,290,2,2711.74
23063,13206,205,1,8909.02
23064,13206,289,2,4411.83
23065,13207,86,1,3787.83
23066,13208,187,1,1013.39
23067,13209,90,1,16289.19
23068,13210,80,4,82097.39
23069,13211,86,2,3482.93
23070,13212,261,1,1403.42
23071,13213,223,1,5769.17
23072,13214,54,2,16364.84
23073,13214,158,1,54827.48
23074,13215,225,1,5241.48
23075,13215,227,1,2192.46
23076,13216,262,1,5266.52
23077,13216,215,1,5059.71
23078,13217,279,3,846.38
23079,13217,231,2,15713.31
23080,13218,171,1,4449.23
23081,13219,40,4,1605.12
23082,13220,288,1,1121.32
23083,13220,148,1,46007.1
23084,13221,11,1,971.49
23085,13222,142,2,11867.56
23086,13222,12,1,29848.2
23087,13223,77,1,1294.66
23088,13224,229,1,47714.4
23089,13224,232,1,5482.79
23090,13225,300,1,981.83
23091,13225,65,1,1076.62
23092,13226,45,3,639.58
23093,13227,89,2,1655.46
23094,13227,113,1,1718.08
23095,13227,74,3,17233.45
23096,13228,296,4,2736.15
23097,13229,241,2,674.53
23098,13230,262,1,5206.29
23099,13230,197,1,1130.67
23100,13231,124,2,5156.68
23101,13231,84,1,21307.82
23102,13231,268,1,14036.29
23103,13232,42,1,4355.27
23104,13233,136,1,518.33
23105,13234,24,1,18411.15
23106,13235,102,1,2784.14
23107,13236,278,1,1594.0
23108,13236,177,1,5048.91
23109,13237,29,1,34915.15
23110,13237,84,1,21558.97
23111,13237,49,1,13389.99
23112,13238,198,1,9744.49
23113,13239,129,1,50951.06
23114,13240,88,1,59567.49
23115,13240,206,2,7434.89
23116,13241,153,1,4906.0
23117,13241,211,1,4047.85
23118,13242,232,1,5860.38
23119,13242,51,2,719.51
23120,13243,259,3,28509.3
23121,13243,28,1,427.74
23122,13244,13,3,927.48
23123,13244,16,1,5675.87
23124,13244,218,2,2470.48
23125,13245,22,1,3986.77
23126,13246,267,1,3308.56
23127,13246,222,2,9298.08
23128,13246,221,1,1364.46
23129,13247,96,1,57949.65
23130,13247,70,2,2248.07
23131,13248,96,2,54948.09
23132,13248,225,1,4657.49
23133,13248,64,1,1675.08
23134,13249,242,1,7073.91
23135,13249,107,2,5531.29
23136,13250,54,1,14774.15
23137,13250,119,1,4915.43
23138,13250,274,1,74213.91
23139,13251,91,1,4640.74
23140,13251,82,1,4724.06
23141,13251,218,1,2291.41
23142,13252,284,1,6495.47
23143,13253,68,1,47736.44
23144,13253,150,2,1704.48
23145,13254,236,2,2201.54
23146,13254,39,3,7005.32
23147,13255,65,3,1150.12
23148,13255,213,1,4828.8
23149,13256,87,2,38956.91
23150,13257,171,1,4098.51
23151,13258,142,1,12699.06
23152,13259,229,1,48901.7
23153,13260,146,2,988.36
23154,13260,90,2,18023.61
23155,13261,87,1,40770.58
23156,13261,18,1,1590.24
23157,13262,36,1,2732.54
23158,13263,52,2,1534.87
23159,13263,263,1,1049.17
23160,13263,144,1,4934.7
23161,13264,293,2,1084.05
23162,13264,14,1,34330.33
23163,13265,297,2,4506.05
23164,13265,198,1,8434.98
23165,13265,149,1,4905.91
23166,13266,152,1,6912.89
23167,13266,287,1,1077.5
23168,13266,63,1,1976.19
23169,13267,100,3,7334.62
23170,13267,240,1,7959.4
23171,13267,5,1,73055.2
23172,13268,197,2,1034.79
23173,13268,186,1,3014.72
23174,13269,165,2,6940.76
23175,13270,133,2,5461.25
23176,13270,217,1,3219.61
23177,13271,280,1,27277.76
23178,13272,178,2,13997.21
23179,13272,247,1,5225.23
23180,13272,3,2,7535.78
23181,13273,45,1,633.82
23182,13273,165,1,6893.78
23183,13274,241,2,770.54
23184,13274,76,1,3043.31
23185,13275,220,2,643.81
23186,13275,231,4,16301.52
23187,13276,185,4,2921.81
23188,13276,200,1,987.04
23189,13277,63,1,2055.29
23190,13277,179,1,1231.35
23191,13278,48,1,876.12
23192,13279,161,2,6156.59
23193,13280,271,1,17294.72
23194,13280,78,1,4039.32
23195,13280,248,1,628.23
23196,13280,197,1,1050.44
23197,13281,175,1,5806.95
23198,13281,239,1,7105.26
23199,13282,186,1,2752.36
23200,13283,118,4,6041.16
23201,13284,48,1,955.76
23202,13285,106,1,41297.98
23203,13285,196,1,303.53
23204,13285,282,1,1012.96
23205,13285,282,1,944.37
23206,13286,241,1,716.19
23207,13286,224,1,4163.55
23208,13286,20,1,701.48
23209,13286,175,3,5905.6
23210,13287,84,3,21748.33
23211,13288,128,1,5603.28
23212,13289,256,1,1565.12
23213,13290,65,1,1057.58
23214,13291,227,4,2264.62
23215,13292,8,1,2872.28
23216,13292,59,1,6997.6
23217,13293,137,1,1574.22
23218,13293,147,2,15983.46
23219,13293,100,1,7507.8
23220,13294,57,1,46198.03
23221,13295,149,1,4835.1
23222,13296,178,1,12257.19
23223,13296,157,2,4531.43
23224,13297,27,1,3265.13
23225,13298,184,2,4843.67
23226,13299,80,1,70690.47
23227,13300,190,4,16110.67
23228,13300,26,3,2697.55
23229,13301,20,1,708.0
23230,13302,278,1,1528.89
23231,13302,48,1,918.77
23232,13303,54,1,13860.7
23233,13303,82,2,4624.6
23234,13303,157,1,4161.47
23235,13304,105,2,10986.92
23236,13305,54,1,14235.5
23237,13305,174,2,7124.34
23238,13306,39,1,7293.57
23239,13306,184,1,5418.9
23240,13306,2,1,1802.54
23241,13307,124,1,5383.62
23242,13307,25,1,2352.22
23243,13308,83,1,6634.26
23244,13309,159,3,40817.22
23245,13310,29,1,37680.54
23246,13310,158,2,64443.93
23247,13311,92,1,61067.35
23248,13312,77,4,1205.82
23249,13312,101,1,402.53
23250,13312,280,3,28772.03
23251,13313,203,1,5309.25
23252,13313,133,2,5305.97
23253,13313,62,2,13880.46
23254,13314,243,1,12191.27
23255,13314,165,1,7546.2
23256,13314,153,3,4983.84
23257,13315,261,2,1605.24
23258,13315,74,2,18682.05
23259,13315,285,2,366.43
23260,13316,48,1,889.93
23261,13316,209,1,2295.69
23262,13316,53,1,44881.15
23263,13317,19,1,10413.72
23264,13317,203,1,5382.51
23265,13317,197,1,1071.34
23266,13318,225,1,4876.41
23267,13319,4,1,5789.98
23268,13320,51,1,793.94
23269,13321,116,1,43199.17
23270,13322,297,1,4221.04
23271,13323,281,2,6302.94
23272,13323,275,2,1128.01
23273,13323,216,2,71065.8
23274,13324,73,1,480.0
23275,13324,230,1,4629.02
23276,13324,95,3,2201.15
23277,13325,110,4,6603.99
23278,13326,292,1,1007.95
23279,13326,83,1,5681.72
23280,13326,300,1,1022.45
23281,13327,246,1,346.52
23282,13327,124,2,5601.54
23283,13328,88,1,64079.05
23284,13328,252,2,7613.59
23285,13329,276,2,49371.23
23286,13329,277,1,8946.17
23287,13329,90,1,16801.88
23288,13330,265,1,8993.17
23289,13330,112,1,6419.98
23290,13330,201,1,5996.44
23291,13331,182,1,42698.41
23292,13331,126,1,1056.0
23293,13332,105,2,10650.56
23294,13332,152,1,7254.9
23295,13333,20,1,725.37
23296,13334,215,3,5410.99
23297,13335,14,1,31333.15
23298,13335,78,1,3753.17
23299,13336,185,1,2555.07
23300,13336,213,1,5589.65
23301,13336,232,2,5377.32
23302,13337,158,1,55563.86
23303,13337,169,1,7505.37
23304,13338,175,3,6802.77
23305,13338,263,1,1194.57
23306,13339,251,2,1093.25
23307,13340,134,1,2822.9
23308,13341,283,1,1177.78
23309,13341,80,1,73704.36
23310,13342,92,1,55686.51
23311,13342,34,1,2118.87
23312,13342,229,1,50200.35
23313,13343,174,1,7308.47
23314,13343,180,1,15586.61
23315,13344,237,2,4471.21
23316,13345,88,4,59416.06
23317,13345,73,1,458.06
23318,13345,195,1,2870.97
23319,13346,2,1,2106.46
23320,13347,197,1,1077.69
23321,13347,65,1,1152.1
23322,13348,247,1,5135.96
23323,13349,71,1,4625.7
23324,13349,122,1,18189.02
23325,13349,203,1,5818.45
23326,13349,244,1,65016.71
23327,13350,257,3,4092.74
23328,13351,74,2,19430.62
23329,13351,258,1,4967.73
23330,13352,139,1,3513.27
23331,13353,133,1,4688.14
23332,13354,186,1,2690.16
23333,13355,295,1,4848.15
23334,13356,180,1,15361.52
23335,13356,101,2,428.71
23336,13356,15,1,70339.36
23337,13357,262,1,5587.59
23338,13357,106,2,37435.37
23339,13358,245,1,1225.3
23340,13358,96,2,52835.18
23341,13358,31,2,5463.48
23342,13359,291,1,8462.82
23343,13359,26,1,2729.36
23344,13359,291,4,7629.93
23345,13360,61,2,4337.67
23346,13361,109,2,12536.55
23347,13362,48,1,919.7
23348,13363,236,1,1982.91
23349,13364,18,1,1569.61
23350,13365,166,2,56152.6
23351,13366,293,1,1182.27
23352,13367,119,1,4839.38
23353,13368,58,1,6087.01
23354,13369,235,2,33671.95
23355,13370,185,1,2497.33
23356,13371,286,2,1824.69
23357,13372,131,1,3326.13
23358,13373,108,1,39111.14
23359,13373,98,3,4345.08
23360,13374,51,1,792.83
23361,13374,165,1,7307.42
23362,13374,286,1,1601.96
23363,13375,197,1,1056.41
23364,13376,213,1,5388.92
23365,13377,220,1,581.08
23366,13378,65,1,1006.92
23367,13379,236,3,2149.65
23368,13380,3,1,7227.77
23369,13381,135,1,2892.46
23370,13382,199,1,1696.59
23371,13383,50,1,43351.08
23372,13383,187,2,1000.73
23373,13383,21,1,24237.94
23374,13384,68,1,46320.6
23375,13385,230,1,4604.59
23376,13386,193,1,17988.24
23377,13386,287,1,1189.69
23378,13387,47,1,5181.12
23379,13388,252,3,8572.72
23380,13389,122,3,17721.2
23381,13390,236,1,2189.06
23382,13390,94,1,1569.32
23383,13391,233,1,5824.26
23384,13391,260,1,19505.18
23385,13391,219,1,1600.25
23386,13391,88,1,58831.51
23387,13392,257,1,3821.48
23388,13392,85,2,2666.3
23389,13393,35,1,40479.11
23390,13393,227,1,2394.61
23391,13393,66,2,1439.0
23392,13394,6,1,38674.67
23393,13394,25,2,2081.7
23394,13395,216,2,72021.61
23395,13396,12,1,31046.6
23396,13396,15,1,67561.98
23397,13397,299,1,1092.12
23398,13397,17,2,278.39
23399,13398,209,1,2256.15
23400,13399,148,1,43067.81
23401,13400,101,1,425.86
23402,13401,288,1,1178.66
23403,13402,103,1,1849.78
23404,13402,49,1,12088.38
23405,13403,118,1,5312.91
23406,13403,92,1,58878.69
23407,13404,231,3,14571.5
23408,13405,205,1,8130.97
23409,13406,30,3,5170.57
23410,13407,268,3,15690.15
23411,13408,263,1,1035.25
23412,13409,149,2,4814.95
23413,13409,118,1,5446.95
23414,13410,150,1,1510.83
23415,13410,154,1,36054.15
23416,13411,94,1,1580.11
23417,13411,131,1,3325.25
23418,13412,114,2,5289.35
23419,13413,294,1,1204.66
23420,13413,43,1,1125.52
23421,13413,18,2,1548.8
23422,13414,37,1,47227.42
23423,13414,47,1,5096.06
23424,13414,221,1,1268.77
23425,13415,106,1,39854.15
23426,13415,146,1,1087.65
23427,13415,248,2,716.05
23428,13416,234,1,14817.22
23429,13417,274,2,67618.47
23430,13418,195,1,2637.47
23431,13419,231,1,14738.26
23432,13420,2,3,1912.2
23433,13421,94,3,1486.25
23434,13421,152,1,6742.36
23435,13422,274,1,70840.57
23436,13422,165,1,7454.07
23437,13422,217,1,3781.16
23438,13423,42,1,4174.36
23439,13423,232,2,5974.1
23440,13424,287,4,1118.76
23441,13425,107,1,5002.21
23442,13426,240,1,9058.53
23443,13427,62,3,14229.59
23444,13428,270,1,15768.82
23445,13429,208,3,7011.65
23446,13430,180,1,15904.19
23447,13431,177,2,5666.61
23448,13432,250,2,3834.33
23449,13432,79,2,2371.93
23450,13432,55,1,688.02
23451,13433,182,1,48952.48
23452,13433,257,1,4008.32
23453,13434,276,2,51000.35
23454,13434,277,1,8551.07
23455,13434,50,2,37286.39
23456,13435,6,1,35422.14
23457,13435,64,2,1772.84
23458,13436,193,1,18448.3
23459,13437,123,1,3922.13
23460,13438,29,2,39462.04
23461,13438,117,2,1850.95
23462,13439,195,2,2578.02
23463,13440,16,2,5191.02
23464,13440,269,1,6692.77
23465,13441,122,1,19362.02
23466,13442,55,3,673.48
23467,13442,117,1,2000.05
23468,13443,149,2,4592.28
23469,13444,237,2,4516.51
23470,13445,29,2,38763.97
23471,13445,141,2,4602.27
23472,13446,196,1,310.53
23473,13447,243,1,12177.36
23474,13447,36,1,2606.6
23475,13447,35,2,44569.02
23476,13447,292,3,987.36
23477,13448,280,3,29767.01
23478,13448,97,1,5283.66
23479,13449,145,2,580.15
23480,13449,56,1,10011.21
23481,13450,239,1,7398.22
23482,13451,286,1,1653.25
23483,13451,154,1,40021.09
23484,13452,194,1,6670.93
23485,13453,202,1,23161.03
23486,13454,147,1,15676.16
23487,13454,130,3,35308.3
23488,13455,227,1,2227.25
23489,13456,95,3,2232.72
23490,13456,260,1,20114.36
23491,13457,122,1,17935.3
23492,13457,243,1,12193.99
23493,13458,138,1,62897.02
23494,13458,107,1,5247.9
23495,13458,36,1,2477.66
23496,13459,119,1,5716.07
23497,13460,210,2,15752.7
23498,13461,159,1,41494.77
23499,13461,183,1,7835.66
23500,13461,176,3,56902.65
23501,13462,136,2,553.13
23502,13463,91,1,4696.75
23503,13464,53,2,43071.15
23504,13465,41,2,8249.01
23505,13466,219,1,1371.03
23506,13467,132,3,18414.14
23507,13467,23,2,758.78
23508,13468,245,1,1147.51
23509,13468,113,1,1713.99
23510,13468,83,2,5874.97
23511,13469,142,1,12946.13
23512,13470,113,3,1903.16
23513,13471,121,2,67200.73
23514,13472,83,1,6486.61
23515,13472,12,1,28942.24
23516,13473,183,1,7342.27
23517,13474,223,3,5210.48
23518,13475,286,1,1596.7
23519,13475,44,1,17203.47
23520,13476,55,1,612.36
23521,13476,127,1,34557.47
23522,13477,234,4,13167.77
23523,13478,190,1,15084.96
23524,13478,200,3,947.9
23525,13479,161,1,5994.81
23526,13480,297,1,4095.99
23527,13480,118,2,5843.84
23528,13481,30,2,4794.51
23529,13481,144,4,5082.61
23530,13482,273,1,1400.87
23531,13483,166,2,57472.51
23532,13483,243,3,11925.97
23533,13483,208,1,7221.26
23534,13484,272,1,43153.42
23535,13484,183,1,7053.2
23536,13485,226,2,6145.27
23537,13485,185,1,2579.9
23538,13485,85,2,2921.71
23539,13486,11,2,1021.31
23540,13487,126,1,995.77
23541,13487,283,1,1287.62
23542,13487,33,2,1148.2
23543,13488,73,3,450.97
23544,13489,1,1,452.75
23545,13490,126,1,1049.87
23546,13490,285,3,361.2
23547,13491,130,1,35961.42
23548,13491,249,3,42057.06
23549,13491,179,1,1310.85
23550,13492,25,2,2339.68
23551,13492,90,1,16797.9
23552,13492,137,1,1685.56
23553,13493,96,1,53938.23
23554,13494,87,1,42456.77
23555,13495,181,2,13466.74
23556,13496,90,1,17956.36
23557,13496,258,2,4956.5
23558,13496,269,1,6780.69
23559,13497,7,1,443.95
23560,13497,298,1,227.51
23561,13497,169,2,6535.87
23562,13497,127,1,33734.89
23563,13498,166,1,58977.39
23564,13499,245,1,1114.59
23565,13500,38,3,1615.14
23566,13500,50,2,37430.5
23567,13501,13,2,949.48
23568,13502,231,3,15607.01
23569,13503,238,1,1618.67
23570,13503,16,1,5673.8
23571,13504,248,1,628.58
23572,13505,103,1,2044.1
23573,13505,14,2,34495.31
23574,13506,171,1,3992.75
23575,13506,203,1,5764.9
23576,13506,19,1,10015.69
23577,13507,76,1,2805.13
23578,13508,36,2,2872.81
23579,13508,71,3,4606.81
23580,13509,96,1,52314.76
23581,13509,275,1,1158.0
23582,13510,143,2,1606.79
23583,13510,185,2,2529.76
23584,13511,65,2,1107.8
23585,13511,181,1,14495.93
23586,13511,96,1,53692.78
23587,13512,132,2,18269.29
23588,13513,51,2,755.99
23589,13513,192,1,14627.12
23590,13513,31,1,5002.44
23591,13513,124,2,5105.11
23592,13514,126,1,902.74
23593,13514,113,1,1821.81
23594,13515,67,1,5499.57
23595,13516,37,1,45549.67
23596,13516,196,1,289.51
23597,13517,281,2,6080.03
23598,13517,69,3,5291.66
23599,13518,34,1,2037.23
23600,13519,58,2,6469.35
23601,13519,90,1,16354.25
23602,13519,111,2,6648.93
23603,13520,90,1,18491.26
23604,13521,32,1,2764.74
23605,13522,226,2,5778.3
23606,13522,13,2,895.53
23607,13523,97,3,5774.3
23608,13523,230,1,4603.1
23609,13524,181,1,14247.64
23610,13524,52,1,1669.62
23611,13525,36,2,2577.35
23612,13525,184,1,4987.28
23613,13526,3,1,7741.53
23614,13527,92,1,61427.22
23615,13527,252,1,7234.53
23616,13528,98,1,4445.93
23617,13529,104,2,12007.81
23618,13530,48,4,954.77
23619,13531,136,1,508.16
23620,13531,69,1,6000.6
23621,13531,7,1,412.99
23622,13532,172,2,19510.43
23623,13533,5,1,75506.03
23624,13533,177,1,5215.63
23625,13534,60,1,31217.39
23626,13534,87,1,36584.96
23627,13535,25,1,2140.78
23628,13536,64,1,1713.28
23629,13537,109,1,12430.8
23630,13538,104,1,10744.92
23631,13539,295,4,5431.34
23632,13540,27,1,3264.31
23633,13541,145,1,548.24
23634,13541,159,2,40360.38
23635,13541,294,1,1135.65
23636,13542,247,1,4902.89
23637,13543,185,2,2736.87
23638,13544,189,1,18116.37
23639,13545,271,1,16884.71
23640,13546,7,1,417.92
23641,13547,238,1,1683.92
23642,13548,82,2,5158.5
23643,13548,189,1,20387.43
23644,13548,142,1,13092.33
23645,13549,139,3,3419.05
23646,13549,274,1,65637.18
23647,13550,265,1,8441.65
23648,13550,52,1,1606.92
23649,13550,119,1,5641.88
23650,13551,23,1,685.39
23651,13551,71,1,4727.59
23652,13552,159,2,44249.13
23653,13553,71,4,5047.05
23654,13553,168,1,6778.48
23655,13554,170,1,40585.54
23656,13555,295,2,4712.24
23657,13556,225,2,4596.25
23658,13557,163,2,1915.5
23659,13557,41,2,7996.26
23660,13557,6,3,37608.13
23661,13558,240,3,8077.41
23662,13558,201,1,5668.3
23663,13559,270,1,16386.48
23664,13559,62,4,15053.03
23665,13560,163,1,2109.49
23666,13560,245,1,1222.38
23667,13561,106,1,35357.66
23668,13562,133,3,4947.42
23669,13562,235,2,32976.15
23670,13563,259,1,25443.72
23671,13564,145,1,535.52
23672,13565,53,1,45377.67
23673,13566,260,4,19984.69
23674,13567,179,1,1374.56
23675,13567,133,1,5025.31
23676,13568,211,2,4310.62
23677,13568,113,1,1608.29
23678,13569,13,1,891.43
23679,13569,166,1,55620.18
23680,13570,143,1,1824.95
23681,13570,279,1,923.29
23682,13570,204,1,80722.1
23683,13571,277,1,8976.51
23684,13572,187,2,1148.06
23685,13572,121,3,70305.4
23686,13573,32,1,2587.57
23687,13574,263,2,1029.39
23688,13575,10,3,68315.66
23689,13575,289,2,4769.47
23690,13575,66,3,1357.73
23691,13576,181,4,15000.28
23692,13576,73,1,458.87
23693,13577,141,1,4295.7
23694,13577,180,1,17665.53
23695,13578,225,2,4711.85
23696,13579,8,1,3117.04
23697,13579,289,1,4278.84
23698,13579,82,1,4507.68
23699,13580,212,1,9288.17
23700,13580,70,1,2385.93
23701,13581,291,3,7560.95
23702,13582,251,2,1152.49
23703,13583,44,3,16820.79
23704,13584,107,1,5083.0
23705,13585,127,1,38582.11
23706,13586,217,2,3271.18
23707,13587,273,1,1387.4
23708,13588,248,1,678.67
23709,13589,92,1,55591.32
23710,13589,213,1,5424.45
23711,13590,271,3,18302.21
23712,13590,34,2,1920.64
23713,13591,64,1,1680.18
23714,13592,222,1,9924.2
23715,13592,115,1,1407.46
23716,13592,255,2,48399.12
23717,13592,261,1,1479.77
23718,13593,113,1,1654.8
23719,13594,299,4,1058.64
23720,13594,267,1,3253.53
23721,13595,82,1,4781.41
23722,13595,207,1,15402.34
23723,13596,132,3,16546.93
23724,13596,214,1,30352.5
23725,13597,155,1,5432.59
23726,13598,164,1,14154.13
23727,13598,172,1,20377.02
23728,13599,116,1,43845.54
23729,13600,163,2,1976.23
23730,13601,97,1,6100.84
23731,13602,248,1,660.8
23732,13603,240,2,8193.41
23733,13604,97,1,5285.7
23734,13605,252,1,7821.3
23735,13606,158,4,59022.85
23736,13606,100,1,7191.25
23737,13607,100,1,8080.9
23738,13607,190,2,15232.83
23739,13608,234,1,13369.73
23740,13608,217,1,3458.16
23741,13609,190,1,16847.32
23742,13609,65,1,1028.66
23743,13610,100,1,7390.0
23744,13611,190,1,16676.37
23745,13612,75,1,38979.88
23746,13612,102,3,3001.01
23747,13613,116,4,46376.68
23748,13614,82,1,4420.38
23749,13614,248,3,629.36
23750,13615,95,1,2279.89
23751,13615,117,1,1841.03
23752,13616,98,2,4348.17
23753,13616,292,2,961.05
23754,13617,149,2,4733.81
23755,13618,9,1,8198.0
23756,13619,107,1,5529.13
23757,13619,236,2,2289.35
23758,13620,216,2,62527.29
23759,13621,56,2,9875.72
23760,13622,270,2,15457.69
23761,13623,145,1,580.23
23762,13623,232,1,5657.68
23763,13624,101,1,443.7
23764,13624,166,1,52659.05
23765,13624,196,1,299.51
23766,13624,205,2,9285.46
23767,13625,201,1,5741.01
23768,13626,270,1,15903.07
23769,13627,228,1,42496.34
23770,13627,178,1,12635.54
23771,13628,102,1,2926.6
23772,13629,17,1,299.52
23773,13630,79,1,2369.32
23774,13630,90,2,16037.58
23775,13630,255,3,50872.48
23776,13630,100,1,7751.91
23777,13631,5,1,82633.09
23778,13631,296,1,2418.9
23779,13631,137,1,1556.88
23780,13632,222,1,8659.48
23781,13632,22,2,3799.3
23782,13633,129,1,45534.31
23783,13634,263,2,1083.58
23784,13635,106,1,39333.57
23785,13636,141,3,4383.53
23786,13636,289,1,4297.66
23787,13637,34,1,1954.62
23788,13638,230,1,4392.69
23789,13639,127,1,36013.96
23790,13639,62,1,12957.3
23791,13639,73,3,457.16
23792,13640,143,2,1615.28
23793,13640,165,3,7130.8
23794,13640,68,2,50548.3
23795,13641,40,1,1581.16
23796,13642,297,1,4349.36
23797,13642,223,2,5822.23
23798,13643,172,2,21162.98
23799,13643,237,2,4649.8
23800,13643,25,1,2418.97
23801,13644,264,1,1776.01
23802,13644,94,1,1557.21
23803,13644,66,1,1430.62
23804,13644,160,2,2657.77
23805,13645,276,1,49399.96
23806,13645,154,1,40843.08
23807,13646,74,4,18650.77
23808,13647,67,1,5403.56
23809,13647,115,1,1503.94
23810,13648,206,1,8297.19
23811,13649,200,3,931.15
23812,13650,70,1,2528.78
23813,13650,172,1,18814.14
23814,13650,295,2,5468.09
23815,13651,256,1,1618.55
23816,13651,248,3,647.11
23817,13652,163,2,1901.67
23818,13652,135,1,2907.91
23819,13652,256,1,1577.12
23820,13653,110,1,7293.2
23821,13654,140,1,9071.22
23822,13654,53,1,43277.23
23823,13655,156,1,5483.95
23824,13655,26,4,2693.89
23825,13656,133,1,4855.79
23826,13657,227,1,2109.19
23827,13657,53,2,43083.13
23828,13657,267,3,2862.42
23829,13658,196,1,299.63
23830,13658,150,3,1587.62
23831,13659,111,2,5992.79
23832,13659,269,1,6442.18
23833,13660,259,1,29581.8
23834,13660,285,2,338.04
23835,13660,199,2,1586.37
23836,13660,178,2,12246.08
23837,13661,103,1,1791.02
23838,13661,77,2,1338.22
23839,13662,259,3,28643.97
23840,13663,246,1,366.35
23841,13664,109,1,13676.53
23842,13664,66,1,1578.23
23843,13665,157,1,4753.87
23844,13666,279,1,808.05
23845,13666,258,1,5210.45
23846,13667,58,1,6106.46
23847,13668,214,1,31149.33
23848,13668,107,1,5151.41
23849,13668,171,1,4031.26
23850,13669,37,2,42278.73
23851,13669,10,1,67984.46
23852,13669,85,2,2704.69
23853,13670,215,1,5576.12
23854,13670,152,4,6371.0
23855,13671,113,1,1884.21
23856,13671,117,2,1955.89
23857,13672,21,1,21773.23
23858,13673,189,1,19359.96
23859,13673,110,1,7468.37
23860,13674,110,1,6753.19
23861,13674,203,2,5597.04
23862,13675,171,1,3845.37
23863,13675,54,1,16229.44
23864,13676,189,1,19047.84
23865,13676,14,1,33762.13
23866,13677,278,1,1584.34
23867,13678,161,1,5485.64
23868,13678,265,2,9674.87
23869,13679,291,2,7429.96
23870,13680,80,3,82037.42
23871,13681,252,3,7916.79
23872,13682,142,1,12088.68
23873,13682,217,1,3797.98
23874,13683,30,1,4502.58
23875,13684,72,4,5271.96
23876,13684,67,4,5516.91
23877,13685,88,4,59406.38
23878,13685,89,2,1783.34
23879,13685,130,1,40624.21
23880,13686,287,2,1240.41
23881,13687,4,2,5518.31
23882,13688,227,1,2187.02
23883,13688,266,1,3443.38
23884,13688,269,4,6421.96
23885,13689,105,1,10841.58
23886,13689,90,4,18426.11
23887,13689,76,1,2895.71
23888,13689,258,4,5414.45
23889,13690,227,1,2208.83
23890,13691,232,2,5752.22
23891,13691,249,1,41475.72
23892,13692,44,3,16520.88
23893,13693,274,1,66058.04
23894,13693,97,1,5177.71
23895,13693,233,1,6034.91
23896,13694,214,2,32178.81
23897,13694,110,1,7327.69
23898,13694,98,1,4327.03
23899,13694,193,1,16517.06
23900,13695,76,3,3103.72
23901,13696,184,1,4800.63
23902,13697,298,1,239.11
23903,13698,91,1,5118.08
23904,13699,146,3,1095.02
23905,13700,85,2,2499.88
23906,13701,105,1,10972.02
23907,13701,15,1,68519.01
23908,13702,108,1,36406.9
23909,13702,167,1,23910.25
23910,13702,186,1,3038.3
23911,13703,125,1,1235.13
23912,13703,194,1,6881.27
23913,13703,6,1,39552.04
23914,13704,260,1,19781.2
23915,13705,66,1,1537.2
23916,13705,198,2,9408.51
23917,13706,40,2,1637.72
23918,13706,282,2,949.44
23919,13707,122,1,20167.51
23920,13707,173,2,25556.26
23921,13708,123,2,4118.21
23922,13708,149,3,4286.16
23923,13709,244,1,65836.24
23924,13709,236,2,2267.12
23925,13709,41,1,8236.18
23926,13710,64,2,1707.26
23927,13711,102,2,2839.25
23928,13711,191,1,49079.9
23929,13712,180,1,16318.91
23930,13713,121,1,69804.04
23931,13713,82,4,4616.72
23932,13714,41,4,8693.44
23933,13714,19,3,9398.57
23934,13714,96,3,50510.52
23935,13714,250,2,3838.62
23936,13715,190,1,15862.8
23937,13715,125,3,1172.79
23938,13716,283,1,1277.98
23939,13716,297,1,4109.82
23940,13716,166,3,57388.7
23941,13717,155,1,4883.49
23942,13717,124,1,5006.09
23943,13717,245,2,1241.25
23944,13718,269,2,6704.12
23945,13718,232,1,5570.51
23946,13719,60,1,32560.75
23947,13720,195,1,2840.61
23948,13721,25,2,2338.31
23949,13721,59,1,6043.88
23950,13721,97,1,5974.33
23951,13722,14,1,30771.17
23952,13722,27,2,3621.98
23953,13723,76,4,3053.25
23954,13723,126,1,908.17
23955,13724,42,1,4507.59
23956,13725,73,1,484.47
23957,13726,122,1,19829.6
23958,13726,57,1,48478.82
23959,13727,287,1,1232.64
23960,13728,58,1,5958.34
23961,13729,93,1,4781.29
23962,13729,75,1,42100.68
23963,13729,111,1,6156.1
23964,13730,163,1,1785.86
23965,13731,103,3,2031.01
23966,13731,1,1,461.34
23967,13732,185,1,2572.67
23968,13733,186,1,3078.56
23969,13734,281,2,6114.2
23970,13734,212,1,8981.85
23971,13735,281,3,6544.47
23972,13736,215,1,5513.57
23973,13736,236,1,2276.3
23974,13737,153,1,5006.93
23975,13737,206,1,7371.71
23976,13738,140,1,9056.11
23977,13738,100,1,7849.89
23978,13738,181,2,15325.67
23979,13739,141,1,4364.1
23980,13740,90,4,17832.6
23981,13740,289,1,4181.35
23982,13740,35,1,43861.15
23983,13741,36,1,2826.73
23984,13742,153,1,5048.08
23985,13743,6,1,35551.02
23986,13744,261,1,1429.79
23987,13744,97,2,5733.58
23988,13744,146,2,966.47
23989,13745,171,1,3898.14
23990,13746,84,1,22289.78
23991,13746,35,1,40017.93
23992,13747,64,1,1527.71
23993,13747,28,1,386.76
23994,13747,20,1,715.81
23995,13747,211,2,4021.91
23996,13748,278,1,1703.64
23997,13748,121,1,61202.16
23998,13748,99,1,16548.8
23999,13749,114,1,5136.01
24000,13750,270,1,16275.38
24001,13751,86,1,3397.47
24002,13752,284,1,6404.16
24003,13753,86,1,3973.82
24004,13754,134,1,2607.8
24005,13755,85,2,2684.41
24006,13755,127,1,33081.92
24007,13756,205,1,8821.68
24008,13756,95,2,2303.39
24009,13757,13,1,843.73
24010,13758,192,1,13813.76
24011,13759,212,3,8765.03
24012,13759,65,1,1176.59
24013,13760,207,3,16045.1
24014,13760,102,1,2676.52
24015,13760,209,2,2178.27
24016,13761,89,1,1647.7
24017,13761,22,3,3531.15
24018,13761,113,2,1652.02
24019,13762,27,1,3475.02
24020,13762,23,1,697.93
24021,13762,67,3,5092.07
24022,13762,159,2,41687.22
24023,13763,48,2,850.44
24024,13763,28,1,379.24
24025,13764,115,2,1541.14
24026,13764,236,1,2307.5
24027,13764,93,2,4297.8
24028,13764,127,1,34229.79
24029,13765,262,1,5959.94
24030,13765,221,1,1357.62
24031,13765,128,1,5333.72
24032,13766,40,1,1638.34
24033,13766,197,2,995.19
24034,13767,174,1,6936.08
24035,13767,85,2,2843.33
24036,13768,58,2,6130.8
24037,13769,85,1,2474.88
24038,13769,174,1,6667.89
24039,13769,120,2,3225.21
24040,13770,127,1,37007.12
24041,13770,234,1,15595.86
24042,13771,194,1,6906.47
24043,13771,247,2,5355.68
24044,13771,28,1,420.17
24045,13772,211,1,3846.61
24046,13773,271,1,17156.44
24047,13774,108,1,35335.04
24048,13775,145,1,559.6
24049,13775,87,1,40475.05
24050,13775,202,1,25018.15
24051,13776,162,1,41485.53
24052,13776,78,2,4197.72
24053,13776,17,1,253.52
24054,13777,217,1,3772.65
24055,13777,165,3,6976.92
24056,13778,282,1,936.93
24057,13779,72,2,5721.87
24058,13780,287,1,1125.16
24059,13780,142,1,13336.06
24060,13780,240,2,8821.89
24061,13780,114,2,5054.63
24062,13781,121,1,68054.1
24063,13782,195,1,2453.17
24064,13783,56,3,10141.28
24065,13783,253,3,19583.66
24066,13783,80,1,75749.19
24067,13784,174,1,7499.64
24068,13785,226,3,5793.24
24069,13786,115,1,1484.06
24070,13787,85,3,2461.51
24071,13788,196,1,279.35
24072,13788,85,3,2651.31
24073,13788,144,2,5304.68
24074,13789,83,1,6429.19
24075,13789,180,1,15343.49
24076,13789,97,1,5885.66
24077,13789,203,2,5138.82
24078,13790,164,2,12792.84
24079,13791,22,1,4018.61
24080,13792,209,1,2310.39
24081,13793,207,3,15319.6
24082,13794,117,1,1762.45
24083,13794,165,1,6897.63
24084,13794,116,2,41393.98
24085,13795,166,1,52389.04
24086,13796,250,1,4416.3
24087,13797,19,3,9742.09
24088,13798,60,1,32225.1
24089,13799,181,2,15095.37
24090,13800,184,2,5350.95
24091,13800,211,1,3852.02
24092,13801,167,1,23265.61
24093,13801,195,1,2635.44
24094,13801,138,1,62100.69
24095,13802,12,1,29621.86
24096,13802,271,1,18356.71
24097,13802,109,1,11852.66
24098,13803,4,1,5639.6
24099,13804,189,3,19322.27
24100,13805,241,1,714.34
24101,13805,94,3,1501.19
24102,13806,123,1,4199.72
24103,13807,288,1,1151.37
24104,13807,248,1,635.05
24105,13808,229,3,51068.45
24106,13808,136,1,550.4
24107,13809,40,1,1470.96
24108,13809,55,2,666.66
24109,13809,252,2,7470.85
24110,13810,170,1,41426.26
24111,13811,128,1,6014.66
24112,13812,292,1,928.78
24113,13813,54,2,15944.41
24114,13813,33,2,1139.65
24115,13814,97,1,6067.92
24116,13815,266,1,3693.96
24117,13816,261,3,1449.97
24118,13817,187,1,1110.01
24119,13818,44,1,18884.23
24120,13818,247,1,4982.28
24121,13818,259,3,25731.23
24122,13818,248,1,693.8
24123,13819,240,1,8363.75
24124,13819,37,1,47025.86
24125,13819,282,1,1048.62
24126,13820,120,3,3217.93
24127,13820,241,2,692.62
24128,13821,172,3,18877.85
24129,13821,109,1,12721.73
24130,13821,246,1,381.34
24131,13822,93,2,4389.06
24132,13823,91,2,4445.5
24133,13823,60,3,32865.87
24134,13823,290,1,2507.19
24135,13824,44,1,18609.02
24136,13824,13,1,903.26
24137,13825,17,2,280.33
24138,13826,172,3,21327.27
24139,13826,33,3,1066.4
24140,13827,195,2,2549.7
24141,13827,97,1,5152.47
24142,13828,173,1,29707.46
24143,13829,289,2,4104.22
24144,13829,18,1,1396.17
24145,13829,159,2,39736.92
24146,13830,137,3,1615.9
24147,13831,5,1,79928.46
24148,13831,58,2,5942.57
24149,13831,180,2,17758.06
24150,13832,164,1,13673.83
24151,13832,202,1,25451.02
24152,13832,110,2,6548.06
24153,13833,16,1,5123.43
24154,13834,248,2,658.54
24155,13834,62,1,12884.4
24156,13835,20,2,725.62
24157,13836,64,1,1769.79
24158,13836,129,1,48759.52
24159,13837,76,1,3054.09
24160,13838,258,1,5298.06
24161,13839,175,1,5907.42
24162,13840,197,1,1132.58
24163,13841,18,1,1599.78
24164,13841,53,1,47744.62
24165,13841,169,1,7264.66
24166,13842,243,1,12228.92
24167,13842,271,2,18011.08
24168,13842,101,2,417.53
24169,13843,269,3,7025.43
24170,13844,157,1,4161.74
24171,13845,214,1,29804.34
24172,13845,176,1,57775.18
24173,13845,295,1,4938.15
24174,13846,36,1,2705.87
24175,13847,168,2,6706.56
24176,13847,199,1,1688.05
24177,13847,159,2,45243.71
24178,13847,206,1,7914.05
24179,13848,1,2,433.38
24180,13848,191,1,48037.36
24181,13849,181,1,13263.53
24182,13849,204,3,78222.12
24183,13850,181,2,15053.5
24184,13851,73,1,458.75
24185,13852,256,1,1657.22
24186,13852,70,1,2562.08
24187,13852,231,1,16216.77
24188,13853,75,1,37155.77
24189,13854,210,1,15870.02
24190,13854,80,3,75005.8
24191,13854,252,3,7246.3
24192,13855,109,1,12266.57
24193,13855,124,1,5527.11
24194,13856,76,1,3112.44
24195,13856,98,1,4259.89
24196,13856,291,2,7388.88
24197,13857,279,1,883.67
24198,13857,26,1,2435.94
24199,13858,186,1,3061.63
24200,13859,255,1,46570.22
24201,13859,176,1,66500.85
24202,13859,108,4,34595.4
24203,13860,240,1,8048.56
24204,13860,183,1,7803.02
24205,13860,58,1,6688.43
24206,13861,96,1,58353.05
24207,13861,21,1,23956.97
24208,13861,271,1,18220.18
24209,13861,57,3,44840.5
24210,13862,20,1,779.79
24211,13863,278,3,1558.73
24212,13863,80,1,72717.56
24213,13863,193,1,19157.08
24214,13864,289,1,4123.39
24215,13864,37,1,42566.2
24216,13865,108,1,40515.18
24217,13865,63,1,2094.6
24218,13866,76,3,2935.25
24219,13866,269,4,6472.38
24220,13866,90,1,15607.09
24221,13867,70,1,2367.55
24222,13868,35,2,47245.11
24223,13868,227,3,2040.32
24224,13869,102,1,2836.1
24225,13870,21,2,22779.66
24226,13870,96,1,52159.95
24227,13871,262,1,5587.64
24228,13872,84,3,22498.37
24229,13873,244,2,75118.69
24230,13873,25,1,2142.03
24231,13874,101,1,440.79
24232,13875,179,1,1350.67
24233,13876,3,2,6733.19
24234,13877,207,2,15898.43
24235,13878,300,4,945.77
24236,13878,211,1,4107.54
24237,13879,245,2,1122.74
24238,13880,49,2,12716.93
24239,13881,150,2,1552.43
24240,13882,195,1,2468.74
24241,13883,135,1,3123.93
24242,13884,267,2,3285.98
24243,13885,233,1,6578.63
24244,13886,294,1,1169.35
24245,13886,219,2,1533.25
24246,13887,269,1,7081.6
24247,13887,235,3,34373.6
24248,13888,42,2,4429.1
24249,13889,263,3,1046.99
24250,13890,287,2,1182.5
24251,13890,195,2,2758.05
24252,13890,98,3,4948.35
24253,13891,127,1,37795.1
24254,13891,9,4,9066.89
24255,13891,3,1,7498.88
24256,13891,110,1,6691.29
24257,13892,96,3,57721.91
24258,13892,93,2,4131.73
24259,13893,68,1,45118.22
24260,13894,203,1,5791.43
24261,13894,115,1,1515.54
24262,13894,296,1,2744.96
24263,13894,270,1,14996.89
24264,13895,219,1,1371.14
24265,13896,250,1,4280.1
24266,13897,204,1,80783.89
24267,13897,65,2,1134.22
24268,13898,51,3,702.94
24269,13899,152,1,6669.53
24270,13899,216,3,71410.84
24271,13899,161,1,5416.92
24272,13900,82,1,5049.85
24273,13900,22,1,3622.48
24274,13901,84,3,22919.75
24275,13901,268,3,15814.2
24276,13901,130,2,36650.47
24277,13902,273,1,1293.81
24278,13903,268,3,13651.28
24279,13904,44,1,16959.52
24280,13904,66,1,1383.61
24281,13904,161,2,6214.64
24282,13905,268,1,14288.0
24283,13906,79,4,2453.35
24284,13906,149,1,4350.26
24285,13907,123,1,4100.01
24286,13908,21,3,21128.31
24287,13909,162,1,38730.96
24288,13909,203,1,5865.43
24289,13910,193,1,18016.39
24290,13911,202,3,27167.17
24291,13911,241,2,716.47
24292,13911,290,2,2594.82
24293,13912,288,1,1115.19
24294,13913,96,1,58620.69
24295,13914,41,2,8375.95
24296,13914,30,4,4650.95
24297,13915,235,1,34788.95
24298,13916,134,1,2908.65
24299,13917,149,1,4432.3
24300,13918,85,1,2536.99
24301,13918,78,1,3834.04
24302,13919,165,1,6932.93
24303,13920,76,1,2617.91
24304,13920,171,1,4390.3
24305,13921,227,1,2054.42
24306,13921,103,1,1936.06
24307,13921,171,1,3885.33
24308,13922,286,1,1622.72
24309,13923,231,1,13705.44
24310,13924,53,1,42753.39
24311,13925,96,1,57826.94
24312,13925,66,3,1370.98
24313,13926,160,4,2963.59
24314,13926,116,3,41834.32
24315,13927,85,3,2817.22
24316,13927,162,1,37473.36
24317,13927,169,1,6475.7
24318,13927,161,1,6251.4
24319,13928,125,1,1229.89
24320,13928,212,1,9507.58
24321,13928,71,2,5276.21
24322,13928,27,2,3584.12
24323,13929,19,1,9294.77
24324,13930,284,1,7013.9
24325,13931,82,2,4926.33
24326,13932,17,2,295.55
24327,13932,40,3,1655.5
24328,13933,192,1,13071.77
24329,13934,94,1,1645.27
24330,13934,158,2,59619.38
24331,13934,230,2,4245.77
24332,13935,75,2,41554.54
24333,13936,60,3,32750.45
24334,13937,114,4,4957.06
24335,13937,130,1,39398.32
24336,13938,148,2,42871.31
24337,13939,261,1,1632.5
24338,13939,17,2,264.63
24339,13939,247,2,5232.89
24340,13939,109,1,11758.76
24341,13940,261,1,1598.86
24342,13940,125,2,1119.42
24343,13941,40,2,1442.37
24344,13941,148,1,49068.51
24345,13942,237,1,4392.36
24346,13943,145,1,529.26
24347,13943,15,1,62414.54
24348,13944,293,1,1086.35
24349,13944,225,1,4827.96
24350,13945,265,1,8834.11
24351,13945,278,3,1792.05
24352,13945,211,1,4105.44
24353,13946,146,1,1022.98
24354,13946,294,1,1247.1
24355,13946,3,1,6765.4
24356,13947,99,1,17745.94
24357,13947,113,3,1847.2
24358,13947,91,1,4888.48
24359,13948,46,1,1637.41
24360,13948,140,1,10490.49
24361,13949,69,1,5829.95
24362,13950,205,3,8332.36
24363,13951,245,2,1195.86
24364,13952,212,2,9970.2
24365,13953,185,2,2847.12
24366,13954,196,3,303.9
24367,13955,105,2,9960.58
24368,13955,58,2,5889.27
24369,13956,91,3,4714.03
24370,13957,66,1,1547.94
24371,13958,168,2,6904.71
24372,13959,94,1,1495.54
24373,13959,144,1,5268.62
24374,13960,131,1,3542.69
24375,13961,193,1,18873.92
24376,13961,110,2,7476.22
24377,13962,196,1,318.48
24378,13962,201,1,6155.49
24379,13962,156,1,5331.83
24380,13963,201,1,6353.89
24381,13963,80,1,76081.2
24382,13964,96,1,57506.36
24383,13965,211,1,4349.02
24384,13965,224,1,3838.95
24385,13966,153,1,4541.68
24386,13966,111,1,6573.21
24387,13966,14,1,31049.28
24388,13966,11,1,1098.8
24389,13967,227,1,2168.05
24390,13967,196,1,297.57
24391,13968,127,1,37613.22
24392,13969,237,3,4917.82
24393,13969,170,1,41046.88
24394,13970,204,3,76012.31
24395,13970,135,3,2995.63
24396,13971,57,1,45979.55
24397,13971,229,1,44791.9
24398,13971,130,1,37899.81
24399,13971,230,1,4363.39
24400,13972,240,1,8113.89
24401,13973,125,1,1132.04
24402,13973,23,2,701.66
24403,13973,294,2,1144.66
24404,13973,284,1,6473.6
24405,13974,273,1,1473.89
24406,13974,13,1,905.02
24407,13975,121,1,68717.19
24408,13975,57,1,49666.76
24409,13976,198,3,9234.48
24410,13976,184,2,4865.79
24411,13977,240,1,8653.65
24412,13978,143,1,1790.03
24413,13979,187,1,1129.72
24414,13980,181,1,15105.37
24415,13981,259,1,28293.75
24416,13981,136,1,521.46
24417,13982,17,1,295.42
24418,13982,251,3,1150.75
24419,13982,69,2,6171.86
24420,13983,290,1,2372.09
24421,13984,289,1,4577.55
24422,13984,232,1,5532.91
24423,13985,102,2,2772.21
24424,13986,179,1,1206.01
24425,13986,282,3,1001.86
24426,13987,114,1,5349.1
24427,13988,71,2,4463.79
24428,13989,190,1,15906.34
24429,13990,279,1,804.78
24430,13990,239,1,7717.54
24431,13990,111,1,6649.39
24432,13990,237,1,4584.64
24433,13991,265,1,9324.2
24434,13991,3,4,7047.22
24435,13992,216,1,73926.77
24436,13992,210,1,14734.72
24437,13993,158,3,59505.67
24438,13994,61,1,4431.91
24439,13995,248,1,627.18
24440,13995,160,2,3057.32
24441,13995,272,1,37698.26
24442,13996,224,1,3756.89
24443,13996,88,2,59226.2
24444,13997,288,2,1139.29
24445,13998,111,1,5879.16
24446,13998,11,1,972.5
24447,13998,16,1,5865.58
24448,13999,99,3,18457.58
24449,14000,70,4,2498.71
24450,14000,19,2,9851.52
24451,14001,255,1,45411.8
24452,14002,232,1,5610.45
24453,14002,11,1,1116.78
24454,14002,52,1,1709.14
24455,14003,254,1,13825.01
24456,14003,38,1,1560.82
24457,14003,23,3,733.66
24458,14003,29,2,37188.59
24459,14004,239,1,7709.81
24460,14005,214,1,32165.2
24461,14005,159,2,44031.83
24462,14005,28,3,447.59
24463,14006,175,1,6181.17
24464,14006,135,2,2862.17
24465,14006,80,1,80905.5
24466,14007,49,1,13639.46
24467,14007,12,3,30231.95
24468,14008,190,1,16492.53
24469,14008,203,1,6012.31
24470,14009,44,1,18378.05
24471,14009,84,1,21981.68
24472,14010,70,1,2370.34
24473,14011,293,1,1181.99
24474,14012,258,1,5659.66
24475,14013,30,1,4904.43
24476,14014,6,3,36066.9
24477,14015,277,3,8117.38
24478,14016,11,1,974.96
24479,14016,67,1,5025.41
24480,14017,221,2,1348.93
24481,14018,50,1,42373.44
24482,14019,64,1,1618.97
24483,14020,210,2,14947.54
24484,14020,70,1,2541.47
24485,14021,191,1,52096.21
24486,14021,3,1,7147.28
24487,14021,288,1,1150.99
24488,14021,154,2,38161.97
24489,14022,167,4,25086.99
24490,14022,119,1,4820.93
24491,14023,159,3,40290.74
24492,14023,251,2,1002.75
24493,14023,294,1,1275.52
24494,14024,32,3,2862.46
24495,14024,145,2,516.82
24496,14024,300,1,1014.56
24497,14024,232,1,5662.03
24498,14025,17,1,274.38
24499,14025,275,1,1148.97
24500,14026,67,1,5553.25
24501,14026,46,2,1446.12
24502,14027,42,1,4489.92
24503,14027,70,1,2370.48
24504,14028,233,1,6287.15
24505,14029,76,1,2889.05
24506,14030,86,2,3722.41
24507,14031,167,1,24550.61
24508,14032,7,4,448.57
24509,14033,104,1,11979.85
24510,14034,160,2,2895.97
24511,14034,196,3,278.58
24512,14035,72,1,5874.25
24513,14036,59,4,6989.2
24514,14036,186,2,2799.46
24515,14037,78,1,4116.24
24516,14038,135,1,3061.46
24517,14039,285,1,345.83
24518,14040,26,2,2573.75
24519,14040,270,2,17577.07
24520,14041,271,1,15901.98
24521,14042,295,2,5212.25
24522,14042,69,1,5453.52
24523,14042,134,1,2911.91
24524,14042,3,1,7002.67
24525,14043,122,1,17914.1
24526,14043,175,2,6215.5
24527,14044,240,1,8715.95
24528,14044,249,2,42176.15
24529,14045,51,1,695.15
24530,14046,148,1,44810.16
24531,14046,7,1,439.11
24532,14046,255,1,47898.36
24533,14047,233,1,6517.73
24534,14048,23,2,711.48
24535,14048,271,3,16861.89
24536,14048,86,2,3866.37
24537,14049,252,2,7885.16
24538,14050,193,3,16697.77
24539,14050,197,3,1127.79
24540,14050,232,1,5314.35
24541,14051,73,1,463.29
24542,14051,24,1,20122.74
24543,14051,231,1,14409.11
24544,14051,184,3,5516.45
24545,14052,185,2,2621.25
24546,14053,231,1,15386.94
24547,14054,224,1,4295.55
24548,14054,38,1,1453.39
24549,14054,46,1,1582.73
24550,14055,45,1,598.55
24551,14055,109,1,13421.26
24552,14056,153,1,4538.53
24553,14057,207,1,15490.14
24554,14057,130,1,35282.02
24555,14058,15,2,70471.07
24556,14058,128,1,5961.63
24557,14058,160,1,2658.21
24558,14058,261,1,1439.53
24559,14059,80,1,78306.24
24560,14059,20,1,759.58
24561,14059,163,1,1922.66
24562,14060,221,3,1250.68
24563,14061,147,2,15631.48
24564,14061,246,1,367.36
24565,14062,84,3,20278.17
24566,14062,116,2,39995.75
24567,14063,291,1,7406.08
24568,14064,208,3,7700.33
24569,14065,258,1,5640.41
24570,14066,177,3,4991.91
24571,14067,76,1,2740.87
24572,14067,80,1,69507.92
24573,14068,67,1,4922.82
24574,14069,154,1,39274.91
24575,14069,108,1,37693.66
24576,14070,18,3,1590.86
24577,14070,107,1,5694.88
24578,14071,243,1,11177.9
24579,14072,171,1,4279.45
24580,14073,17,1,256.14
24581,14074,117,1,2011.55
24582,14074,88,1,63037.12
24583,14075,16,1,5434.29
24584,14076,123,1,4103.94
24585,14076,119,1,5588.52
24586,14077,150,1,1667.31
24587,14077,222,3,8822.67
24588,14078,160,1,2955.02
24589,14078,75,1,41910.97
24590,14079,182,2,45278.85
24591,14080,58,2,6526.74
24592,14080,276,1,50544.22
24593,14080,182,1,43825.52
24594,14080,144,2,5300.45
24595,14081,79,3,2592.72
24596,14082,196,2,311.64
24597,14083,37,1,45493.47
24598,14083,27,1,3641.52
24599,14084,184,2,4779.21
24600,14084,253,1,20408.95
24601,14084,263,3,1146.64
24602,14085,102,1,2798.46
24603,14085,183,3,7253.72
24604,14086,178,2,13824.26
24605,14086,97,3,5286.87
24606,14087,295,3,5282.28
24607,14087,49,1,11845.36
24608,14088,228,2,47420.89
24609,14088,265,1,9303.07
24610,14089,122,1,17716.68
24611,14089,171,1,4299.19
24612,14090,136,2,542.58
24613,14090,17,1,252.19
24614,14091,44,3,19030.12
24615,14092,88,3,63169.11
24616,14092,190,4,15708.12
24617,14093,237,1,5069.84
24618,14094,166,1,55192.28
24619,14095,204,2,75876.38
24620,14096,178,1,13027.61
24621,14096,202,2,25633.75
24622,14097,81,1,3715.62
24623,14097,51,1,696.31
24624,14098,214,3,32545.06
24625,14098,175,2,6669.91
24626,14099,90,1,16813.98
24627,14100,44,2,17376.46
24628,14101,135,1,3038.61
24629,14101,164,1,13122.84
24630,14102,45,1,575.64
24631,14103,288,3,1227.3
24632,14104,215,2,5525.43
24633,14104,214,3,33629.93
24634,14104,53,1,48141.83
24635,14105,230,1,4848.6
24636,14106,177,1,5243.86
24637,14107,202,1,25661.83
24638,14108,248,3,672.34
24639,14109,156,2,5693.55
24640,14110,177,1,5508.95
24641,14111,34,1,1977.59
24642,14112,182,1,47796.91
24643,14112,269,2,7434.6
24644,14112,264,1,1737.16
24645,14113,52,1,1613.0
24646,14113,300,1,1055.7
24647,14114,124,1,5282.58
24648,14115,59,1,6633.78
24649,14115,168,1,7037.75
24650,14115,143,2,1660.2
24651,14116,129,1,47898.18
24652,14116,109,1,13423.67
24653,14116,229,1,46774.8
24654,14117,21,3,23676.66
24655,14118,139,1,3292.7
24656,14119,111,1,6791.91
24657,14120,206,1,7311.21
24658,14120,210,1,16511.99
24659,14121,283,1,1192.3
24660,14121,256,1,1698.27
24661,14122,274,1,66279.47
24662,14122,247,2,4798.99
24663,14123,198,2,9724.23
24664,14123,7,1,422.98
24665,14124,258,2,5228.62
24666,14125,119,1,5057.32
24667,14126,110,2,6803.51
24668,14126,285,1,378.03
24669,14127,154,3,38067.85
24670,14128,167,2,22311.97
24671,14129,96,1,56905.25
24672,14130,295,1,5057.52
24673,14130,113,1,1895.91
24674,14131,104,1,11349.55
24675,14131,230,1,4829.41
24676,14132,120,1,3123.28
24677,14133,283,1,1234.25
24678,14134,137,2,1550.03
24679,14134,205,1,8517.1
24680,14135,256,3,1702.93
24681,14135,291,3,8086.6
24682,14136,88,2,57293.46
24683,14137,107,1,5675.57
24684,14137,132,1,18324.01
24685,14138,145,1,539.2
24686,14138,236,1,2098.28
24687,14139,295,1,5120.82
24688,14140,100,1,8014.46
24689,14140,3,1,7247.68
24690,14141,123,1,3857.24
24691,14142,30,2,5053.47
24692,14142,265,1,9624.98
24693,14143,232,1,5302.98
24694,14143,106,1,39917.86
24695,14143,131,2,3289.99
24696,14144,165,2,7295.51
24697,14145,221,2,1347.59
24698,14146,21,2,21466.9
24699,14146,115,1,1553.18
24700,14147,286,1,1760.9
24701,14147,121,1,62115.53
24702,14148,199,3,1803.84
24703,14149,77,1,1330.03
24704,14150,289,1,4102.58
24705,14151,190,1,16878.67
24706,14152,244,1,66728.83
24707,14152,299,2,1018.36
24708,14152,230,2,4571.43
24709,14152,58,1,6174.36
24710,14153,41,1,8648.56
24711,14153,90,1,15718.55
24712,14154,146,1,967.34
24713,14154,97,2,5838.75
24714,14155,5,1,76598.52
24715,14155,36,1,2880.56
24716,14155,169,4,6802.57
24717,14155,6,1,39800.6
24718,14156,288,1,1104.09
24719,14157,80,2,72383.74
24720,14157,116,3,42990.17
24721,14157,88,2,60800.93
24722,14158,105,1,9674.07
24723,14158,194,1,6541.3
24724,14158,86,2,3579.92
24725,14159,152,1,6407.39
24726,14160,173,2,26777.61
24727,14160,249,1,41123.58
24728,14160,272,1,42151.8
24729,14160,70,1,2284.16
24730,14161,177,3,4977.08
24731,14161,27,1,3631.13
24732,14162,227,3,2352.48
24733,14163,124,3,4860.62
24734,14164,111,2,6517.13
24735,14165,252,1,8396.5
24736,14165,112,3,5783.33
24737,14166,86,2,3990.42
24738,14167,72,1,5593.91
24739,14168,203,1,5372.33
24740,14168,30,1,5003.87
24741,14169,275,3,1197.43
24742,14169,251,3,1041.94
24743,14170,31,1,5303.02
24744,14171,219,2,1517.27
24745,14172,3,1,7317.7
24746,14172,40,1,1497.1
24747,14173,187,2,1019.6
24748,14174,162,2,43423.04
24749,14174,247,1,5214.37
24750,14175,188,1,70721.02
24751,14176,18,3,1455.79
24752,14177,260,1,19141.82
24753,14177,98,3,4821.43
24754,14177,43,1,1143.52
24755,14178,120,1,3272.18
24756,14179,34,1,1856.23
24757,14180,76,1,3094.67
24758,14181,78,3,3886.31
24759,14182,275,1,1058.35
24760,14183,72,2,5024.89
24761,14183,169,1,7127.69
24762,14183,45,1,544.01
24763,14184,38,1,1676.51
24764,14185,264,3,1678.42
24765,14185,117,2,1775.96
24766,14186,299,2,1116.82
24767,14187,68,2,47552.14
24768,14188,197,1,1056.23
24769,14188,6,2,35496.69
24770,14189,228,1,45800.09
24771,14189,259,3,26443.41
24772,14190,158,1,59822.57
24773,14191,213,1,5351.2
24774,14192,188,1,70736.46
24775,14193,151,1,2473.57
24776,14193,256,1,1770.01
24777,14193,232,1,5581.25
24778,14194,266,1,3655.13
24779,14194,74,1,18465.57
24780,14195,98,1,4460.23
24781,14195,30,1,5291.19
24782,14195,240,1,9111.75
24783,14196,120,1,3539.54
24784,14197,5,1,77605.06
24785,14198,295,3,5087.46
24786,14198,37,1,43924.76
24787,14199,284,1,6818.9
24788,14199,88,2,56970.63
24789,14199,187,1,1075.4
24790,14200,148,2,43692.41
24791,14200,146,1,1046.83
24792,14201,70,1,2520.89
24793,14202,132,2,16294.61
24794,14203,262,1,5813.71
24795,14203,98,1,4807.14
24796,14203,163,1,1959.61
24797,14204,271,2,17522.08
24798,14204,125,4,1241.07
24799,14205,297,1,4310.15
24800,14205,239,1,7535.8
24801,14205,182,2,47632.06
24802,14205,212,1,9848.39
24803,14206,229,1,46458.33
24804,14206,227,1,2159.11
24805,14207,79,1,2561.96
24806,14208,98,1,4319.61
24807,14209,280,4,28866.38
24808,14210,95,2,2241.92
24809,14211,217,1,3448.76
24810,14211,91,2,4788.97
24811,14212,106,1,35670.44
24812,14213,238,1,1515.66
24813,14214,193,1,18446.48
24814,14215,115,1,1618.46
24815,14215,187,1,1144.62
24816,14215,37,4,42596.27
24817,14216,91,2,5021.59
24818,14216,151,2,2478.6
24819,14217,252,1,7698.71
24820,14218,64,1,1591.88
24821,14218,124,2,5048.17
24822,14219,174,1,7095.75
24823,14219,76,1,3008.53
24824,14219,158,2,60845.07
24825,14220,210,3,15782.78
24826,14220,82,1,4702.65
24827,14221,69,1,5279.39
24828,14222,278,3,1591.97
24829,14223,214,1,28469.19
24830,14223,133,2,5017.56
24831,14224,97,3,5196.2
24832,14225,160,1,2892.86
24833,14226,255,2,50395.76
24834,14227,215,3,5793.6
24835,14228,157,1,4360.57
24836,14229,192,4,13446.01
24837,14230,43,4,1200.22
24838,14231,12,1,30488.28
24839,14231,215,1,5524.34
24840,14232,148,1,47456.9
24841,14232,271,2,16798.78
24842,14232,271,3,18438.23
24843,14232,293,4,1251.29
24844,14233,267,1,2949.01
24845,14234,181,2,14253.63
24846,14234,39,4,7797.1
24847,14235,194,1,7092.47
24848,14236,90,1,16291.2
24849,14236,257,1,4007.24
24850,14237,83,2,5967.9
24851,14238,266,1,3510.14
24852,14238,275,1,1044.02
24853,14238,143,3,1767.48
24854,14239,291,1,7389.6
24855,14240,118,1,5995.72
24856,14241,132,4,15765.07
24857,14241,276,1,47507.19
24858,14242,209,2,2303.08
24859,14242,56,1,9916.4
24860,14243,51,1,686.46
24861,14244,156,1,6060.62
24862,14245,198,1,9550.51
24863,14245,170,2,39485.91
24864,14246,15,1,62429.63
24865,14246,48,1,882.71
24866,14246,24,3,18991.59
24867,14246,236,1,1983.21
24868,14247,119,1,5472.78
24869,14247,113,1,1664.76
24870,14248,258,3,5023.76
24871,14249,292,2,1083.67
24872,14249,4,1,5088.51
24873,14249,266,1,3868.07
24874,14250,100,1,8110.26
24875,14250,231,4,14752.62
24876,14251,191,2,50556.66
24877,14251,42,2,4534.54
24878,14252,92,1,56743.4
24879,14253,118,1,5893.9
24880,14254,3,1,7799.58
24881,14255,115,1,1484.77
24882,14255,160,1,3030.69
24883,14256,182,1,42995.58
24884,14257,37,1,42822.2
24885,14257,214,1,31258.76
24886,14258,95,1,2176.54
24887,14259,155,2,5478.98
24888,14259,270,1,15064.34
24889,14259,150,1,1706.61
24890,14260,179,1,1347.84
24891,14261,271,2,16275.96
24892,14261,220,1,673.86
24893,14261,114,2,5350.03
24894,14261,48,1,903.34
24895,14262,129,3,51561.16
24896,14262,225,1,4734.75
24897,14263,125,2,1248.32
24898,14263,51,1,785.15
24899,14264,15,1,63541.47
24900,14265,263,1,1140.89
24901,14266,70,1,2455.46
24902,14266,207,2,16348.14
24903,14266,252,4,7261.09
24904,14267,202,1,26456.54
24905,14267,13,1,926.45
24906,14267,67,1,5047.44
24907,14268,30,1,4593.91
24908,14268,130,1,36640.48
24909,14269,259,1,28753.69
24910,14270,12,2,29554.02
24911,14270,130,1,38459.38
24912,14271,104,1,11216.51
24913,14271,175,1,6469.87
24914,14272,7,3,435.5
24915,14272,189,1,17958.16
24916,14273,2,1,2100.44
24917,14274,125,1,1177.71
24918,14274,55,1,670.94
24919,14275,104,1,12355.67
24920,14275,204,1,79864.43
24921,14276,256,4,1714.23
24922,14276,71,1,5010.21
24923,14276,113,1,1731.86
24924,14277,271,1,16596.53
24925,14277,292,1,1044.58
24926,14277,166,1,58230.52
24927,14278,153,2,5272.5
24928,14279,135,1,2985.45
24929,14279,283,2,1277.07
24930,14280,128,2,5707.12
24931,14280,117,2,1944.27
24932,14281,135,4,3096.22
24933,14281,258,1,5172.75
24934,14282,64,1,1611.15
24935,14283,3,1,6555.84
24936,14283,126,1,970.56
24937,14284,149,1,4624.04
24938,14285,5,1,79356.01
24939,14286,166,2,51698.7
24940,14287,125,1,1123.2
24941,14287,191,1,50089.49
24942,14288,115,1,1371.73
24943,14289,7,1,462.25
24944,14289,13,4,937.41
24945,14290,174,2,6947.19
24946,14290,183,1,7482.53
24947,14290,72,1,5153.47
24948,14291,236,1,1970.46
24949,14291,132,1,16729.22
24950,14292,58,1,5952.04
24951,14292,129,1,51308.86
24952,14292,139,1,3593.4
24953,14293,32,1,2929.13
24954,14294,274,2,71740.71
24955,14295,112,1,6027.07
24956,14296,270,1,16907.48
24957,14296,86,2,3474.26
24958,14296,78,2,4371.03
24959,14297,55,1,613.65
24960,14297,67,3,5086.65
24961,14298,205,1,8183.64
24962,14299,66,1,1478.29
24963,14299,22,2,4003.93
24964,14299,177,1,5404.32
24965,14300,212,1,8503.98
24966,14300,252,1,8239.63
24967,14301,152,1,6302.96
24968,14301,74,1,19828.9
24969,14301,272,2,44215.1
24970,14302,193,1,17646.57
24971,14303,291,3,8174.01
24972,14303,213,1,5634.62
24973,14303,111,1,6333.64
24974,14304,41,2,8790.37
24975,14305,192,1,13472.76
24976,14306,27,2,3649.82
24977,14307,249,1,41872.78
24978,14307,27,1,3086.52
24979,14308,82,1,5028.55
24980,14308,136,1,521.61
24981,14309,283,1,1322.63
24982,14310,78,4,4252.73
24983,14311,108,1,39002.44
24984,14312,108,3,36988.1
24985,14313,39,1,7446.21
24986,14313,293,1,1117.21
24987,14313,142,3,13879.72
24988,14313,98,1,4199.64
24989,14314,221,1,1294.57
24990,14314,99,1,16232.43
24991,14314,299,1,1043.03
24992,14315,223,1,4997.05
24993,14316,35,1,40617.57
24994,14316,283,3,1267.43
24995,14316,66,1,1445.74
24996,14317,194,1,6527.01
24997,14317,15,2,66828.95
24998,14318,231,3,16165.74
24999,14319,258,2,5256.99
25000,14319,69,3,5300.72
25001,14320,72,1,5589.05
25002,14321,57,3,46371.19
25003,14322,40,2,1486.8
25004,14322,300,1,1003.0
25005,14323,169,1,6958.92
25006,14323,290,2,2663.47
25007,14323,26,1,2506.68
25008,14324,104,1,12305.19
25009,14325,229,1,44873.62
25010,14325,242,1,7474.28
25011,14326,188,1,73558.57
25012,14326,85,1,2572.11
25013,14326,58,3,6015.64
25014,14327,17,1,275.2
25015,14327,266,1,3634.23
25016,14327,209,1,2220.38
25017,14328,191,2,45647.08
25018,14329,162,1,38410.22
25019,14330,168,1,7084.85
25020,14331,16,1,5723.79
25021,14332,73,1,448.87
25022,14332,128,1,5832.41
25023,14332,122,4,19195.86
25024,14333,176,1,63169.61
25025,14334,112,1,6028.45
25026,14334,119,1,5323.0
25027,14334,60,3,31753.54
25028,14335,14,2,33093.24
25029,14336,245,2,1197.07
25030,14337,282,3,1037.61
25031,14338,230,2,4765.94
25032,14338,279,1,830.33
25033,14339,185,2,2590.96
25034,14340,267,1,2888.58
25035,14340,127,2,36996.1
25036,14340,210,1,16125.48
25037,14340,93,1,4520.44
25038,14341,272,1,40276.09
25039,14342,223,2,5832.76
25040,14342,257,2,4247.02
25041,14342,7,1,425.54
25042,14343,164,2,13313.41
25043,14344,179,2,1285.05
25044,14344,154,2,42048.9
25045,14345,135,1,2708.7
25046,14346,186,1,2865.91
25047,14346,67,1,5437.8
25048,14347,86,2,3461.68
25049,14347,300,1,932.98
25050,14348,36,1,2769.11
25051,14349,268,1,15355.04
25052,14350,279,1,910.25
25053,14351,151,1,2808.33
25054,14351,148,1,45329.31
25055,14352,259,1,25758.84
25056,14352,26,1,2571.77
25057,14352,235,1,32426.15
25058,14353,284,1,6875.54
25059,14354,100,1,7139.78
25060,14355,243,2,11777.53
25061,14356,148,1,49201.01
25062,14356,194,1,7005.03
25063,14357,297,1,4575.02
25064,14358,298,1,209.24
25065,14358,121,1,65340.14
25066,14359,247,2,5148.84
25067,14359,87,1,39852.16
25068,14360,24,1,17961.44
25069,14360,213,1,5602.19
25070,14361,217,1,3682.61
25071,14361,131,1,3657.74
25072,14362,36,3,2704.07
25073,14363,11,1,958.11
25074,14363,233,1,6305.25
25075,14363,37,1,40672.84
25076,14363,81,4,4012.36
25077,14364,84,2,22174.15
25078,14365,105,1,10507.49
25079,14365,47,1,5383.52
25080,14365,250,1,4369.33
25081,14366,146,1,1127.66
25082,14366,40,1,1569.55
25083,14367,216,1,65892.28
25084,14367,284,1,6281.69
25085,14368,53,1,46342.18
25086,14368,39,1,7014.45
25087,14368,294,1,1209.08
25088,14369,8,1,2785.62
25089,14369,175,1,5933.13
25090,14369,8,1,3074.75
25091,14369,26,1,2717.3
25092,14370,243,1,12075.06
25093,14371,52,1,1598.78
25094,14371,144,2,4628.0
25095,14372,185,2,2865.97
25096,14373,153,1,4703.61
25097,14374,153,1,4870.13
25098,14374,251,2,1016.4
25099,14374,165,1,7482.83
25100,14375,154,1,41806.25
25101,14375,241,3,721.34
25102,14375,288,2,1251.58
25103,14375,34,1,1938.99
25104,14376,2,1,2057.82
25105,14376,33,4,1120.87
25106,14377,49,1,12401.57
25107,14378,16,1,5445.35
25108,14378,237,1,4807.22
25109,14379,144,1,4943.03
25110,14379,275,2,1099.29
25111,14379,96,2,54083.54
25112,14379,212,2,9127.44
25113,14380,141,3,4286.86
25114,14380,90,2,17996.29
25115,14380,237,1,5048.29
25116,14381,253,1,19165.21
25117,14381,52,1,1706.23
25118,14381,67,1,5199.08
25119,14382,223,1,5222.0
25120,14382,132,2,18262.27
25121,14383,162,1,38477.03
25122,14384,236,2,2149.3
25123,14385,224,1,4354.37
25124,14386,122,1,17454.86
25125,14387,190,1,16749.17
25126,14388,248,1,650.3
25127,14388,42,1,4442.83
25128,14389,182,1,45561.25
25129,14389,133,2,5162.79
25130,14389,259,2,26470.52
25131,14390,86,2,3834.09
25132,14390,71,1,4688.43
25133,14391,227,1,2127.7
25134,14392,191,1,49025.31
25135,14393,58,3,6253.37
25136,14393,199,1,1639.36
25137,14393,81,2,3822.54
25138,14393,125,3,1296.01
25139,14394,299,1,1073.93
25140,14394,130,1,35669.81
25141,14394,278,2,1640.43
25142,14394,276,1,50289.36
25143,14395,197,3,1076.25
25144,14395,67,1,5095.01
25145,14395,194,3,7134.85
25146,14395,29,1,39067.68
25147,14396,209,4,2095.12
25148,14396,155,1,5284.53
25149,14396,298,1,225.35
25150,14397,265,1,9365.32
25151,14398,43,1,1085.0
25152,14398,293,2,1088.6
25153,14399,188,2,74372.28
25154,14400,270,2,16995.75
25155,14401,261,2,1406.47
25156,14402,232,1,5629.45
25157,14402,214,3,32165.43
25158,14402,33,1,1153.39
25159,14403,53,1,50076.06
25160,14404,187,1,1152.45
25161,14405,299,1,1086.68
25162,14405,196,1,289.62
25163,14405,202,2,27111.88
25164,14406,149,1,4402.19
25165,14407,143,1,1567.9
25166,14407,253,2,21602.53
25167,14408,180,1,17173.33
25168,14408,295,1,4813.9
25169,14409,294,1,1272.65
25170,14410,292,1,995.23
25171,14411,83,2,6058.35
25172,14412,7,2,398.27
25173,14412,253,1,19643.73
25174,14413,11,2,1107.73
25175,14413,198,1,8529.0
25176,14414,17,1,275.65
25177,14415,287,1,1235.65
25178,14415,94,4,1647.97
25179,14416,289,1,4536.8
25180,14417,224,3,4178.13
25181,14417,17,1,269.41
25182,14418,173,1,28858.38
25183,14418,9,2,8704.4
25184,14419,146,2,971.78
25185,14419,215,3,5135.51
25186,14419,221,2,1367.78
25187,14420,163,2,1950.59
25188,14421,78,1,4351.57
25189,14421,157,1,4834.84
25190,14422,298,1,231.85
25191,14423,162,1,43778.09
25192,14424,75,2,36053.83
25193,14425,238,1,1569.78
25194,14426,112,1,5649.05
25195,14427,265,3,8770.35
25196,14427,256,1,1671.41
25197,14427,7,2,450.87
25198,14428,237,2,4782.87
25199,14429,234,1,13844.23
25200,14429,46,1,1693.07
25201,14429,40,1,1562.54
25202,14429,19,1,9454.86
25203,14430,103,1,1937.37
25204,14431,197,1,971.15
25205,14431,290,2,2588.09
25206,14432,209,1,2072.5
25207,14433,182,1,47867.89
25208,14433,268,1,14946.9
25209,14433,19,1,10345.45
25210,14434,9,2,8029.02
25211,14435,24,3,17827.21
25212,14436,261,1,1444.16
25213,14437,94,2,1666.06
25214,14437,102,2,3003.75
25215,14438,137,1,1747.29
25216,14438,109,1,12470.88
25217,14438,290,1,2590.43
25218,14439,194,1,6267.66
25219,14439,212,2,9477.64
25220,14440,258,1,5774.99
25221,14440,193,1,16986.53
25222,14441,124,1,4969.49
25223,14441,147,1,16055.28
25224,14441,3,1,7582.48
25225,14442,100,2,7842.09
25226,14442,195,1,2782.35
25227,14443,78,1,4145.59
25228,14444,167,3,21892.69
25229,14445,144,1,5128.59
25230,14445,292,1,1077.7
25231,14446,293,2,1060.19
25232,14446,159,1,43043.62
25233,14446,88,2,62321.89
25234,14447,190,1,15591.87
25235,14447,279,1,809.1
25236,14448,263,1,1117.04
25237,14449,121,3,61871.28
25238,14450,82,2,4882.79
25239,14451,181,2,15157.39
25240,14451,5,1,75468.69
25241,14451,123,1,3919.52
25242,14452,225,1,5057.79
25243,14453,162,1,40722.23
25244,14453,205,4,9278.36
25245,14453,165,1,7554.34
25246,14454,265,1,9620.91
25247,14455,191,2,48523.24
25248,14455,70,4,2325.94
25249,14456,264,2,1644.0
25250,14456,129,1,49829.63
25251,14457,25,1,2390.17
25252,14457,15,2,63992.47
25253,14457,185,4,2519.89
25254,14458,214,1,30662.57
25255,14458,68,1,51852.68
25256,14459,58,2,6774.91
25257,14459,109,1,11753.85
25258,14460,167,2,22262.31
25259,14461,3,1,6701.76
25260,14462,152,2,7017.77
25261,14462,28,3,413.89
25262,14463,123,1,4264.51
25263,14464,123,3,3855.5
25264,14464,15,1,70952.3
25265,14465,11,1,1099.28
25266,14465,182,1,49312.75
25267,14466,108,1,37403.77
25268,14467,154,2,35850.42
25269,14468,55,1,686.14
25270,14469,73,1,447.81
25271,14470,97,3,6036.79
25272,14471,199,1,1701.24
25273,14472,128,1,5462.65
25274,14473,292,1,921.17
25275,14474,266,1,3741.28
25276,14475,280,2,29480.66
25277,14476,40,3,1688.43
25278,14476,267,1,3108.42
25279,14476,6,2,39360.97
25280,14476,226,1,6493.46
25281,14477,158,1,60794.89
25282,14477,241,1,747.62
25283,14478,139,1,3283.3
25284,14479,214,3,33085.62
25285,14479,99,1,18756.13
25286,14480,123,1,3601.36
25287,14480,276,1,48363.56
25288,14481,57,1,44550.72
25289,14481,184,2,4883.51
25290,14482,228,1,46095.58
25291,14482,61,2,4287.49
25292,14483,185,3,2531.27
25293,14483,161,1,6128.01
25294,14483,243,1,12101.06
25295,14484,197,1,971.17
25296,14484,287,1,1109.18
25297,14484,163,1,1823.42
25298,14485,119,2,5132.41
25299,14486,174,1,7527.76
25300,14486,272,1,38368.07
25301,14487,4,1,5032.72
25302,14488,21,2,23874.7
25303,14489,47,2,5639.87
25304,14489,77,1,1269.37
25305,14489,179,1,1404.77
25306,14490,141,2,3942.09
25307,14490,173,1,26986.96
25308,14490,282,2,960.19
25309,14490,5,1,74410.87
25310,14491,292,1,959.27
25311,14491,91,3,4574.78
25312,14492,154,1,37017.67
25313,14493,50,1,42072.02
25314,14494,175,2,6766.71
25315,14495,72,1,5949.7
25316,14495,135,1,2937.92
25317,14496,65,1,1076.39
25318,14497,268,2,15658.8
25319,14497,185,1,2833.38
25320,14498,257,1,3917.62
25321,14498,277,2,8422.04
25322,14498,76,1,2664.47
25323,14498,144,1,4735.39
25324,14499,21,2,24452.77
25325,14500,294,1,1246.43
25326,14500,22,1,3794.47
25327,14500,47,1,5480.57
25328,14500,271,4,15785.47
25329,14501,119,1,5686.94
25330,14502,219,1,1497.51
25331,14503,191,3,50459.12
25332,14504,52,1,1648.15
25333,14505,196,2,306.8
25334,14505,211,2,4111.02
25335,14506,36,2,2512.12
25336,14506,123,2,3934.74
25337,14507,33,1,1265.84
25338,14507,176,1,57144.74
25339,14508,28,1,403.39
25340,14509,180,1,17354.09
25341,14509,221,1,1340.24
25342,14510,205,1,8374.57
25343,14510,22,1,3611.58
25344,14511,85,1,2683.08
25345,14512,269,1,6641.39
25346,14513,278,2,1561.17
25347,14513,35,2,46114.5
25348,14514,264,1,1782.21
25349,14514,31,1,5320.01
25350,14514,4,1,5188.65
25351,14515,39,1,6652.28
25352,14515,206,1,7230.09
25353,14515,300,2,971.85
25354,14516,163,3,1869.43
25355,14516,62,1,13559.68
25356,14516,153,1,4618.82
25357,14516,135,1,2718.45
25358,14517,34,1,1828.74
25359,14518,109,1,13662.38
25360,14518,162,2,37828.24
25361,14519,226,1,5801.16
25362,14520,222,2,8817.5
25363,14521,52,2,1562.73
25364,14522,5,2,82657.53
25365,14522,285,2,376.69
25366,14523,128,1,6020.07
25367,14523,108,1,35244.44
25368,14524,187,1,1116.57
25369,14524,74,1,17431.21
25370,14525,45,3,602.35
25371,14525,171,3,4402.93
25372,14526,297,1,3928.92
25373,14527,122,2,18760.72
25374,14528,207,4,14692.49
25375,14529,133,3,5010.77
25376,14530,206,1,7205.67
25377,14531,216,1,71751.22
25378,14531,136,1,494.93
25379,14531,140,1,9349.44
25380,14531,26,1,2361.34
25381,14532,240,1,9033.54
25382,14532,271,2,15975.26
25383,14532,4,1,5750.77
25384,14533,17,3,278.77
25385,14533,196,2,279.46
25386,14533,234,1,14867.49
25387,14534,162,4,43484.79
25388,14535,51,1,772.75
25389,14535,210,2,14423.81
25390,14536,216,2,65409.89
25391,14536,159,1,46321.22
25392,14536,147,3,15710.18
25393,14537,157,2,4554.56
25394,14538,137,2,1819.12
25395,14539,247,3,4978.02
25396,14540,300,1,1084.02
25397,14540,215,2,5257.16
25398,14540,300,1,933.91
25399,14541,264,2,1566.26
25400,14541,17,2,276.1
25401,14542,126,1,906.08
25402,14542,269,2,7200.92
25403,14542,130,1,40624.23
25404,14542,2,1,2001.56
25405,14543,24,2,18485.84
25406,14544,181,1,14169.16
25407,14545,262,1,5945.49
25408,14545,247,1,5015.56
25409,14546,268,1,13777.21
25410,14547,97,4,5306.62
25411,14547,281,2,5955.49
25412,14547,211,1,3940.54
25413,14547,61,4,4309.5
25414,14548,182,3,47586.57
25415,14548,5,2,76364.96
25416,14549,138,2,62369.85
25417,14549,73,1,440.1
25418,14550,256,1,1787.39
25419,14551,45,1,601.87
25420,14551,206,2,7734.07
25421,14552,157,2,4830.52
25422,14552,239,1,7561.41
25423,14552,79,1,2685.97
25424,14552,23,3,691.24
25425,14553,200,1,973.45
25426,14553,63,1,1798.82
25427,14553,219,2,1452.44
25428,14554,180,2,16907.88
25429,14554,131,1,3185.31
25430,14555,248,4,668.86
25431,14555,63,1,1769.28
25432,14556,232,1,6067.38
25433,14556,198,1,9068.45
25434,14557,141,1,4399.91
25435,14558,160,1,3069.5
25436,14558,247,1,4914.21
25437,14558,119,1,5041.75
25438,14559,266,1,3288.01
25439,14560,296,1,2632.82
25440,14561,178,1,12851.59
25441,14561,141,1,4052.89
25442,14561,45,2,546.83
25443,14562,120,1,3128.27
25444,14562,182,1,46877.37
25445,14563,96,1,57136.63
25446,14563,95,1,2447.64
25447,14564,18,1,1352.94
25448,14565,108,2,37134.07
25449,14565,99,2,16448.59
25450,14565,269,1,7516.7
25451,14566,22,1,3589.9
25452,14566,296,1,2506.96
25453,14567,183,2,7204.3
25454,14567,213,1,4983.7
25455,14568,204,1,78576.19
25456,14569,95,2,2290.1
25457,14570,221,2,1299.36
25458,14571,84,1,20214.4
25459,14572,85,1,2583.49
25460,14573,13,2,821.39
25461,14573,285,1,359.73
25462,14573,18,1,1464.12
25463,14574,125,4,1124.04
25464,14575,23,1,683.46
25465,14576,291,1,8255.37
25466,14576,203,2,5430.7
25467,14576,174,1,6787.11
25468,14577,58,3,6130.13
25469,14577,273,1,1406.73
25470,14578,25,2,2228.46
25471,14578,129,1,44489.76
25472,14579,298,1,211.96
25473,14579,112,3,5888.28
25474,14580,215,1,5847.03
25475,14581,14,1,30888.88
25476,14581,181,1,14594.61
25477,14582,199,3,1781.28
25478,14582,165,4,7334.86
25479,14582,171,3,4541.0
25480,14583,288,2,1143.21
25481,14584,220,1,570.93
25482,14584,185,1,2594.79
25483,14584,32,3,2925.04
25484,14585,11,1,1037.38
25485,14585,2,1,2029.18
25486,14586,177,1,5489.75
25487,14587,168,1,7260.57
25488,14588,130,2,36007.83
25489,14589,209,1,2046.25
25490,14589,300,2,1056.73
25491,14589,82,2,4853.75
25492,14589,146,2,1102.91
25493,14590,13,2,929.6
25494,14590,235,3,31149.0
25495,14590,7,1,412.07
25496,14590,246,1,398.93
25497,14591,228,1,48588.16
25498,14592,16,1,5657.93
25499,14593,299,1,1017.86
25500,14593,290,1,2605.91
25501,14593,111,1,6718.65
25502,14594,156,1,5509.58
25503,14594,235,2,36633.98
25504,14595,249,2,41698.18
25505,14595,6,2,40426.54
25506,14596,193,1,18340.58
25507,14597,47,2,5170.91
25508,14598,136,1,491.35
25509,14599,283,1,1246.37
25510,14599,83,1,6601.5
25511,14600,151,2,2789.37
25512,14600,57,1,45515.41
25513,14600,290,1,2708.64
25514,14601,214,1,32277.77
25515,14601,60,1,30042.79
25516,14602,24,3,17980.98
25517,14603,230,3,4708.68
25518,14604,74,1,20063.45
25519,14604,238,3,1585.58
25520,14604,158,1,62868.35
25521,14605,267,1,3179.2
25522,14605,66,1,1410.39
25523,14606,88,1,56643.33
25524,14607,165,1,7060.77
25525,14608,273,1,1473.11
25526,14608,109,1,12138.64
25527,14609,184,3,5392.8
25528,14610,81,1,3817.3
25529,14611,201,1,5917.13
25530,14611,215,1,5521.57
25531,14612,28,1,387.5
25532,14612,73,1,418.81
25533,14613,152,1,7067.29
25534,14614,60,1,34317.89
25535,14615,65,1,1187.35
25536,14616,51,1,728.48
25537,14617,204,1,70408.27
25538,14618,61,1,4312.42
25539,14618,296,2,2318.7
25540,14619,4,2,5299.16
25541,14620,92,1,55882.79
25542,14620,215,2,5020.87
25543,14621,138,1,68185.83
25544,14621,170,1,44874.1
25545,14622,17,2,280.62
25546,14622,15,2,68245.5
25547,14622,55,1,661.94
25548,14622,145,1,579.91
25549,14623,155,1,5483.39
25550,14623,251,1,1040.12
25551,14624,36,2,2818.26
25552,14624,144,2,5037.43
25553,14624,109,2,13444.55
25554,14625,300,3,1036.92
25555,14625,283,3,1223.25
25556,14625,31,3,5523.67
25557,14626,199,2,1760.97
25558,14627,185,1,2531.49
25559,14628,1,2,471.36
25560,14629,158,3,58754.2
25561,14629,210,1,16393.08
25562,14630,176,1,64538.52
25563,14631,196,1,275.51
25564,14632,156,1,5826.56
25565,14633,280,1,27850.26
25566,14634,169,1,6513.79
25567,14635,217,1,3343.91
25568,14635,273,2,1502.33
25569,14635,162,2,40688.67
25570,14636,110,1,7067.77
25571,14637,205,1,8188.3
25572,14638,198,1,9637.23
25573,14638,233,1,5991.56
25574,14638,67,1,4882.97
25575,14639,6,1,35862.79
25576,14639,107,2,5637.24
25577,14639,232,1,5703.25
25578,14640,162,2,38018.36
25579,14640,23,1,765.22
25580,14640,213,1,5333.74
25581,14641,177,1,4813.6
25582,14641,275,1,1076.69
25583,14641,119,1,5598.87
25584,14642,212,1,9897.15
25585,14643,261,2,1535.19
25586,14644,207,1,16677.5
25587,14644,275,2,1090.49
25588,14644,129,2,48784.46
25589,14645,8,1,3140.8
25590,14646,72,1,5875.99
25591,14647,46,1,1627.87
25592,14647,214,3,31021.89
25593,14648,197,1,1081.75
25594,14649,113,2,1634.97
25595,14650,142,1,12583.29
25596,14650,263,1,1115.85
25597,14651,103,1,1807.76
25598,14652,259,1,26736.61
25599,14653,53,1,46830.13
25600,14653,24,1,19724.31
25601,14654,77,1,1353.34
25602,14655,12,3,33045.02
25603,14655,19,1,9707.28
25604,14655,139,3,3268.49
25605,14656,123,1,4031.4
25606,14657,68,2,51788.8
25607,14658,49,1,13153.01
25608,14658,72,1,5448.56
25609,14658,223,1,5164.89
25610,14659,124,2,5330.24
25611,14660,175,1,6112.27
25612,14660,235,1,32676.05
25613,14660,233,1,6736.53
25614,14661,50,2,44016.75
25615,14661,181,1,14002.5
25616,14661,286,1,1824.79
25617,14662,141,1,4032.14
25618,14663,182,1,42762.12
25619,14663,264,1,1785.98
25620,14664,230,2,4254.28
25621,14665,109,1,13665.41
25622,14665,48,1,866.0
25623,14665,204,3,80445.26
25624,14666,46,1,1614.92
25625,14666,112,1,5943.26
25626,14666,95,1,2513.69
25627,14666,41,2,8023.73
25628,14667,269,1,7262.98
25629,14668,254,1,12789.08
25630,14668,252,1,7301.54
25631,14668,100,1,7733.94
25632,14668,80,1,80099.65
25633,14669,149,1,4221.77
25634,14670,125,2,1269.65
25635,14670,112,1,5748.89
25636,14671,150,1,1684.3
25637,14672,205,1,9291.11
25638,14673,98,1,4458.69
25639,14674,228,1,44768.89
25640,14675,286,1,1762.17
25641,14676,185,2,2667.77
25642,14676,204,1,77330.8
25643,14677,173,1,29387.02
25644,14677,130,1,40727.98
25645,14677,10,3,65106.46
25646,14678,3,3,7425.38
25647,14678,135,3,2973.5
25648,14678,18,1,1597.82
25649,14679,80,1,81784.28
25650,14680,165,1,7317.15
25651,14681,11,3,954.48
25652,14681,227,1,2180.36
25653,14681,160,2,2653.34
25654,14682,185,1,2871.5
25655,14682,52,1,1583.76
25656,14683,244,1,70218.22
25657,14684,176,1,58103.08
25658,14685,233,1,6681.15
25659,14685,27,1,3449.42
25660,14685,242,1,7606.83
25661,14686,160,4,3108.23
25662,14687,183,1,6934.91
25663,14688,8,1,2880.93
25664,14688,259,1,30077.53
25665,14688,9,3,9333.54
25666,14689,102,1,2913.83
25667,14689,86,4,3417.52
25668,14690,47,1,4905.96
25669,14690,263,1,1137.91
25670,14690,241,1,673.87
25671,14691,176,1,67056.85
25672,14692,90,1,16974.96
25673,14692,246,1,382.18
25674,14692,70,2,2596.34
25675,14692,101,1,438.65
25676,14693,167,4,24308.93
25677,14693,176,2,59211.68
25678,14693,169,3,6770.45
25679,14694,52,1,1546.3
25680,14694,23,1,694.86
25681,14695,135,2,2679.51
25682,14695,188,1,77582.41
25683,14695,12,2,32921.19
25684,14695,69,1,5647.64
25685,14696,147,1,15326.72
25686,14697,40,1,1529.36
25687,14697,273,1,1334.84
25688,14698,290,1,2568.79
25689,14698,165,1,7386.1
25690,14699,88,1,62891.67
25691,14699,269,3,7170.95
25692,14700,124,2,4840.97
25693,14700,167,3,22627.7
25694,14701,43,1,1123.54
25695,14701,92,1,58534.09
25696,14701,285,1,366.88
25697,14702,180,1,16318.92
25698,14703,5,1,72247.71
25699,14703,132,3,16472.25
25700,14704,3,2,6632.21
25701,14705,144,3,4751.16
25702,14705,122,1,20374.8
25703,14706,169,1,6744.22
25704,14706,37,2,44555.68
25705,14707,69,2,6125.46
25706,14707,59,1,6423.21
25707,14707,250,1,3715.28
25708,14707,87,1,41685.86
25709,14708,206,2,7630.04
25710,14708,141,3,4361.88
25711,14708,104,2,10907.26
25712,14708,267,1,3014.24
25713,14709,168,2,6402.1
25714,14709,127,2,35992.64
25715,14710,10,1,73145.86
25716,14711,237,2,4605.5
25717,14711,173,3,28722.0
25718,14712,289,1,4589.81
25719,14712,242,1,7144.71
25720,14713,254,1,13966.79
25721,14714,232,1,6054.76
25722,14715,256,1,1810.66
25723,14715,233,1,6063.14
25724,14715,240,1,8004.74
25725,14716,208,1,6836.25
25726,14717,35,2,45980.6
25727,14717,76,1,2862.03
25728,14717,52,1,1624.27
25729,14718,300,2,933.27
25730,14719,83,3,6110.72
25731,14719,85,1,2549.91
25732,14719,203,1,5605.27
25733,14719,31,1,5515.04
25734,14720,126,1,1056.76
25735,14720,181,1,15369.96
25736,14721,151,4,2713.82
25737,14721,2,1,1838.77
25738,14722,244,1,65790.63
25739,14722,145,1,531.21
25740,14723,10,1,67428.55
25741,14723,17,1,275.99
25742,14724,260,1,21334.44
25743,14724,295,2,5398.6
25744,14725,170,1,43452.77
25745,14726,202,2,27095.94
25746,14727,178,1,12052.97
25747,14727,164,4,14868.28
25748,14727,85,1,2621.76
25749,14727,67,2,5273.12
25750,14728,50,1,39701.54
25751,14728,24,2,20100.25
25752,14728,172,1,18584.72
25753,14729,196,1,301.38
25754,14729,253,2,20974.99
25755,14729,277,2,8106.38
25756,14730,227,1,2328.93
25757,14730,225,2,4859.75
25758,14730,240,2,9259.81
25759,14731,154,1,36257.86
25760,14731,102,1,2826.47
25761,14732,133,2,4649.07
25762,14732,189,1,19378.65
25763,14732,183,1,6911.06
25764,14733,170,1,45517.1
25765,14733,259,2,26012.17
25766,14734,27,3,3442.76
25767,14735,196,1,285.98
25768,14735,162,1,40782.41
25769,14736,21,1,20884.45
25770,14737,1,1,474.63
25771,14738,4,2,5679.75
25772,14738,221,3,1313.37
25773,14739,289,1,4550.57
25774,14739,267,1,3034.51
25775,14739,7,3,452.9
25776,14740,267,3,3091.89
25777,14741,187,1,1151.75
25778,14741,98,1,4764.72
25779,14742,62,1,14027.92
25780,14743,184,2,5153.84
25781,14743,51,2,682.08
25782,14743,224,1,4150.25
25783,14744,63,1,1958.72
25784,14744,193,2,18288.93
25785,14745,285,1,343.78
25786,14745,5,1,74851.0
25787,14746,46,3,1491.47
25788,14747,158,1,57597.21
25789,14748,173,1,27143.84
25790,14748,155,1,4890.77
25791,14749,51,3,694.51
25792,14749,243,3,11052.09
25793,14750,99,2,17904.23
25794,14751,242,1,7700.9
25795,14752,268,1,15078.08
25796,14752,198,2,9471.0
25797,14753,245,1,1195.22
25798,14754,47,1,4949.61
25799,14755,81,1,3538.62
25800,14756,168,1,6758.74
25801,14756,127,1,37025.21
25802,14756,266,1,3334.92
25803,14757,287,1,1060.72
25804,14757,49,1,13851.8
25805,14757,287,1,1222.21
25806,14758,258,1,5617.73
25807,14759,83,1,5962.1
25808,14759,25,1,2261.85
25809,14760,115,1,1445.44
25810,14761,289,1,4137.76
25811,14761,7,2,426.55
25812,14762,290,1,2727.44
25813,14763,70,1,2393.93
25814,14764,296,1,2520.3
25815,14764,166,2,54054.13
25816,14765,103,3,1910.14
25817,14766,196,2,306.88
25818,14767,257,1,3784.47
25819,14767,99,1,17619.21
25820,14768,104,3,10757.91
25821,14769,204,1,70075.05
25822,14769,31,3,5216.94
25823,14769,208,3,7644.83
25824,14769,130,1,35684.45
25825,14770,84,1,21075.62
25826,14771,241,1,765.69
25827,14772,186,3,2672.74
25828,14773,8,1,3167.55
25829,14774,288,1,1277.21
25830,14774,133,1,5536.54
25831,14775,1,1,463.09
25832,14775,181,1,13503.76
25833,14776,104,1,11763.3
25834,14776,245,1,1074.54
25835,14777,205,1,8840.43
25836,14778,75,3,36738.93
25837,14778,265,1,8853.11
25838,14778,33,1,1268.11
25839,14779,105,3,10555.29
25840,14780,61,1,4245.56
25841,14781,70,1,2578.62
25842,14781,184,1,5310.88
25843,14781,241,2,674.05
25844,14782,186,1,2846.99
25845,14783,11,1,1028.63
25846,14783,108,2,37984.14
25847,14783,171,2,4016.89
25848,14783,156,2,5684.03
25849,14784,146,1,1122.5
25850,14784,112,1,6085.97
25851,14785,39,1,7339.79
25852,14786,28,1,393.18
25853,14786,3,1,6584.56
25854,14787,27,2,3679.41
25855,14787,227,1,2233.15
25856,14787,153,1,4486.81
25857,14788,249,1,42867.96
25858,14788,279,2,871.74
25859,14788,8,1,3037.31
25860,14789,132,1,15989.44
25861,14790,94,1,1502.93
25862,14790,157,1,4861.36
25863,14790,210,4,15361.67
25864,14791,243,2,11985.43
25865,14792,146,1,996.37
25866,14793,164,1,12670.61
25867,14794,11,1,1080.29
25868,14794,17,1,274.89
25869,14795,109,1,12717.19
25870,14796,113,1,1707.4
25871,14796,134,1,3036.56
25872,14796,7,2,401.38
25873,14797,73,1,423.88
25874,14798,276,1,52946.32
25875,14799,14,1,34068.92
25876,14800,294,2,1160.56
25877,14800,214,1,28556.8
25878,14801,68,3,47864.0
25879,14802,243,1,10328.62
25880,14802,164,1,13816.42
25881,14802,154,1,40979.97
25882,14803,23,2,701.0
25883,14804,181,3,14862.75
25884,14804,67,1,5023.55
25885,14805,99,1,17733.89
25886,14805,27,1,3359.31
25887,14805,230,2,4653.46
25888,14806,2,1,1988.26
25889,14806,184,2,4734.77
25890,14806,196,1,302.95
25891,14807,142,1,11799.04
25892,14807,131,2,3691.61
25893,14808,106,2,36892.16
25894,14809,209,1,2213.46
25895,14810,218,1,2276.91
25896,14811,291,3,8197.53
25897,14811,10,1,61756.09
25898,14811,269,1,7272.58
25899,14812,142,1,12776.41
25900,14813,11,1,1119.99
25901,14813,279,1,900.26
25902,14813,123,1,3820.48
25903,14814,190,3,16887.67
25904,14814,281,1,6468.94
25905,14814,200,1,994.81
25906,14815,289,1,4493.94
25907,14815,89,1,1540.48
25908,14815,218,1,2507.9
25909,14815,32,1,2649.66
25910,14816,76,1,2977.72
25911,14817,66,1,1579.44
25912,14818,130,1,38850.44
25913,14819,26,2,2636.05
25914,14819,85,1,2626.44
25915,14820,15,1,68729.18
25916,14820,77,1,1304.11
25917,14820,17,1,256.85
25918,14821,78,1,3981.0
25919,14821,257,2,3782.42
25920,14821,207,1,14271.42
25921,14822,15,2,68869.8
25922,14823,212,2,8686.1
25923,14823,281,1,6161.08
25924,14823,171,3,3839.46
25925,14824,90,1,17809.84
25926,14824,283,1,1137.93
25927,14824,282,1,996.62
25928,14825,229,1,48682.65
25929,14826,125,2,1299.71
25930,14827,127,1,34996.11
25931,14827,80,1,74203.45
25932,14827,247,1,4679.83
25933,14828,258,2,5218.85
25934,14828,73,2,471.39
25935,14828,127,1,36615.92
25936,14829,125,1,1183.84
25937,14829,235,1,35905.88
25938,14829,16,1,5070.55
25939,14829,122,1,20462.29
25940,14830,275,2,1242.32
25941,14830,165,2,7344.16
25942,14831,83,1,5780.69
25943,14832,285,1,384.68
25944,14832,31,1,5267.98
25945,14832,136,1,542.32
25946,14833,232,2,5952.41
25947,14834,117,1,1846.28
25948,14834,284,2,6270.38
25949,14834,245,1,1230.06
25950,14835,252,2,7333.19
25951,14836,145,1,538.53
25952,14837,97,1,5538.48
25953,14837,218,3,2333.04
25954,14838,300,2,995.46
25955,14839,175,1,5968.32
25956,14840,83,1,5835.59
25957,14841,285,2,370.29
25958,14842,70,1,2226.51
25959,14843,40,1,1502.28
25960,14844,61,1,3980.93
25961,14844,60,1,31816.73
25962,14845,5,1,74024.43
25963,14846,87,1,39621.44
25964,14847,175,4,6570.31
25965,14848,271,3,17272.0
25966,14848,221,1,1393.28
25967,14849,219,1,1355.48
25968,14850,183,3,7497.87
25969,14851,248,1,656.07
25970,14851,160,1,3125.27
25971,14852,235,1,33416.29
25972,14852,193,1,19126.12
25973,14852,45,2,611.05
25974,14852,262,1,5903.36
25975,14853,199,1,1620.47
25976,14854,93,1,4322.87
25977,14855,240,2,8494.99
25978,14856,143,1,1679.8
25979,14856,3,1,7254.42
25980,14856,271,3,16430.0
25981,14857,144,1,5135.28
25982,14857,82,1,4593.6
25983,14858,144,1,5112.18
25984,14858,15,1,64904.56
25985,14859,271,2,17597.36
25986,14860,100,3,7405.62
25987,14861,120,3,3147.45
25988,14861,200,2,1014.59
25989,14861,150,3,1506.87
25990,14861,19,3,9551.1
25991,14862,130,1,35289.34
25992,14863,59,1,6789.85
25993,14864,92,1,60512.09
25994,14864,130,1,36448.96
25995,14864,29,1,35778.5
25996,14864,113,1,1892.93
25997,14865,60,1,31722.01
25998,14866,277,1,8266.12
25999,14867,131,1,3342.87
26000,14868,159,2,45159.82
26001,14868,22,2,3817.34
26002,14868,267,1,3082.92
26003,14869,36,3,2636.04
26004,14869,121,1,66197.28
26005,14869,199,1,1650.46
26006,14869,175,1,5948.14
26007,14870,170,1,41628.94
26008,14870,170,3,41925.76
26009,14871,111,1,6535.93
26010,14871,49,1,13771.89
26011,14871,298,2,246.48
26012,14871,5,1,72710.24
26013,14872,62,2,15313.92
26014,14873,81,1,3581.99
26015,14873,86,1,3967.0
26016,14874,16,1,5272.95
26017,14874,204,1,77985.41
26018,14875,224,1,4172.09
26019,14876,59,2,6078.12
26020,14876,254,2,12123.61
26021,14877,99,1,17945.51
26022,14877,103,1,1864.5
26023,14878,139,2,3343.48
26024,14878,53,1,43483.99
26025,14879,242,1,8018.11
26026,14879,45,2,593.71
26027,14879,253,2,21318.33
26028,14880,153,1,4512.6
26029,14881,68,1,45575.9
26030,14882,133,1,4857.66
26031,14882,239,4,6772.05
26032,14882,284,2,6341.75
26033,14883,103,2,1872.56
26034,14883,273,1,1309.01
26035,14884,159,1,45066.35
26036,14885,285,1,377.86
26037,14885,146,1,1050.31
26038,14886,196,1,316.52
26039,14886,212,3,9156.75
26040,14886,255,1,49226.77
26041,14887,145,1,512.04
26042,14888,243,2,11274.58
26043,14889,58,1,5972.47
26044,14889,90,2,17624.26
26045,14890,9,1,9337.78
26046,14891,185,2,2857.74
26047,14891,150,1,1634.81
26048,14891,152,1,7084.18
26049,14891,137,1,1762.25
26050,14892,171,1,4271.55
26051,14893,181,1,15563.83
26052,14893,132,2,18334.52
26053,14894,264,1,1708.18
26054,14894,75,4,40959.53
26055,14895,151,1,2775.57
26056,14896,239,3,6747.75
26057,14897,209,3,2285.85
26058,14898,47,1,5353.14
26059,14898,193,1,17470.2
26060,14899,82,1,4772.66
26061,14900,150,1,1693.58
26062,14900,245,4,1130.26
26063,14900,128,3,5870.61
26064,14901,270,1,16115.09
26065,14901,168,1,6676.65
26066,14902,281,2,5730.95
26067,14903,192,1,12530.45
26068,14904,287,1,1092.22
26069,14905,88,1,56919.29
26070,14905,44,1,17174.18
26071,14905,293,1,1102.73
26072,14906,162,1,39813.37
26073,14906,275,1,1158.11
26074,14906,54,2,15632.13
26075,14907,267,1,2895.7
26076,14907,146,2,1093.13
26077,14908,30,1,4546.68
26078,14908,222,1,9194.55
26079,14909,167,3,23335.07
26080,14910,293,1,1068.93
26081,14910,197,2,979.88
26082,14911,291,1,7709.35
26083,14911,268,1,14238.4
26084,14911,174,2,7655.29
26085,14912,192,1,14082.02
26086,14913,118,1,5546.5
26087,14913,253,1,20678.73
26088,14913,108,1,39669.27
26089,14914,265,1,9286.98
26090,14915,165,1,7571.43
26091,14916,292,2,956.13
26092,14916,36,3,2645.55
26093,14916,91,2,4364.06
26094,14917,114,2,4998.13
26095,14917,202,2,25633.07
26096,14918,41,1,8600.1
26097,14919,80,2,76721.05
26098,14920,19,1,10053.93
26099,14921,95,3,2353.9
26100,14922,289,2,4720.64
26101,14922,270,2,17700.6
26102,14922,96,2,53504.57
26103,14922,212,3,9328.22
26104,14923,142,2,13663.59
26105,14923,91,1,4860.62
26106,14924,209,3,2017.75
26107,14925,108,1,37222.58
26108,14925,153,2,4557.13
26109,14925,23,2,712.43
26110,14926,270,3,17627.95
26111,14927,266,1,3406.61
26112,14928,273,1,1319.78
26113,14929,121,1,62448.4
26114,14930,84,2,20732.78
26115,14931,166,1,50608.44
26116,14931,129,1,51148.92
26117,14932,100,1,7320.65
26118,14933,61,2,4657.71
26119,14934,108,1,36848.33
26120,14934,280,2,26262.96
26121,14935,217,1,3278.26
26122,14935,19,1,9792.58
26123,14936,75,3,40852.76
26124,14936,242,3,7518.07
26125,14936,92,3,64412.9
26126,14936,250,3,3763.84
26127,14937,223,1,5755.2
26128,14937,264,1,1812.97
26129,14937,284,2,6086.11
26130,14938,195,1,2628.68
26131,14939,248,2,641.52
26132,14940,155,2,5339.0
26133,14940,264,1,1718.01
26134,14941,182,4,48451.69
26135,14942,28,2,445.8
26136,14942,58,1,6434.2
26137,14942,136,1,557.37
26138,14943,53,2,48378.53
26139,14943,57,1,51493.87
26140,14943,238,1,1459.71
26141,14944,15,1,62819.43
26142,14944,164,2,13620.97
26143,14945,227,1,2418.26
26144,14945,280,2,26096.76
26145,14945,123,1,4013.29
26146,14946,81,3,3792.58
26147,14947,212,2,8434.43
26148,14947,85,1,2634.11
26149,14948,33,2,1260.43
26150,14948,154,1,35762.68
26151,14949,87,3,40307.06
26152,14949,24,1,19585.39
26153,14950,192,1,14544.49
26154,14951,223,1,5196.25
26155,14952,282,2,994.5
26156,14953,51,1,742.61
26157,14954,237,1,4994.72
26158,14954,169,1,7413.79
26159,14955,63,1,1963.53
26160,14956,30,1,5099.75
26161,14956,46,1,1663.68
26162,14956,123,1,3604.69
26163,14957,217,3,3344.14
26164,14957,168,1,6603.78
26165,14958,58,1,6609.82
26166,14959,160,1,2860.78
26167,14960,115,1,1455.72
26168,14961,293,2,1187.64
26169,14961,268,1,15141.75
26170,14962,202,1,26002.74
26171,14963,224,1,4387.26
26172,14963,160,3,3030.37
26173,14963,187,1,1124.67
26174,14963,197,2,1027.51
26175,14964,275,2,1235.64
26176,14964,222,2,9079.38
26177,14965,247,1,5364.63
26178,14966,287,3,1151.32
26179,14966,74,1,18514.44
26180,14967,45,1,562.75
26181,14967,266,1,3495.73
26182,14967,215,1,5358.0
26183,14968,40,2,1638.93
26184,14968,4,1,5737.65
26185,14968,116,3,40270.42
26186,14969,2,2,2077.6
26187,14969,220,2,665.82
26188,14969,215,1,5176.74
26189,14970,137,3,1779.48
26190,14970,167,3,22969.79
26191,14970,208,1,7262.95
26192,14971,240,1,8977.65
26193,14972,253,2,22180.06
26194,14972,114,1,4878.13
26195,14973,124,1,5072.38
26196,14973,46,2,1558.62
26197,14974,92,1,55985.72
26198,14974,194,1,6820.32
26199,14974,232,2,6131.59
26200,14975,157,2,4143.83
26201,14975,69,1,5607.85
26202,14975,90,1,16493.81
26203,14976,145,3,579.26
26204,14976,140,1,10251.15
26205,14977,280,1,28891.41
26206,14978,165,1,7734.7
26207,14978,240,1,8142.99
26208,14979,62,1,13114.87
26209,14979,74,1,18193.85
26210,14979,221,2,1345.57
26211,14980,122,1,18796.05
26212,14980,183,1,7686.2
26213,14981,117,3,1777.48
26214,14982,20,2,701.44
26215,14983,109,1,11947.58
26216,14983,151,2,2888.24
26217,14984,175,3,6410.07
26218,14984,81,1,3936.17
26219,14984,136,1,550.65
26220,14984,267,2,2889.0
26221,14985,151,2,2479.08
26222,14986,136,1,577.8
26223,14986,94,1,1596.67
26224,14987,44,1,19208.91
26225,14988,289,1,4630.83
26226,14989,200,1,1105.12
26227,14990,47,2,5182.08
26228,14990,80,2,72924.6
26229,14991,265,3,9064.6
26230,14991,288,1,1183.52
26231,14991,163,1,1915.87
26232,14992,11,2,1018.06
26233,14992,248,1,683.54
26234,14992,40,3,1487.53
26235,14993,190,3,16510.03
26236,14993,298,1,224.39
26237,14994,9,1,8510.55
26238,14994,285,1,381.13
26239,14995,19,1,10344.28
26240,14995,19,1,10257.73
26241,14995,169,1,7460.55
26242,14996,114,1,5123.72
26243,14996,73,1,471.26
26244,14996,283,1,1168.13
26245,14997,115,3,1564.92
26246,14997,82,2,4523.39
26247,14998,231,2,14643.33
26248,14998,258,1,5718.19
26249,14999,197,1,971.56
26250,14999,157,2,4563.25
26251,15000,127,1,34417.75
